sample_id,dataset_source,split_partition,class_label,target_binary,target_multiclass,width,height,size_kb,mean_hue,std_saturation,exg_index,exr_index,glcm_contrast,glcm_homogeneity,laplacian_var
SMP_00000,roboflow_sugarcane,test,HEALTHY,0,0,640,640,32.69,77.48,0.0866,49.77,-11.09,10.57,0.8616,111.73
SMP_00001,roboflow_sugarcane,test,HEALTHY,0,0,640,640,39.85,74.31,0.1372,47.85,-15.73,9.79,0.9052,154.47
SMP_00002,roboflow_sugarcane,test,HEALTHY,0,0,640,640,45.07,78.24,0.1177,45.04,-17.99,9.39,0.8602,102.4
SMP_00003,roboflow_sugarcane,test,HEALTHY,0,0,640,640,44.4,82.62,0.1139,41.51,-19.02,11.21,0.8752,157.5
SMP_00004,roboflow_sugarcane,test,HEALTHY,0,0,640,640,34.35,73.83,0.1091,33.0,-20.38,13.42,0.8526,156.17
SMP_00005,roboflow_sugarcane,test,HEALTHY,0,0,640,640,38.58,73.83,0.1574,39.37,-17.87,16.33,0.9145,118.87
SMP_00006,roboflow_sugarcane,test,HEALTHY,0,0,640,640,42.1,82.9,0.1271,40.64,-20.75,11.99,0.8169,152.15
SMP_00007,roboflow_sugarcane,test,HEALTHY,0,0,640,640,30.32,78.84,0.131,40.21,-16.74,12.7,0.8869,150.99
SMP_00008,roboflow_sugarcane,test,HEALTHY,0,0,640,640,33.86,72.65,0.1233,32.8,-17.83,13.35,0.9377,133.82
SMP_00009,roboflow_sugarcane,test,HEALTHY,0,0,640,640,35.06,77.71,0.1254,44.61,-18.12,10.68,0.8716,165.54
SMP_00010,roboflow_sugarcane,test,HEALTHY,0,0,640,640,25.79,72.68,0.148,34.91,-10.05,12.44,0.8522,113.81
SMP_00011,roboflow_sugarcane,test,HEALTHY,0,0,640,640,45.0,72.67,0.115,51.28,-15.98,17.72,0.8148,178.12
SMP_00012,roboflow_sugarcane,test,HEALTHY,0,0,640,640,52.19,76.21,0.0909,42.89,-15.73,13.47,0.8906,157.38
SMP_00013,roboflow_sugarcane,test,HEALTHY,0,0,640,640,36.42,65.43,0.1374,47.88,-9.87,17.72,0.9075,102.49
SMP_00014,roboflow_sugarcane,test,HEALTHY,0,0,640,640,39.46,66.38,0.1299,47.75,-20.43,12.56,0.9138,157.5
SMP_00015,roboflow_sugarcane,test,HEALTHY,0,0,640,640,40.55,72.19,0.1222,54.47,-16.95,10.95,0.9243,134.4
SMP_00016,roboflow_sugarcane,test,HEALTHY,0,0,640,640,34.21,69.94,0.1294,43.09,-21.2,15.11,0.9031,123.15
SMP_00017,roboflow_sugarcane,test,HEALTHY,0,0,640,640,38.48,76.57,0.1126,39.66,-14.72,15.66,0.8313,163.83
SMP_00018,roboflow_sugarcane,test,HEALTHY,0,0,640,640,42.51,70.46,0.1204,39.78,-12.57,11.26,0.9162,172.24
SMP_00019,roboflow_sugarcane,test,HEALTHY,0,0,640,640,35.94,67.94,0.1174,50.98,-24.7,13.41,0.8546,70.84
SMP_00020,roboflow_sugarcane,test,HEALTHY,0,0,640,640,37.17,82.33,0.1082,34.08,-11.56,12.34,0.8678,139.1
SMP_00021,roboflow_sugarcane,test,HEALTHY,0,0,640,640,38.19,73.87,0.1438,36.73,-13.76,9.05,0.9016,136.79
SMP_00022,roboflow_sugarcane,test,HEALTHY,0,0,640,640,49.06,75.34,0.0918,43.42,-14.85,9.19,0.8902,125.13
SMP_00023,roboflow_sugarcane,test,HEALTHY,0,0,640,640,48.04,67.88,0.1672,41.08,-19.97,11.99,0.8544,146.78
SMP_00024,roboflow_sugarcane,test,HEALTHY,0,0,640,640,64.37,72.28,0.1375,47.81,-11.91,15.38,0.8911,172.51
SMP_00025,roboflow_sugarcane,test,HEALTHY,0,0,640,640,45.08,75.55,0.0844,33.97,-8.27,14.63,0.7984,102.02
SMP_00026,roboflow_sugarcane,test,HEALTHY,0,0,640,640,43.88,69.25,0.1155,41.6,-16.63,10.21,0.9064,118.43
SMP_00027,roboflow_sugarcane,test,HEALTHY,0,0,640,640,47.75,76.88,0.1166,40.88,-16.27,9.69,0.8656,119.04
SMP_00028,roboflow_sugarcane,test,HEALTHY,0,0,640,640,43.39,72.0,0.1278,35.57,-14.91,10.32,0.9395,158.11
SMP_00029,roboflow_sugarcane,test,HEALTHY,0,0,640,640,39.78,73.54,0.1002,47.27,-16.6,10.11,0.87,123.74
SMP_00030,roboflow_sugarcane,test,HEALTHY,0,0,640,640,44.7,71.99,0.1206,41.45,-15.71,10.3,0.9168,163.84
SMP_00031,roboflow_sugarcane,test,HEALTHY,0,0,640,640,48.16,84.26,0.1176,41.2,-10.89,7.44,0.9074,168.51
SMP_00032,roboflow_sugarcane,test,HEALTHY,0,0,640,640,41.8,74.93,0.1052,37.05,-15.27,6.39,0.9037,134.47
SMP_00033,roboflow_sugarcane,test,HEALTHY,0,0,640,640,34.11,69.71,0.1025,39.78,-13.84,6.1,0.904,146.23
SMP_00034,roboflow_sugarcane,test,HEALTHY,0,0,640,640,37.04,79.11,0.1384,35.87,-6.87,8.62,0.8949,136.69
SMP_00035,roboflow_sugarcane,test,HEALTHY,0,0,640,640,42.36,68.9,0.0861,47.18,-9.14,15.42,0.8994,201.88
SMP_00036,roboflow_sugarcane,test,HEALTHY,0,0,640,640,55.13,76.04,0.1296,48.2,-19.19,21.51,0.9023,112.41
SMP_00037,roboflow_sugarcane,test,HEALTHY,0,0,640,640,45.33,65.2,0.136,52.08,-8.02,17.55,0.8721,95.77
SMP_00038,roboflow_sugarcane,test,HEALTHY,0,0,640,640,40.8,68.36,0.1156,44.6,-9.49,13.12,0.8607,62.68
SMP_00039,roboflow_sugarcane,test,HEALTHY,0,0,640,640,68.16,75.98,0.121,39.96,-9.02,10.56,0.8653,147.84
SMP_00040,roboflow_sugarcane,test,HEALTHY,0,0,640,640,34.71,78.69,0.1433,39.19,-17.5,11.42,0.8707,147.83
SMP_00041,roboflow_sugarcane,test,HEALTHY,0,0,640,640,29.17,75.86,0.1059,44.94,-14.15,12.85,0.8861,106.56
SMP_00042,roboflow_sugarcane,test,HEALTHY,0,0,640,640,38.57,74.42,0.108,43.21,-16.57,17.67,0.9028,117.96
SMP_00043,roboflow_sugarcane,test,HEALTHY,0,0,640,640,38.65,73.49,0.1101,40.95,-14.52,10.02,0.8823,170.45
SMP_00044,roboflow_sugarcane,test,HEALTHY,0,0,640,640,35.1,67.61,0.1433,40.43,-7.99,12.51,0.9085,165.4
SMP_00045,roboflow_sugarcane,test,HEALTHY,0,0,640,640,50.94,71.4,0.1458,49.03,-14.44,12.74,0.8804,133.83
SMP_00046,roboflow_sugarcane,test,MOSAIC,2,3,640,640,24.65,58.28,0.1981,25.41,-0.53,22.58,0.5832,126.89
SMP_00047,roboflow_sugarcane,test,MOSAIC,2,3,640,640,21.45,47.83,0.1194,27.44,6.92,18.91,0.6705,125.57
SMP_00048,roboflow_sugarcane,test,MOSAIC,2,3,640,640,27.28,37.62,0.2238,17.51,2.55,27.48,0.7526,151.24
SMP_00049,roboflow_sugarcane,test,MOSAIC,2,3,640,640,30.89,38.78,0.3117,31.04,25.66,30.46,0.6077,151.78
SMP_00050,roboflow_sugarcane,test,MOSAIC,2,3,640,640,29.3,41.78,0.168,12.58,8.1,47.57,0.6449,164.4
SMP_00051,roboflow_sugarcane,test,MOSAIC,2,3,640,640,28.79,26.57,0.1916,21.07,17.57,32.01,0.6776,160.92
SMP_00052,roboflow_sugarcane,test,MOSAIC,2,3,640,640,45.18,35.96,0.194,18.89,16.88,18.86,0.7898,117.44
SMP_00053,roboflow_sugarcane,test,MOSAIC,2,3,640,640,35.44,30.21,0.2493,35.78,8.4,29.5,0.7287,144.15
SMP_00054,roboflow_sugarcane,test,MOSAIC,2,3,640,640,34.9,64.15,0.2203,29.66,4.67,25.48,0.7877,154.97
SMP_00055,roboflow_sugarcane,test,MOSAIC,2,3,640,640,41.98,55.42,0.246,20.26,-2.19,23.31,0.7384,124.82
SMP_00056,roboflow_sugarcane,test,MOSAIC,2,3,640,640,34.19,57.43,0.1747,21.59,0.19,26.14,0.7511,140.29
SMP_00057,roboflow_sugarcane,test,MOSAIC,2,3,640,640,27.7,55.07,0.2217,32.28,11.72,31.37,0.5696,120.86
SMP_00058,roboflow_sugarcane,test,MOSAIC,2,3,640,640,34.96,50.0,0.0316,13.99,7.16,31.01,0.5003,115.01
SMP_00059,roboflow_sugarcane,test,MOSAIC,2,3,640,640,36.93,65.53,0.2334,3.74,-0.14,17.9,0.7423,103.41
SMP_00060,roboflow_sugarcane,test,MOSAIC,2,3,640,640,23.39,40.67,0.1391,12.26,3.34,26.26,0.706,105.84
SMP_00061,roboflow_sugarcane,test,MOSAIC,2,3,640,640,43.89,49.28,0.1836,16.68,7.64,20.03,0.5292,129.02
SMP_00062,roboflow_sugarcane,test,MOSAIC,2,3,640,640,36.83,56.96,0.2373,30.89,5.2,26.97,0.6233,122.04
SMP_00063,roboflow_sugarcane,test,MOSAIC,2,3,640,640,42.24,32.15,0.1232,28.29,3.09,23.36,0.6481,167.44
SMP_00064,roboflow_sugarcane,test,MOSAIC,2,3,640,640,47.86,85.16,0.2545,19.65,4.56,30.92,0.7335,118.95
SMP_00065,roboflow_sugarcane,test,MOSAIC,2,3,640,640,41.76,48.34,0.1938,23.73,-14.32,24.36,0.6857,136.11
SMP_00066,roboflow_sugarcane,test,MOSAIC,2,3,640,640,42.24,49.7,0.2727,14.33,5.15,21.8,0.7391,146.91
SMP_00067,roboflow_sugarcane,test,MOSAIC,2,3,640,640,37.25,63.08,0.1549,36.71,-3.47,26.36,0.5948,115.36
SMP_00068,roboflow_sugarcane,test,MOSAIC,2,3,640,640,36.15,58.98,0.1094,29.7,7.91,25.88,0.5619,129.23
SMP_00069,roboflow_sugarcane,test,MOSAIC,2,3,640,640,38.39,48.46,0.1986,20.43,6.07,25.05,0.5443,59.55
SMP_00070,roboflow_sugarcane,test,MOSAIC,2,3,640,640,41.57,49.56,0.2294,19.41,10.99,23.32,0.7143,172.95
SMP_00071,roboflow_sugarcane,test,MOSAIC,2,3,640,640,35.02,29.95,0.2335,25.61,11.07,11.23,0.6705,149.7
SMP_00072,roboflow_sugarcane,test,MOSAIC,2,3,640,640,42.83,41.32,0.1432,19.54,18.76,37.66,0.6881,224.99
SMP_00073,roboflow_sugarcane,test,MOSAIC,2,3,640,640,42.47,54.21,0.1188,5.43,-10.87,17.94,0.6921,136.92
SMP_00074,roboflow_sugarcane,test,MOSAIC,2,3,640,640,42.4,53.33,0.1844,32.27,3.99,27.45,0.5357,160.25
SMP_00075,roboflow_sugarcane,test,MOSAIC,2,3,640,640,47.58,62.65,0.2258,29.35,-11.32,28.26,0.6732,169.75
SMP_00076,roboflow_sugarcane,test,MOSAIC,2,3,640,640,25.12,46.55,0.2233,22.98,8.93,39.07,0.7513,145.97
SMP_00077,roboflow_sugarcane,test,MOSAIC,2,3,640,640,44.92,31.35,0.2786,16.64,3.66,39.88,0.7561,96.16
SMP_00078,roboflow_sugarcane,test,MOSAIC,2,3,640,640,40.45,60.68,0.1813,20.08,1.23,28.45,0.6306,204.8
SMP_00079,roboflow_sugarcane,test,MOSAIC,2,3,640,640,45.92,65.23,0.1078,-1.15,7.14,19.85,0.6353,134.56
SMP_00080,roboflow_sugarcane,test,MOSAIC,2,3,640,640,36.06,58.78,0.2598,11.14,-3.42,20.04,0.7098,130.08
SMP_00081,roboflow_sugarcane,test,MOSAIC,2,3,640,640,37.32,46.04,0.2098,34.14,19.78,22.27,0.6821,145.21
SMP_00082,roboflow_sugarcane,test,MOSAIC,2,3,640,640,45.55,60.53,0.2141,24.14,3.04,25.83,0.5917,191.07
SMP_00083,roboflow_sugarcane,test,MOSAIC,2,3,640,640,43.53,89.15,0.2384,4.41,5.61,23.21,0.6494,166.49
SMP_00084,roboflow_sugarcane,test,MOSAIC,2,3,640,640,31.65,49.38,0.2632,13.38,3.97,20.18,0.7296,167.62
SMP_00085,roboflow_sugarcane,test,RED ROT,2,2,640,640,36.4,32.26,0.1988,4.6,12.38,26.53,0.6079,134.27
SMP_00086,roboflow_sugarcane,test,RED ROT,2,2,640,640,44.12,40.96,0.2588,13.76,-4.62,20.95,0.8148,186.38
SMP_00087,roboflow_sugarcane,test,RED ROT,2,2,640,640,47.52,55.51,0.2276,18.68,11.63,34.3,0.6781,134.09
SMP_00088,roboflow_sugarcane,test,RED ROT,2,2,640,640,64.6,28.74,0.1672,32.81,0.85,21.0,0.6499,100.12
SMP_00089,roboflow_sugarcane,test,RED ROT,2,2,640,640,42.58,50.03,0.1883,26.28,0.92,21.89,0.7453,138.83
SMP_00090,roboflow_sugarcane,test,RED ROT,2,2,640,640,53.45,52.56,0.2308,17.58,12.04,26.67,0.7042,140.84
SMP_00091,roboflow_sugarcane,test,RED ROT,2,2,640,640,47.55,66.42,0.1646,17.98,2.85,18.16,0.7283,111.48
SMP_00092,roboflow_sugarcane,test,RED ROT,2,2,640,640,51.09,63.72,0.2443,13.6,9.91,23.77,0.5667,123.17
SMP_00093,roboflow_sugarcane,test,RED ROT,2,2,640,640,35.68,58.38,0.2079,28.72,10.06,16.98,0.6918,119.71
SMP_00094,roboflow_sugarcane,test,RED ROT,2,2,640,640,29.04,22.05,0.2191,29.68,2.21,25.64,0.7294,178.31
SMP_00095,roboflow_sugarcane,test,RED ROT,2,2,640,640,52.9,59.05,0.272,9.29,6.86,21.03,0.6932,128.15
SMP_00096,roboflow_sugarcane,test,RED ROT,2,2,640,640,68.13,56.47,0.2178,6.23,1.13,23.03,0.7379,160.48
SMP_00097,roboflow_sugarcane,test,RED ROT,2,2,640,640,59.59,51.07,0.2036,17.45,4.84,26.83,0.7857,163.6
SMP_00098,roboflow_sugarcane,test,RED ROT,2,2,640,640,52.38,27.24,0.1959,18.43,8.79,23.59,0.7334,168.46
SMP_00099,roboflow_sugarcane,test,RED ROT,2,2,640,640,65.83,38.68,0.1933,22.07,-2.65,30.4,0.6838,161.14
SMP_00100,roboflow_sugarcane,test,RED ROT,2,2,640,640,51.75,34.0,0.2156,6.6,8.52,20.06,0.7964,150.49
SMP_00101,roboflow_sugarcane,test,RED ROT,2,2,640,640,60.13,23.82,0.2682,14.28,7.54,23.16,0.7742,69.38
SMP_00102,roboflow_sugarcane,test,RED ROT,2,2,640,640,64.57,47.97,0.1694,19.34,-6.91,24.05,0.751,87.58
SMP_00103,roboflow_sugarcane,test,RED ROT,2,2,640,640,49.55,38.43,0.1656,13.77,-0.97,30.85,0.6462,115.29
SMP_00104,roboflow_sugarcane,test,RED ROT,2,2,640,640,59.79,79.5,0.2643,26.86,-0.53,32.33,0.6209,123.45
SMP_00105,roboflow_sugarcane,test,RED ROT,2,2,640,640,58.3,45.97,0.1717,34.95,1.44,20.17,0.6616,121.21
SMP_00106,roboflow_sugarcane,test,RED ROT,2,2,640,640,51.5,63.53,0.2108,15.69,-2.65,23.58,0.7079,145.74
SMP_00107,roboflow_sugarcane,test,RED ROT,2,2,640,640,58.42,29.17,0.1704,27.11,12.51,14.39,0.6451,145.41
SMP_00108,roboflow_sugarcane,test,RED ROT,2,2,640,640,31.41,41.64,0.116,17.14,13.48,25.99,0.6908,96.0
SMP_00109,roboflow_sugarcane,test,RED ROT,2,2,640,640,44.42,49.16,0.2099,12.56,-1.3,26.27,0.7041,166.31
SMP_00110,roboflow_sugarcane,test,RED ROT,2,2,640,640,43.79,37.1,0.2558,14.3,-4.23,34.5,0.765,150.22
SMP_00111,roboflow_sugarcane,test,RED ROT,2,2,640,640,49.12,42.93,0.1969,26.15,4.89,24.95,0.7995,132.37
SMP_00112,roboflow_sugarcane,test,RED ROT,2,2,640,640,71.33,45.38,0.1259,14.87,15.64,25.27,0.6824,141.83
SMP_00113,roboflow_sugarcane,test,RED ROT,2,2,640,640,49.32,45.19,0.2055,16.43,22.23,23.32,0.6254,176.26
SMP_00114,roboflow_sugarcane,test,RED ROT,2,2,640,640,55.4,70.26,0.1622,10.85,-0.4,29.17,0.7365,144.22
SMP_00115,roboflow_sugarcane,test,RED ROT,2,2,640,640,45.0,52.54,0.069,25.07,-13.2,27.54,0.6346,158.09
SMP_00116,roboflow_sugarcane,test,RED ROT,2,2,640,640,34.83,53.75,0.196,23.67,-6.9,28.58,0.604,100.22
SMP_00117,roboflow_sugarcane,test,RED ROT,2,2,640,640,39.56,54.48,0.2259,31.64,-9.26,38.85,0.7686,137.32
SMP_00118,roboflow_sugarcane,test,RED ROT,2,2,640,640,46.78,55.35,0.2589,24.77,8.33,17.07,0.641,127.29
SMP_00119,roboflow_sugarcane,test,RED ROT,2,2,640,640,40.37,47.01,0.2878,23.3,5.78,9.58,0.7663,123.96
SMP_00120,roboflow_sugarcane,test,RED ROT,2,2,640,640,44.39,44.15,0.2325,24.67,6.74,30.28,0.5953,135.54
SMP_00121,roboflow_sugarcane,test,RED ROT,2,2,640,640,30.18,50.0,0.2467,17.95,14.01,25.72,0.7358,148.83
SMP_00122,roboflow_sugarcane,test,RED ROT,2,2,640,640,78.44,61.88,0.1358,20.88,18.03,22.56,0.8138,147.81
SMP_00123,roboflow_sugarcane,test,RED ROT,2,2,640,640,48.52,61.51,0.2811,27.45,11.74,32.08,0.588,150.87
SMP_00124,roboflow_sugarcane,test,RED ROT,2,2,640,640,75.53,45.12,0.2634,13.44,10.88,27.02,0.7207,69.29
SMP_00125,roboflow_sugarcane,test,RED ROT,2,2,640,640,56.07,57.21,0.1816,33.61,-6.79,23.56,0.6494,151.13
SMP_00126,roboflow_sugarcane,test,RED ROT,2,2,640,640,55.33,45.66,0.2341,25.1,0.93,31.36,0.615,158.21
SMP_00127,roboflow_sugarcane,test,RED ROT,2,2,640,640,65.05,48.41,0.2291,36.17,16.08,30.51,0.8948,106.38
SMP_00128,roboflow_sugarcane,test,RED ROT,2,2,640,640,66.88,42.32,0.2735,10.6,0.6,29.91,0.6041,159.76
SMP_00129,roboflow_sugarcane,test,RED ROT,2,2,640,640,51.13,45.82,0.1924,10.6,13.84,18.37,0.7179,172.42
SMP_00130,roboflow_sugarcane,test,RED ROT,2,2,640,640,54.23,64.1,0.1627,22.98,5.99,21.07,0.6184,146.13
SMP_00131,roboflow_sugarcane,test,RED ROT,2,2,640,640,53.62,49.11,0.1755,20.99,11.27,27.77,0.6898,134.15
SMP_00132,roboflow_sugarcane,test,RED ROT,2,2,640,640,60.95,49.62,0.2448,16.34,-1.97,28.83,0.6871,141.1
SMP_00133,roboflow_sugarcane,test,RED ROT,2,2,640,640,49.92,30.63,0.104,9.85,11.11,34.43,0.7227,111.42
SMP_00134,roboflow_sugarcane,test,RUST,1,1,640,640,44.48,17.02,0.3064,13.2,17.1,43.79,0.5019,128.4
SMP_00135,roboflow_sugarcane,test,RUST,1,1,640,640,44.49,21.52,0.2603,5.77,24.96,27.94,0.5448,150.25
SMP_00136,roboflow_sugarcane,test,RUST,1,1,640,640,41.7,24.19,0.2621,15.35,10.22,44.04,0.5982,183.42
SMP_00137,roboflow_sugarcane,test,RUST,1,1,640,640,40.34,32.77,0.2604,9.22,27.0,27.17,0.5283,165.2
SMP_00138,roboflow_sugarcane,test,RUST,1,1,640,640,50.39,22.26,0.2976,15.03,32.4,36.61,0.5587,84.61
SMP_00139,roboflow_sugarcane,test,RUST,1,1,640,640,42.71,30.44,0.2186,7.0,41.51,44.84,0.4963,111.22
SMP_00140,roboflow_sugarcane,test,RUST,1,1,640,640,68.99,32.57,0.2716,4.33,25.57,47.29,0.5052,124.64
SMP_00141,roboflow_sugarcane,test,RUST,1,1,640,640,37.06,32.61,0.3192,13.22,31.02,43.66,0.4674,154.46
SMP_00142,roboflow_sugarcane,test,RUST,1,1,640,640,48.59,25.71,0.2302,5.19,25.15,34.05,0.5288,142.65
SMP_00143,roboflow_sugarcane,test,RUST,1,1,640,640,45.47,12.22,0.2869,14.43,36.34,33.8,0.5403,226.49
SMP_00144,roboflow_sugarcane,test,RUST,1,1,640,640,55.72,26.76,0.2547,10.89,22.04,37.0,0.5468,160.73
SMP_00145,roboflow_sugarcane,test,RUST,1,1,640,640,54.75,30.29,0.2639,15.32,27.31,38.38,0.5042,154.88
SMP_00146,roboflow_sugarcane,test,RUST,1,1,640,640,54.3,23.51,0.3462,3.12,29.23,44.13,0.5686,158.26
SMP_00147,roboflow_sugarcane,test,RUST,1,1,640,640,50.75,34.47,0.214,12.78,27.72,37.55,0.5372,146.76
SMP_00148,roboflow_sugarcane,test,RUST,1,1,640,640,49.68,29.16,0.3106,4.29,19.6,34.77,0.4991,176.29
SMP_00149,roboflow_sugarcane,test,RUST,1,1,640,640,62.52,27.41,0.2609,-3.98,15.38,35.49,0.5561,134.46
SMP_00150,roboflow_sugarcane,test,RUST,1,1,640,640,51.15,30.52,0.2589,12.48,32.15,45.95,0.5539,107.47
SMP_00151,roboflow_sugarcane,test,RUST,1,1,640,640,48.18,26.0,0.2355,7.97,26.76,38.39,0.5414,154.55
SMP_00152,roboflow_sugarcane,test,RUST,1,1,640,640,47.59,9.04,0.3102,12.81,25.53,48.67,0.6155,172.84
SMP_00153,roboflow_sugarcane,test,RUST,1,1,640,640,50.53,21.01,0.2723,8.46,31.24,44.66,0.5725,146.11
SMP_00154,roboflow_sugarcane,test,RUST,1,1,640,640,54.77,31.18,0.2673,8.11,30.92,34.34,0.7078,130.95
SMP_00155,roboflow_sugarcane,test,RUST,1,1,640,640,50.67,19.15,0.2844,15.49,27.51,34.86,0.5234,218.5
SMP_00156,roboflow_sugarcane,test,RUST,1,1,640,640,49.1,22.66,0.2732,8.59,29.45,37.24,0.5541,104.38
SMP_00157,roboflow_sugarcane,test,RUST,1,1,640,640,46.9,17.73,0.2,5.62,21.32,37.04,0.4804,141.04
SMP_00158,roboflow_sugarcane,test,RUST,1,1,640,640,46.71,34.7,0.2604,7.56,28.74,46.09,0.5201,161.99
SMP_00159,roboflow_sugarcane,test,RUST,1,1,640,640,44.76,34.09,0.3158,8.79,14.01,34.22,0.4362,137.69
SMP_00160,roboflow_sugarcane,test,RUST,1,1,640,640,59.33,18.7,0.2197,-6.22,25.14,38.78,0.5788,143.98
SMP_00161,roboflow_sugarcane,test,RUST,1,1,640,640,46.46,24.88,0.2364,10.46,30.23,40.35,0.6065,132.34
SMP_00162,roboflow_sugarcane,test,RUST,1,1,640,640,52.87,19.92,0.2629,14.79,19.97,42.94,0.5333,159.24
SMP_00163,roboflow_sugarcane,test,RUST,1,1,640,640,73.05,27.69,0.251,7.76,26.0,41.31,0.4503,147.82
SMP_00164,roboflow_sugarcane,test,RUST,1,1,640,640,56.95,27.06,0.2789,5.9,27.11,40.77,0.6785,151.49
SMP_00165,roboflow_sugarcane,test,RUST,1,1,640,640,53.06,28.87,0.2363,9.94,18.77,34.66,0.5236,121.0
SMP_00166,roboflow_sugarcane,test,RUST,1,1,640,640,44.62,25.99,0.2645,16.72,32.9,35.34,0.5211,155.45
SMP_00167,roboflow_sugarcane,test,RUST,1,1,640,640,46.64,41.61,0.2781,10.35,27.24,39.74,0.5958,90.92
SMP_00168,roboflow_sugarcane,test,RUST,1,1,640,640,46.34,17.83,0.306,9.07,13.27,36.68,0.4912,159.12
SMP_00169,roboflow_sugarcane,test,RUST,1,1,640,640,57.76,13.74,0.3298,6.05,25.63,31.47,0.5065,220.02
SMP_00170,roboflow_sugarcane,test,RUST,1,1,640,640,41.16,21.64,0.2695,2.65,35.18,34.92,0.5907,155.22
SMP_00171,roboflow_sugarcane,test,RUST,1,1,640,640,58.49,14.59,0.3555,8.12,24.97,39.2,0.6276,140.37
SMP_00172,roboflow_sugarcane,test,RUST,1,1,640,640,45.12,15.05,0.2726,8.21,20.45,46.32,0.5343,159.45
SMP_00173,roboflow_sugarcane,test,RUST,1,1,640,640,56.86,17.99,0.3132,-1.66,21.19,31.41,0.4643,143.25
SMP_00174,roboflow_sugarcane,test,RUST,1,1,640,640,45.61,18.47,0.3573,4.37,23.88,30.29,0.606,191.28
SMP_00175,roboflow_sugarcane,test,RUST,1,1,640,640,50.87,18.27,0.2856,13.79,16.51,43.32,0.409,177.93
SMP_00176,roboflow_sugarcane,test,RUST,1,1,640,640,55.58,27.11,0.2251,6.71,34.82,35.14,0.5793,135.38
SMP_00177,roboflow_sugarcane,test,RUST,1,1,640,640,55.26,20.96,0.2836,-4.28,31.47,32.07,0.4696,112.89
SMP_00178,roboflow_sugarcane,test,RUST,1,1,640,640,41.82,22.92,0.2555,16.01,32.54,37.87,0.528,147.45
SMP_00179,roboflow_sugarcane,test,RUST,1,1,640,640,43.8,29.37,0.269,3.54,14.48,31.71,0.5683,147.42
SMP_00180,roboflow_sugarcane,test,RUST,1,1,640,640,49.58,19.4,0.3594,5.65,25.9,53.43,0.4914,153.29
SMP_00181,roboflow_sugarcane,test,RUST,1,1,640,640,56.78,22.41,0.2311,13.31,32.55,32.58,0.5226,173.9
SMP_00182,roboflow_sugarcane,test,RUST,1,1,640,640,49.74,26.19,0.292,4.29,18.37,39.33,0.5235,195.91
SMP_00183,roboflow_sugarcane,test,RUST,1,1,640,640,41.33,12.35,0.2449,-1.85,24.49,41.63,0.5429,130.01
SMP_00184,roboflow_sugarcane,test,RUST,1,1,640,640,57.95,9.69,0.2677,9.09,17.3,44.64,0.56,100.01
SMP_00185,roboflow_sugarcane,test,YELLOW LEAF,2,4,640,640,76.15,63.35,0.1897,17.9,-3.1,28.99,0.725,110.72
SMP_00186,roboflow_sugarcane,test,YELLOW LEAF,2,4,640,640,48.53,48.66,0.191,16.19,-5.03,26.23,0.5602,120.56
SMP_00187,roboflow_sugarcane,test,YELLOW LEAF,2,4,640,640,56.81,53.22,0.2257,19.16,2.8,32.22,0.6643,173.15
SMP_00188,roboflow_sugarcane,test,YELLOW LEAF,2,4,640,640,39.52,38.06,0.1614,10.75,1.44,26.74,0.6644,86.39
SMP_00189,roboflow_sugarcane,test,YELLOW LEAF,2,4,640,640,24.21,38.94,0.1412,6.66,-7.66,21.29,0.7212,144.91
SMP_00190,roboflow_sugarcane,test,YELLOW LEAF,2,4,640,640,42.26,53.87,0.1108,16.53,-4.02,24.36,0.6895,104.44
SMP_00191,roboflow_sugarcane,test,YELLOW LEAF,2,4,640,640,37.71,76.62,0.2616,12.32,-23.75,27.45,0.7401,135.25
SMP_00192,roboflow_sugarcane,test,YELLOW LEAF,2,4,640,640,27.58,60.04,0.1814,34.17,-5.81,31.14,0.601,126.22
SMP_00193,roboflow_sugarcane,test,YELLOW LEAF,2,4,640,640,33.95,63.19,0.2285,16.35,-0.28,27.97,0.6308,88.18
SMP_00194,roboflow_sugarcane,test,YELLOW LEAF,2,4,640,640,48.46,45.7,0.1757,23.65,16.92,18.64,0.7378,158.81
SMP_00195,roboflow_sugarcane,test,YELLOW LEAF,2,4,640,640,31.5,40.8,0.1419,14.97,10.7,31.07,0.7304,112.01
SMP_00196,roboflow_sugarcane,test,YELLOW LEAF,2,4,640,640,36.46,38.63,0.2326,34.26,7.59,23.8,0.6371,148.76
SMP_00197,roboflow_sugarcane,test,YELLOW LEAF,2,4,640,640,36.83,42.14,0.2164,18.45,22.32,29.15,0.6654,196.86
SMP_00198,roboflow_sugarcane,test,YELLOW LEAF,2,4,640,640,39.66,23.37,0.1882,10.05,-9.34,16.55,0.6442,112.05
SMP_00199,roboflow_sugarcane,test,YELLOW LEAF,2,4,640,640,41.38,39.3,0.2151,25.36,4.46,29.47,0.558,158.08
SMP_00200,roboflow_sugarcane,test,YELLOW LEAF,2,4,640,640,70.58,41.28,0.152,22.08,21.28,31.82,0.6925,119.18
SMP_00201,roboflow_sugarcane,test,YELLOW LEAF,2,4,640,640,39.36,45.9,0.253,29.62,0.94,22.93,0.5938,93.96
SMP_00202,roboflow_sugarcane,test,YELLOW LEAF,2,4,640,640,34.79,49.58,0.2646,18.77,-1.62,28.42,0.6677,189.13
SMP_00203,roboflow_sugarcane,test,YELLOW LEAF,2,4,640,640,37.91,52.35,0.238,20.86,11.54,27.19,0.6321,146.09
SMP_00204,roboflow_sugarcane,test,YELLOW LEAF,2,4,640,640,33.64,47.82,0.1814,7.94,0.55,21.76,0.6588,152.06
SMP_00205,roboflow_sugarcane,test,YELLOW LEAF,2,4,640,640,35.84,41.02,0.203,26.68,15.07,31.72,0.8125,98.5
SMP_00206,roboflow_sugarcane,test,YELLOW LEAF,2,4,640,640,27.58,24.44,0.2784,20.5,11.65,24.73,0.5533,119.47
SMP_00207,roboflow_sugarcane,test,YELLOW LEAF,2,4,640,640,45.09,41.1,0.2641,19.01,3.48,23.66,0.8321,126.77
SMP_00208,roboflow_sugarcane,test,YELLOW LEAF,2,4,640,640,42.54,36.33,0.2997,18.17,12.84,29.6,0.6773,138.96
SMP_00209,roboflow_sugarcane,test,YELLOW LEAF,2,4,640,640,35.12,53.59,0.161,17.74,3.12,27.22,0.7247,166.52
SMP_00210,roboflow_sugarcane,test,YELLOW LEAF,2,4,640,640,24.23,58.91,0.1565,26.79,6.06,30.04,0.5743,154.95
SMP_00211,roboflow_sugarcane,test,YELLOW LEAF,2,4,640,640,57.87,59.26,0.2067,12.6,9.68,26.94,0.7613,127.42
SMP_00212,roboflow_sugarcane,test,YELLOW LEAF,2,4,640,640,35.88,57.08,0.2203,25.95,1.88,28.5,0.6752,116.99
SMP_00213,roboflow_sugarcane,test,YELLOW LEAF,2,4,640,640,32.23,46.4,0.1929,7.16,17.08,25.6,0.6424,129.02
SMP_00214,roboflow_sugarcane,test,YELLOW LEAF,2,4,640,640,55.93,41.74,0.1805,4.67,5.56,22.03,0.6361,135.75
SMP_00215,roboflow_sugarcane,test,YELLOW LEAF,2,4,640,640,29.08,39.03,0.2634,31.29,7.32,21.72,0.5373,126.35
SMP_00216,roboflow_sugarcane,test,YELLOW LEAF,2,4,640,640,34.02,29.91,0.1955,11.82,-5.53,22.0,0.6098,133.97
SMP_00217,roboflow_sugarcane,test,YELLOW LEAF,2,4,640,640,52.88,59.9,0.1392,20.85,-0.16,22.92,0.6135,175.39
SMP_00218,roboflow_sugarcane,test,YELLOW LEAF,2,4,640,640,34.6,45.9,0.145,17.86,6.3,44.45,0.6087,124.39
SMP_00219,roboflow_sugarcane,test,YELLOW LEAF,2,4,640,640,29.24,33.04,0.2124,22.75,11.95,29.29,0.7481,114.36
SMP_00220,roboflow_sugarcane,test,YELLOW LEAF,2,4,640,640,35.19,38.08,0.3501,20.41,16.3,21.73,0.7038,151.42
SMP_00221,roboflow_sugarcane,test,YELLOW LEAF,2,4,640,640,33.81,37.6,0.1512,28.34,-3.49,32.11,0.7753,117.96
SMP_00222,roboflow_sugarcane,test,YELLOW LEAF,2,4,640,640,32.83,48.52,0.1843,8.57,-1.61,37.28,0.5663,133.93
SMP_00223,roboflow_sugarcane,test,YELLOW LEAF,2,4,640,640,31.46,60.81,0.3202,25.37,-4.84,22.89,0.6172,102.18
SMP_00224,roboflow_sugarcane,test,YELLOW LEAF,2,4,640,640,47.34,43.82,0.1758,19.59,8.95,23.25,0.7009,143.63
SMP_00225,roboflow_sugarcane,test,YELLOW LEAF,2,4,640,640,48.45,20.97,0.2228,7.74,16.31,15.21,0.6329,132.94
SMP_00226,roboflow_sugarcane,test,YELLOW LEAF,2,4,640,640,49.12,45.73,0.2938,15.76,3.74,24.32,0.635,113.95
SMP_00227,roboflow_sugarcane,train,HEALTHY,0,0,640,640,68.98,69.61,0.1062,49.53,-19.63,12.23,0.9119,124.43
SMP_00228,roboflow_sugarcane,train,HEALTHY,0,0,640,640,58.92,71.42,0.1298,49.03,-14.27,10.52,0.9121,131.81
SMP_00229,roboflow_sugarcane,train,HEALTHY,0,0,640,640,51.17,78.4,0.1392,40.87,-11.78,11.6,0.8795,196.95
SMP_00230,roboflow_sugarcane,train,HEALTHY,0,0,640,640,62.47,71.35,0.126,41.94,-6.74,15.03,0.918,126.87
SMP_00231,roboflow_sugarcane,train,HEALTHY,0,0,640,640,38.87,76.08,0.1548,51.25,-16.82,8.5,0.8507,196.45
SMP_00232,roboflow_sugarcane,train,HEALTHY,0,0,640,640,35.64,75.23,0.1135,48.35,-11.61,14.35,0.9598,149.84
SMP_00233,roboflow_sugarcane,train,HEALTHY,0,0,640,640,50.65,71.74,0.1147,49.35,-11.94,13.65,0.8791,106.18
SMP_00234,roboflow_sugarcane,train,HEALTHY,0,0,640,640,36.57,85.72,0.1246,57.51,-16.91,15.7,0.8828,147.12
SMP_00235,roboflow_sugarcane,train,HEALTHY,0,0,640,640,22.65,78.17,0.1293,45.28,-12.12,7.32,0.844,148.94
SMP_00236,roboflow_sugarcane,train,HEALTHY,0,0,640,640,38.14,64.87,0.1246,43.95,-18.27,13.97,0.8659,174.62
SMP_00237,roboflow_sugarcane,train,HEALTHY,0,0,640,640,77.2,75.93,0.0943,50.15,-13.97,13.13,0.9013,132.51
SMP_00238,roboflow_sugarcane,train,HEALTHY,0,0,640,640,65.14,71.69,0.1263,53.93,-15.85,12.37,0.8955,173.53
SMP_00239,roboflow_sugarcane,train,HEALTHY,0,0,640,640,27.8,79.26,0.1125,38.33,-13.23,16.11,0.837,169.12
SMP_00240,roboflow_sugarcane,train,HEALTHY,0,0,640,640,37.04,71.04,0.1084,40.79,-12.91,7.23,0.8893,106.58
SMP_00241,roboflow_sugarcane,train,HEALTHY,0,0,640,640,78.67,74.43,0.1206,35.89,-17.11,12.81,0.8299,108.46
SMP_00242,roboflow_sugarcane,train,HEALTHY,0,0,640,640,30.77,77.52,0.1008,44.06,-15.04,15.06,0.9169,89.21
SMP_00243,roboflow_sugarcane,train,HEALTHY,0,0,640,640,44.77,79.33,0.0973,47.34,-15.51,8.44,0.9173,168.47
SMP_00244,roboflow_sugarcane,train,HEALTHY,0,0,640,640,52.83,69.0,0.0677,36.31,-19.36,13.99,0.8491,102.06
SMP_00245,roboflow_sugarcane,train,HEALTHY,0,0,640,640,74.97,73.33,0.1549,48.8,-16.48,13.31,0.8864,176.39
SMP_00246,roboflow_sugarcane,train,HEALTHY,0,0,640,640,44.25,72.63,0.1311,39.28,-17.32,7.18,0.8376,181.97
SMP_00247,roboflow_sugarcane,train,HEALTHY,0,0,640,640,66.05,71.73,0.1177,38.79,-19.51,15.24,0.8666,206.27
SMP_00248,roboflow_sugarcane,train,HEALTHY,0,0,640,640,38.78,83.83,0.1067,48.78,-18.22,10.27,0.8875,159.57
SMP_00249,roboflow_sugarcane,train,HEALTHY,0,0,640,640,55.15,77.02,0.0625,38.25,-16.03,16.45,0.8831,164.1
SMP_00250,roboflow_sugarcane,train,HEALTHY,0,0,640,640,43.14,68.7,0.1054,33.58,-14.78,13.94,0.8893,139.79
SMP_00251,roboflow_sugarcane,train,HEALTHY,0,0,640,640,42.11,79.59,0.1343,46.46,-19.97,13.25,0.8854,96.34
SMP_00252,roboflow_sugarcane,train,HEALTHY,0,0,640,640,54.17,85.61,0.1388,41.21,-10.2,15.03,0.8909,106.34
SMP_00253,roboflow_sugarcane,train,HEALTHY,0,0,640,640,67.2,80.16,0.1328,49.19,-12.55,14.74,0.8613,125.07
SMP_00254,roboflow_sugarcane,train,HEALTHY,0,0,640,640,68.14,67.4,0.1232,47.0,-15.34,7.6,0.8746,158.68
SMP_00255,roboflow_sugarcane,train,HEALTHY,0,0,640,640,49.39,72.58,0.1461,31.51,-19.88,8.24,0.8812,127.43
SMP_00256,roboflow_sugarcane,train,HEALTHY,0,0,640,640,41.46,81.33,0.1134,49.89,-15.85,12.14,0.8747,124.34
SMP_00257,roboflow_sugarcane,train,HEALTHY,0,0,640,640,35.14,71.46,0.1417,53.4,-16.09,9.81,0.9612,192.93
SMP_00258,roboflow_sugarcane,train,HEALTHY,0,0,640,640,76.61,77.22,0.1123,48.2,-19.32,16.65,0.8828,119.72
SMP_00259,roboflow_sugarcane,train,HEALTHY,0,0,640,640,75.8,78.87,0.1024,48.44,-19.65,10.02,0.8386,106.09
SMP_00260,roboflow_sugarcane,train,HEALTHY,0,0,640,640,62.05,70.37,0.0999,40.51,-11.93,12.73,0.8474,170.33
SMP_00261,roboflow_sugarcane,train,HEALTHY,0,0,640,640,20.43,74.7,0.0987,39.14,-16.3,13.96,0.8874,170.49
SMP_00262,roboflow_sugarcane,train,HEALTHY,0,0,640,640,48.78,58.79,0.1332,43.27,-11.46,18.61,0.8764,171.75
SMP_00263,roboflow_sugarcane,train,HEALTHY,0,0,640,640,24.89,69.88,0.1051,47.52,-15.05,15.37,0.8747,122.72
SMP_00264,roboflow_sugarcane,train,HEALTHY,0,0,640,640,32.69,73.74,0.0993,47.37,-11.99,10.85,0.8332,123.61
SMP_00265,roboflow_sugarcane,train,HEALTHY,0,0,640,640,27.85,68.76,0.1343,39.37,-12.13,13.81,0.8389,185.71
SMP_00266,roboflow_sugarcane,train,HEALTHY,0,0,640,640,70.52,83.16,0.1266,38.77,-13.13,14.25,0.8464,131.48
SMP_00267,roboflow_sugarcane,train,HEALTHY,0,0,640,640,38.66,67.85,0.1393,33.06,-10.27,14.05,0.8506,146.86
SMP_00268,roboflow_sugarcane,train,HEALTHY,0,0,640,640,66.44,72.8,0.1303,45.88,-14.6,10.05,0.8399,187.09
SMP_00269,roboflow_sugarcane,train,HEALTHY,0,0,640,640,59.04,75.65,0.1049,39.66,-20.98,17.58,0.901,120.52
SMP_00270,roboflow_sugarcane,train,HEALTHY,0,0,640,640,74.05,82.21,0.1215,40.19,-20.34,9.44,0.8852,121.98
SMP_00271,roboflow_sugarcane,train,HEALTHY,0,0,640,640,37.06,67.82,0.1225,52.37,-17.61,14.2,0.9056,132.27
SMP_00272,roboflow_sugarcane,train,HEALTHY,0,0,640,640,49.31,80.82,0.1016,45.59,-12.03,10.29,0.9202,150.9
SMP_00273,roboflow_sugarcane,train,HEALTHY,0,0,640,640,49.58,75.05,0.0979,43.94,-16.6,13.48,0.8872,106.61
SMP_00274,roboflow_sugarcane,train,HEALTHY,0,0,640,640,62.54,70.09,0.1064,46.98,-14.18,12.01,0.8565,105.41
SMP_00275,roboflow_sugarcane,train,HEALTHY,0,0,640,640,22.3,77.31,0.1607,50.52,-12.86,9.24,0.904,126.73
SMP_00276,roboflow_sugarcane,train,HEALTHY,0,0,640,640,75.0,76.0,0.1117,32.3,-14.34,6.31,0.8398,162.12
SMP_00277,roboflow_sugarcane,train,HEALTHY,0,0,640,640,21.72,72.0,0.1447,38.61,-24.16,14.71,0.8634,153.61
SMP_00278,roboflow_sugarcane,train,HEALTHY,0,0,640,640,64.54,75.35,0.1106,40.61,-19.75,11.1,0.8732,130.97
SMP_00279,roboflow_sugarcane,train,HEALTHY,0,0,640,640,86.83,73.07,0.1378,36.13,-7.94,12.85,0.8856,158.07
SMP_00280,roboflow_sugarcane,train,HEALTHY,0,0,640,640,36.75,75.57,0.138,40.41,-13.7,17.0,0.9155,105.31
SMP_00281,roboflow_sugarcane,train,HEALTHY,0,0,640,640,85.21,78.31,0.1391,32.69,-25.8,14.06,0.8536,143.67
SMP_00282,roboflow_sugarcane,train,HEALTHY,0,0,640,640,45.28,82.93,0.1278,47.53,-14.72,5.25,0.8395,140.43
SMP_00283,roboflow_sugarcane,train,HEALTHY,0,0,640,640,76.54,68.81,0.1475,38.89,-7.79,9.44,0.9261,181.22
SMP_00284,roboflow_sugarcane,train,HEALTHY,0,0,640,640,48.23,85.67,0.1276,43.21,-13.9,7.9,0.9103,152.39
SMP_00285,roboflow_sugarcane,train,HEALTHY,0,0,640,640,63.71,65.24,0.1543,42.31,-14.82,10.42,0.9702,81.26
SMP_00286,roboflow_sugarcane,train,HEALTHY,0,0,640,640,49.11,74.24,0.0876,45.34,-22.31,11.82,0.8339,103.14
SMP_00287,roboflow_sugarcane,train,HEALTHY,0,0,640,640,81.33,77.94,0.127,27.23,-16.08,18.89,0.8846,153.17
SMP_00288,roboflow_sugarcane,train,HEALTHY,0,0,640,640,37.2,76.4,0.1257,44.7,-21.57,15.02,0.8362,82.55
SMP_00289,roboflow_sugarcane,train,HEALTHY,0,0,640,640,79.62,71.89,0.1013,40.35,-19.89,13.39,0.9294,139.89
SMP_00290,roboflow_sugarcane,train,HEALTHY,0,0,640,640,67.76,73.96,0.1316,44.44,-20.8,13.61,0.8242,125.26
SMP_00291,roboflow_sugarcane,train,HEALTHY,0,0,640,640,39.11,72.53,0.0902,34.92,-8.04,13.69,0.8513,139.41
SMP_00292,roboflow_sugarcane,train,HEALTHY,0,0,640,640,78.87,72.05,0.1069,44.48,-12.09,8.12,0.8889,121.78
SMP_00293,roboflow_sugarcane,train,HEALTHY,0,0,640,640,36.28,79.25,0.08,49.79,-9.4,8.98,0.8842,167.63
SMP_00294,roboflow_sugarcane,train,HEALTHY,0,0,640,640,78.8,76.79,0.1512,43.14,-20.29,13.64,0.8789,129.95
SMP_00295,roboflow_sugarcane,train,HEALTHY,0,0,640,640,68.09,71.54,0.1154,37.7,-14.24,12.51,0.8936,155.14
SMP_00296,roboflow_sugarcane,train,HEALTHY,0,0,640,640,66.04,79.5,0.1633,37.96,-19.03,13.26,0.9116,154.45
SMP_00297,roboflow_sugarcane,train,HEALTHY,0,0,640,640,45.83,76.54,0.1361,45.46,-18.6,16.51,0.8928,104.25
SMP_00298,roboflow_sugarcane,train,HEALTHY,0,0,640,640,41.03,79.06,0.129,45.42,-13.12,10.77,0.8679,149.34
SMP_00299,roboflow_sugarcane,train,HEALTHY,0,0,640,640,51.17,78.15,0.1083,44.14,-14.28,11.58,0.855,123.91
SMP_00300,roboflow_sugarcane,train,HEALTHY,0,0,640,640,78.53,70.86,0.0991,41.77,-13.86,13.12,0.889,153.38
SMP_00301,roboflow_sugarcane,train,HEALTHY,0,0,640,640,76.04,72.2,0.1305,43.22,-20.02,8.24,0.8935,108.82
SMP_00302,roboflow_sugarcane,train,HEALTHY,0,0,640,640,39.64,78.74,0.1186,41.61,-14.49,8.82,0.8981,131.43
SMP_00303,roboflow_sugarcane,train,HEALTHY,0,0,640,640,74.2,78.05,0.0932,39.71,-13.61,15.91,0.8709,153.18
SMP_00304,roboflow_sugarcane,train,HEALTHY,0,0,640,640,53.15,74.9,0.0897,46.54,-17.7,11.76,0.8285,150.79
SMP_00305,roboflow_sugarcane,train,HEALTHY,0,0,640,640,41.51,75.59,0.1008,43.86,-16.09,11.27,0.8988,113.28
SMP_00306,roboflow_sugarcane,train,HEALTHY,0,0,640,640,56.24,81.39,0.1564,49.74,-21.58,13.1,0.8646,149.65
SMP_00307,roboflow_sugarcane,train,HEALTHY,0,0,640,640,49.71,72.04,0.1643,48.7,-23.62,8.33,0.8846,153.28
SMP_00308,roboflow_sugarcane,train,HEALTHY,0,0,640,640,50.58,77.74,0.1241,43.66,-6.97,11.73,0.8821,98.63
SMP_00309,roboflow_sugarcane,train,HEALTHY,0,0,640,640,30.81,73.99,0.123,45.57,-14.18,11.06,0.8396,90.12
SMP_00310,roboflow_sugarcane,train,HEALTHY,0,0,640,640,33.19,73.91,0.1133,36.26,-16.44,13.42,0.8792,158.68
SMP_00311,roboflow_sugarcane,train,HEALTHY,0,0,640,640,55.66,80.49,0.1013,41.53,-11.81,7.22,0.8902,105.68
SMP_00312,roboflow_sugarcane,train,HEALTHY,0,0,640,640,29.76,79.13,0.1475,44.06,-18.48,10.5,0.9043,143.54
SMP_00313,roboflow_sugarcane,train,HEALTHY,0,0,640,640,41.22,79.07,0.1575,32.5,-14.56,11.35,0.8235,135.93
SMP_00314,roboflow_sugarcane,train,HEALTHY,0,0,640,640,77.16,81.53,0.1021,44.58,-10.57,11.29,0.8337,125.86
SMP_00315,roboflow_sugarcane,train,HEALTHY,0,0,640,640,50.43,75.11,0.1183,36.24,-19.41,15.13,0.863,187.88
SMP_00316,roboflow_sugarcane,train,HEALTHY,0,0,640,640,37.41,78.41,0.111,36.9,-16.97,10.53,0.8706,109.77
SMP_00317,roboflow_sugarcane,train,HEALTHY,0,0,640,640,38.4,73.45,0.1116,38.82,-20.52,20.19,0.8298,116.17
SMP_00318,roboflow_sugarcane,train,HEALTHY,0,0,640,640,34.29,76.62,0.1437,41.82,-11.66,14.37,0.8605,160.26
SMP_00319,roboflow_sugarcane,train,HEALTHY,0,0,640,640,71.97,74.35,0.0938,34.03,-14.18,11.28,0.8412,150.89
SMP_00320,roboflow_sugarcane,train,HEALTHY,0,0,640,640,40.15,75.48,0.1293,47.14,-10.31,14.01,0.8455,144.85
SMP_00321,roboflow_sugarcane,train,HEALTHY,0,0,640,640,62.43,77.98,0.1346,43.06,-11.63,14.32,0.8813,149.63
SMP_00322,roboflow_sugarcane,train,HEALTHY,0,0,640,640,45.23,70.91,0.1172,53.55,-16.05,11.72,0.8629,123.66
SMP_00323,roboflow_sugarcane,train,HEALTHY,0,0,640,640,50.9,85.46,0.1379,43.8,-13.36,15.38,0.844,109.16
SMP_00324,roboflow_sugarcane,train,HEALTHY,0,0,640,640,75.91,69.97,0.123,45.42,-13.31,10.06,0.9029,188.43
SMP_00325,roboflow_sugarcane,train,HEALTHY,0,0,640,640,47.92,68.93,0.1443,36.88,-12.07,13.97,0.857,106.85
SMP_00326,roboflow_sugarcane,train,HEALTHY,0,0,640,640,47.87,80.79,0.0896,34.91,-9.13,12.24,0.9206,81.3
SMP_00327,roboflow_sugarcane,train,HEALTHY,0,0,640,640,60.31,78.96,0.113,45.71,-19.36,13.22,0.8249,119.33
SMP_00328,roboflow_sugarcane,train,HEALTHY,0,0,640,640,82.68,78.12,0.1186,35.44,-22.51,13.07,0.8993,165.88
SMP_00329,roboflow_sugarcane,train,HEALTHY,0,0,640,640,86.32,78.14,0.0666,45.85,-19.2,12.55,0.8789,81.21
SMP_00330,roboflow_sugarcane,train,HEALTHY,0,0,640,640,44.84,74.94,0.0983,52.24,-13.11,17.44,0.8708,115.55
SMP_00331,roboflow_sugarcane,train,HEALTHY,0,0,640,640,74.07,70.51,0.1037,47.67,-13.34,11.04,0.8729,168.74
SMP_00332,roboflow_sugarcane,train,HEALTHY,0,0,640,640,32.08,75.38,0.139,45.42,-17.28,10.53,0.8786,102.83
SMP_00333,roboflow_sugarcane,train,HEALTHY,0,0,640,640,47.08,71.61,0.1059,43.62,-16.09,12.28,0.8844,146.36
SMP_00334,roboflow_sugarcane,train,HEALTHY,0,0,640,640,32.98,79.88,0.1036,39.7,-18.34,15.76,0.9182,140.77
SMP_00335,roboflow_sugarcane,train,HEALTHY,0,0,640,640,38.17,74.26,0.1363,41.31,-15.43,12.6,0.8755,142.57
SMP_00336,roboflow_sugarcane,train,HEALTHY,0,0,640,640,72.01,70.87,0.0876,38.61,-17.77,12.32,0.9165,159.96
SMP_00337,roboflow_sugarcane,train,HEALTHY,0,0,640,640,33.53,73.39,0.0786,34.11,-8.45,11.11,0.8706,102.8
SMP_00338,roboflow_sugarcane,train,HEALTHY,0,0,640,640,84.82,77.06,0.1128,42.21,-9.71,11.28,0.8824,169.07
SMP_00339,roboflow_sugarcane,train,HEALTHY,0,0,640,640,39.55,72.18,0.091,48.65,-12.1,15.17,0.873,104.8
SMP_00340,roboflow_sugarcane,train,HEALTHY,0,0,640,640,62.28,70.89,0.0918,34.27,-14.88,12.34,0.8275,126.78
SMP_00341,roboflow_sugarcane,train,HEALTHY,0,0,640,640,55.26,76.22,0.1315,50.39,-10.44,13.14,0.8559,130.5
SMP_00342,roboflow_sugarcane,train,HEALTHY,0,0,640,640,31.07,76.22,0.1375,49.3,-14.61,10.75,0.927,153.27
SMP_00343,roboflow_sugarcane,train,HEALTHY,0,0,640,640,78.35,72.47,0.1358,44.38,-14.36,14.44,0.8541,94.33
SMP_00344,roboflow_sugarcane,train,HEALTHY,0,0,640,640,41.09,72.64,0.1422,44.43,-21.91,15.56,0.9038,189.37
SMP_00345,roboflow_sugarcane,train,HEALTHY,0,0,640,640,40.55,76.16,0.1448,40.88,-13.96,10.18,0.8149,132.35
SMP_00346,roboflow_sugarcane,train,HEALTHY,0,0,640,640,55.54,67.76,0.0774,42.25,-20.16,10.24,0.8679,164.83
SMP_00347,roboflow_sugarcane,train,HEALTHY,0,0,640,640,58.33,67.96,0.129,39.22,-16.61,10.39,0.8928,104.25
SMP_00348,roboflow_sugarcane,train,HEALTHY,0,0,640,640,89.38,71.41,0.1094,42.19,-14.32,15.09,0.8782,125.84
SMP_00349,roboflow_sugarcane,train,HEALTHY,0,0,640,640,80.02,73.93,0.1051,42.84,-18.59,10.1,0.8911,73.71
SMP_00350,roboflow_sugarcane,train,HEALTHY,0,0,640,640,56.99,76.55,0.1312,53.29,-13.09,11.64,0.8051,166.23
SMP_00351,roboflow_sugarcane,train,HEALTHY,0,0,640,640,69.19,82.38,0.0854,45.39,-10.79,10.04,0.8491,110.68
SMP_00352,roboflow_sugarcane,train,HEALTHY,0,0,640,640,37.5,79.29,0.085,40.74,-18.54,16.73,0.8611,105.91
SMP_00353,roboflow_sugarcane,train,HEALTHY,0,0,640,640,37.46,74.2,0.1327,41.41,-14.53,11.17,0.8494,156.97
SMP_00354,roboflow_sugarcane,train,HEALTHY,0,0,640,640,41.8,74.9,0.1298,37.72,-19.99,16.66,0.8762,46.89
SMP_00355,roboflow_sugarcane,train,HEALTHY,0,0,640,640,59.82,69.99,0.1227,38.71,-19.67,12.43,0.8255,134.49
SMP_00356,roboflow_sugarcane,train,HEALTHY,0,0,640,640,42.84,74.91,0.1024,47.46,-13.76,11.27,0.8697,194.33
SMP_00357,roboflow_sugarcane,train,HEALTHY,0,0,640,640,63.13,73.56,0.1349,39.04,-12.15,14.5,0.9381,111.07
SMP_00358,roboflow_sugarcane,train,HEALTHY,0,0,640,640,81.46,76.61,0.1336,38.29,-21.04,12.4,0.8689,114.91
SMP_00359,roboflow_sugarcane,train,HEALTHY,0,0,640,640,55.47,70.86,0.1217,38.44,-6.81,16.03,0.8307,169.0
SMP_00360,roboflow_sugarcane,train,HEALTHY,0,0,640,640,64.19,77.6,0.0965,37.62,-16.99,11.96,0.9101,105.57
SMP_00361,roboflow_sugarcane,train,HEALTHY,0,0,640,640,38.27,82.66,0.1115,48.76,-14.17,11.37,0.8621,183.48
SMP_00362,roboflow_sugarcane,train,HEALTHY,0,0,640,640,86.51,74.46,0.1368,42.86,-17.14,11.36,0.8334,174.5
SMP_00363,roboflow_sugarcane,train,HEALTHY,0,0,640,640,43.29,77.01,0.1465,40.31,-16.14,15.61,0.8739,156.45
SMP_00364,roboflow_sugarcane,train,HEALTHY,0,0,640,640,83.75,78.45,0.1135,42.18,-8.93,13.13,0.8634,112.67
SMP_00365,roboflow_sugarcane,train,HEALTHY,0,0,640,640,41.56,72.99,0.115,43.3,-8.98,10.66,0.8834,137.89
SMP_00366,roboflow_sugarcane,train,HEALTHY,0,0,640,640,33.68,76.12,0.1168,37.52,-21.6,8.91,0.8807,132.45
SMP_00367,roboflow_sugarcane,train,HEALTHY,0,0,640,640,60.75,75.06,0.1255,33.66,-17.25,13.03,0.8953,143.86
SMP_00368,roboflow_sugarcane,train,HEALTHY,0,0,640,640,49.3,75.49,0.1084,50.03,-3.2,10.15,0.8845,150.29
SMP_00369,roboflow_sugarcane,train,HEALTHY,0,0,640,640,52.06,71.13,0.0621,47.93,-16.73,8.08,0.9478,125.11
SMP_00370,roboflow_sugarcane,train,HEALTHY,0,0,640,640,86.0,75.12,0.1439,44.27,-13.31,15.22,0.8593,125.55
SMP_00371,roboflow_sugarcane,train,HEALTHY,0,0,640,640,52.8,77.49,0.1559,47.52,-10.45,9.42,0.8388,162.79
SMP_00372,roboflow_sugarcane,train,HEALTHY,0,0,640,640,52.86,82.26,0.1078,53.49,-11.59,8.03,0.8517,210.73
SMP_00373,roboflow_sugarcane,train,HEALTHY,0,0,640,640,60.23,79.8,0.0987,38.79,-26.27,12.16,0.9137,104.58
SMP_00374,roboflow_sugarcane,train,HEALTHY,0,0,640,640,72.57,85.77,0.1173,35.28,-13.66,11.75,0.8292,163.98
SMP_00375,roboflow_sugarcane,train,HEALTHY,0,0,640,640,38.33,71.16,0.1162,45.97,-8.0,10.32,0.9083,156.63
SMP_00376,roboflow_sugarcane,train,HEALTHY,0,0,640,640,56.76,79.36,0.1399,33.2,-14.88,13.05,0.9439,155.2
SMP_00377,roboflow_sugarcane,train,HEALTHY,0,0,640,640,56.03,75.92,0.1211,42.23,-19.16,11.76,0.921,148.25
SMP_00378,roboflow_sugarcane,train,HEALTHY,0,0,640,640,82.57,85.95,0.1041,40.21,-19.09,18.0,0.8665,125.2
SMP_00379,roboflow_sugarcane,train,HEALTHY,0,0,640,640,89.82,70.96,0.0936,46.04,-15.8,12.02,0.8997,146.13
SMP_00380,roboflow_sugarcane,train,HEALTHY,0,0,640,640,74.91,70.8,0.1373,39.11,-12.3,9.32,0.9063,132.66
SMP_00381,roboflow_sugarcane,train,HEALTHY,0,0,640,640,79.45,72.0,0.132,49.2,-3.44,13.25,0.8668,158.22
SMP_00382,roboflow_sugarcane,train,HEALTHY,0,0,640,640,54.3,64.38,0.1412,37.52,-16.16,13.46,0.8471,154.85
SMP_00383,roboflow_sugarcane,train,HEALTHY,0,0,640,640,46.91,72.37,0.1006,46.23,-12.75,11.66,0.8779,68.63
SMP_00384,roboflow_sugarcane,train,HEALTHY,0,0,640,640,73.24,71.2,0.1568,38.0,-21.18,8.34,0.9064,146.97
SMP_00385,roboflow_sugarcane,train,HEALTHY,0,0,640,640,37.72,75.75,0.0851,45.29,-21.74,16.37,0.9198,147.71
SMP_00386,roboflow_sugarcane,train,HEALTHY,0,0,640,640,77.53,76.71,0.1342,35.91,-16.99,9.34,0.8827,173.18
SMP_00387,roboflow_sugarcane,train,HEALTHY,0,0,640,640,34.63,84.38,0.0818,41.86,-13.22,14.71,0.8735,140.98
SMP_00388,roboflow_sugarcane,train,HEALTHY,0,0,640,640,60.1,79.75,0.1042,49.93,-15.35,15.58,0.8763,128.81
SMP_00389,roboflow_sugarcane,train,HEALTHY,0,0,640,640,68.91,72.12,0.1512,42.69,-14.79,11.73,0.9375,169.46
SMP_00390,roboflow_sugarcane,train,HEALTHY,0,0,640,640,82.42,70.51,0.1366,49.1,-16.1,14.7,0.8856,119.28
SMP_00391,roboflow_sugarcane,train,HEALTHY,0,0,640,640,56.18,77.46,0.1091,41.84,-15.11,14.92,0.9014,95.35
SMP_00392,roboflow_sugarcane,train,HEALTHY,0,0,640,640,52.79,68.4,0.1096,38.97,-16.18,9.82,0.9146,159.76
SMP_00393,roboflow_sugarcane,train,HEALTHY,0,0,640,640,44.93,84.16,0.122,43.03,-20.4,16.18,0.8722,180.07
SMP_00394,roboflow_sugarcane,train,HEALTHY,0,0,640,640,71.55,80.9,0.1303,45.71,-20.97,13.32,0.8607,130.74
SMP_00395,roboflow_sugarcane,train,HEALTHY,0,0,640,640,80.06,72.65,0.145,30.57,-9.56,7.09,0.8857,119.12
SMP_00396,roboflow_sugarcane,train,HEALTHY,0,0,640,640,84.84,66.43,0.1109,45.13,-18.29,13.0,0.8568,177.9
SMP_00397,roboflow_sugarcane,train,HEALTHY,0,0,640,640,32.76,81.77,0.0878,36.36,-15.96,11.1,0.8647,156.03
SMP_00398,roboflow_sugarcane,train,HEALTHY,0,0,640,640,66.59,74.43,0.1231,34.87,-10.24,13.61,0.818,133.14
SMP_00399,roboflow_sugarcane,train,HEALTHY,0,0,640,640,51.2,81.19,0.1109,45.23,-16.08,10.9,0.9106,148.6
SMP_00400,roboflow_sugarcane,train,HEALTHY,0,0,640,640,38.84,67.03,0.094,50.03,-11.49,10.92,0.8534,111.13
SMP_00401,roboflow_sugarcane,train,HEALTHY,0,0,640,640,70.37,72.0,0.126,43.3,-18.55,9.91,0.9167,151.3
SMP_00402,roboflow_sugarcane,train,HEALTHY,0,0,640,640,41.86,75.03,0.1157,33.87,-8.78,13.06,0.8513,81.59
SMP_00403,roboflow_sugarcane,train,HEALTHY,0,0,640,640,62.11,75.23,0.1261,37.98,-14.09,13.8,0.8391,115.41
SMP_00404,roboflow_sugarcane,train,HEALTHY,0,0,640,640,88.4,72.75,0.1021,39.49,-15.11,12.49,0.828,136.93
SMP_00405,roboflow_sugarcane,train,HEALTHY,0,0,640,640,43.78,78.11,0.1297,43.18,-15.66,11.76,0.8132,145.64
SMP_00406,roboflow_sugarcane,train,HEALTHY,0,0,640,640,65.9,69.66,0.0937,41.57,-11.94,12.74,0.9266,129.39
SMP_00407,roboflow_sugarcane,train,HEALTHY,0,0,640,640,67.84,74.29,0.1034,44.97,-14.06,15.14,0.9032,170.49
SMP_00408,roboflow_sugarcane,train,HEALTHY,0,0,640,640,47.93,75.6,0.1151,48.0,-27.79,9.9,0.8851,146.29
SMP_00409,roboflow_sugarcane,train,HEALTHY,0,0,640,640,65.41,77.57,0.1548,44.07,-16.79,9.16,0.9216,127.05
SMP_00410,roboflow_sugarcane,train,HEALTHY,0,0,640,640,49.73,78.56,0.1357,47.39,-13.71,9.5,0.8527,134.72
SMP_00411,roboflow_sugarcane,train,HEALTHY,0,0,640,640,84.98,69.38,0.1415,40.38,-18.87,8.4,0.8498,160.97
SMP_00412,roboflow_sugarcane,train,HEALTHY,0,0,640,640,55.75,67.33,0.1483,61.78,-17.02,9.97,0.8846,152.73
SMP_00413,roboflow_sugarcane,train,HEALTHY,0,0,640,640,35.23,81.39,0.1921,45.32,-16.55,15.35,0.8633,131.32
SMP_00414,roboflow_sugarcane,train,HEALTHY,0,0,640,640,51.96,76.66,0.1208,46.1,-8.62,8.25,0.9172,184.76
SMP_00415,roboflow_sugarcane,train,HEALTHY,0,0,640,640,69.2,71.26,0.1484,52.55,-12.61,11.87,0.9724,113.42
SMP_00416,roboflow_sugarcane,train,HEALTHY,0,0,640,640,86.57,82.76,0.1403,42.53,-13.68,14.17,0.913,187.03
SMP_00417,roboflow_sugarcane,train,HEALTHY,0,0,640,640,69.52,75.58,0.1399,38.13,-19.66,12.53,0.8897,98.33
SMP_00418,roboflow_sugarcane,train,HEALTHY,0,0,640,640,61.2,80.9,0.1555,49.84,-17.74,14.68,0.8817,103.99
SMP_00419,roboflow_sugarcane,train,HEALTHY,0,0,640,640,62.71,75.34,0.1116,50.19,-11.6,11.05,0.9298,107.38
SMP_00420,roboflow_sugarcane,train,HEALTHY,0,0,640,640,50.6,85.3,0.11,42.92,-12.36,11.27,0.8823,176.88
SMP_00421,roboflow_sugarcane,train,HEALTHY,0,0,640,640,79.33,83.78,0.1264,52.56,-20.68,11.53,0.8972,124.09
SMP_00422,roboflow_sugarcane,train,HEALTHY,0,0,640,640,57.97,73.76,0.1163,41.5,-9.4,13.88,0.8501,132.29
SMP_00423,roboflow_sugarcane,train,HEALTHY,0,0,640,640,76.02,79.86,0.1264,47.59,-18.44,19.33,0.8648,99.78
SMP_00424,roboflow_sugarcane,train,HEALTHY,0,0,640,640,51.94,78.23,0.1513,51.09,-13.57,12.48,0.895,125.56
SMP_00425,roboflow_sugarcane,train,HEALTHY,0,0,640,640,56.37,81.84,0.1104,42.59,-4.07,11.91,0.9156,133.85
SMP_00426,roboflow_sugarcane,train,HEALTHY,0,0,640,640,79.61,70.18,0.1139,44.74,-16.67,10.09,0.8743,159.25
SMP_00427,roboflow_sugarcane,train,HEALTHY,0,0,640,640,92.06,78.43,0.1235,48.16,-14.33,16.85,0.8945,152.32
SMP_00428,roboflow_sugarcane,train,HEALTHY,0,0,640,640,56.69,80.29,0.1154,39.8,-17.24,11.53,0.8494,121.18
SMP_00429,roboflow_sugarcane,train,HEALTHY,0,0,640,640,81.3,66.21,0.0817,37.12,-14.3,10.96,0.8927,101.07
SMP_00430,roboflow_sugarcane,train,HEALTHY,0,0,640,640,80.19,69.08,0.1084,50.0,-9.3,11.98,0.913,134.0
SMP_00431,roboflow_sugarcane,train,HEALTHY,0,0,640,640,52.93,64.8,0.1337,43.84,-15.78,17.06,0.8815,195.23
SMP_00432,roboflow_sugarcane,train,HEALTHY,0,0,640,640,82.57,73.65,0.1488,38.97,-16.18,11.1,0.8755,150.96
SMP_00433,roboflow_sugarcane,train,HEALTHY,0,0,640,640,80.37,78.59,0.0969,42.56,-10.59,12.44,0.8663,108.27
SMP_00434,roboflow_sugarcane,train,HEALTHY,0,0,640,640,37.09,82.51,0.0968,45.05,-20.05,6.21,0.8664,94.29
SMP_00435,roboflow_sugarcane,train,HEALTHY,0,0,640,640,64.33,75.37,0.1206,32.58,-14.67,14.95,0.9207,111.49
SMP_00436,roboflow_sugarcane,train,HEALTHY,0,0,640,640,46.08,83.14,0.0785,46.3,-17.91,11.78,0.8638,131.69
SMP_00437,roboflow_sugarcane,train,HEALTHY,0,0,640,640,48.42,68.1,0.1111,44.45,-15.95,14.78,0.8791,177.23
SMP_00438,roboflow_sugarcane,train,HEALTHY,0,0,640,640,41.78,66.48,0.0853,51.93,-18.55,14.08,0.8521,61.23
SMP_00439,roboflow_sugarcane,train,HEALTHY,0,0,640,640,60.26,74.72,0.1474,40.69,-20.72,12.9,0.8786,149.66
SMP_00440,roboflow_sugarcane,train,HEALTHY,0,0,640,640,63.6,76.92,0.1046,50.26,-23.83,11.38,0.9099,112.15
SMP_00441,roboflow_sugarcane,train,HEALTHY,0,0,640,640,43.17,74.84,0.1531,41.73,-16.81,12.66,0.8464,161.69
SMP_00442,roboflow_sugarcane,train,HEALTHY,0,0,640,640,33.97,64.66,0.1423,42.84,-14.09,9.15,0.8514,147.64
SMP_00443,roboflow_sugarcane,train,HEALTHY,0,0,640,640,33.49,74.55,0.1071,43.69,-11.75,13.06,0.9251,204.42
SMP_00444,roboflow_sugarcane,train,HEALTHY,0,0,640,640,75.48,68.48,0.0986,54.56,-20.34,13.88,0.864,145.43
SMP_00445,roboflow_sugarcane,train,HEALTHY,0,0,640,640,82.55,78.35,0.1161,34.56,-14.39,12.7,0.9055,189.39
SMP_00446,roboflow_sugarcane,train,HEALTHY,0,0,640,640,67.4,76.83,0.1179,44.97,-12.76,12.59,0.8657,115.74
SMP_00447,roboflow_sugarcane,train,HEALTHY,0,0,640,640,74.03,70.3,0.1269,42.25,-13.56,10.98,0.8572,132.6
SMP_00448,roboflow_sugarcane,train,HEALTHY,0,0,640,640,68.91,72.43,0.1045,41.83,-13.97,12.1,0.9475,82.35
SMP_00449,roboflow_sugarcane,train,HEALTHY,0,0,640,640,46.93,69.7,0.1349,45.5,-23.65,9.76,0.8741,145.66
SMP_00450,roboflow_sugarcane,train,HEALTHY,0,0,640,640,61.31,74.69,0.1253,48.64,-15.48,11.14,0.9,133.49
SMP_00451,roboflow_sugarcane,train,HEALTHY,0,0,640,640,38.3,79.78,0.1132,45.19,-15.33,17.66,0.8764,153.05
SMP_00452,roboflow_sugarcane,train,HEALTHY,0,0,640,640,43.37,70.07,0.1058,49.41,-12.82,12.72,0.8744,135.86
SMP_00453,roboflow_sugarcane,train,HEALTHY,0,0,640,640,66.53,77.52,0.1163,40.49,-9.45,13.71,0.9178,183.85
SMP_00454,roboflow_sugarcane,train,HEALTHY,0,0,640,640,70.13,72.35,0.1037,41.71,-16.04,12.43,0.8688,134.03
SMP_00455,roboflow_sugarcane,train,HEALTHY,0,0,640,640,51.69,71.04,0.1212,35.99,-16.38,12.66,0.8512,157.1
SMP_00456,roboflow_sugarcane,train,HEALTHY,0,0,640,640,47.68,74.46,0.1217,53.9,-14.48,12.84,0.8716,189.78
SMP_00457,roboflow_sugarcane,train,HEALTHY,0,0,640,640,46.93,69.82,0.1252,40.88,-14.91,11.9,0.8817,193.81
SMP_00458,roboflow_sugarcane,train,HEALTHY,0,0,640,640,69.03,72.23,0.1553,40.22,-13.27,13.98,0.8658,153.38
SMP_00459,roboflow_sugarcane,train,HEALTHY,0,0,640,640,79.2,69.01,0.1174,45.64,-12.88,10.71,0.8605,145.84
SMP_00460,roboflow_sugarcane,train,HEALTHY,0,0,640,640,52.68,84.82,0.1401,48.64,-15.7,8.79,0.8422,153.49
SMP_00461,roboflow_sugarcane,train,HEALTHY,0,0,640,640,50.75,75.18,0.1246,37.85,-13.0,12.99,0.864,189.8
SMP_00462,roboflow_sugarcane,train,HEALTHY,0,0,640,640,39.19,71.5,0.1152,49.12,-15.88,15.3,0.8364,143.77
SMP_00463,roboflow_sugarcane,train,HEALTHY,0,0,640,640,69.44,76.07,0.1176,40.18,-20.8,10.88,0.8509,145.89
SMP_00464,roboflow_sugarcane,train,HEALTHY,0,0,640,640,36.52,74.44,0.1188,50.58,-19.62,14.46,0.9035,115.64
SMP_00465,roboflow_sugarcane,train,HEALTHY,0,0,640,640,84.33,73.9,0.1256,38.75,-24.34,14.18,0.9118,118.34
SMP_00466,roboflow_sugarcane,train,HEALTHY,0,0,640,640,79.88,78.07,0.1008,46.41,-8.35,16.4,0.8812,158.74
SMP_00467,roboflow_sugarcane,train,HEALTHY,0,0,640,640,54.19,78.79,0.0907,42.26,-9.86,17.16,0.8348,114.04
SMP_00468,roboflow_sugarcane,train,HEALTHY,0,0,640,640,34.82,72.35,0.1331,35.24,-10.86,13.95,0.8656,150.34
SMP_00469,roboflow_sugarcane,train,HEALTHY,0,0,640,640,72.53,72.12,0.138,33.5,-15.87,12.2,0.9143,132.91
SMP_00470,roboflow_sugarcane,train,HEALTHY,0,0,640,640,76.11,73.62,0.1349,37.54,-11.09,8.46,0.8936,122.42
SMP_00471,roboflow_sugarcane,train,HEALTHY,0,0,640,640,31.48,63.49,0.1231,47.96,-11.41,14.94,0.8446,115.32
SMP_00472,roboflow_sugarcane,train,HEALTHY,0,0,640,640,39.92,67.42,0.1353,30.34,-20.82,15.33,0.9042,213.1
SMP_00473,roboflow_sugarcane,train,HEALTHY,0,0,640,640,52.03,81.83,0.1343,44.0,-18.14,11.86,0.8687,157.34
SMP_00474,roboflow_sugarcane,train,HEALTHY,0,0,640,640,84.01,83.22,0.1358,43.48,-12.85,13.38,0.8612,100.5
SMP_00475,roboflow_sugarcane,train,HEALTHY,0,0,640,640,72.86,73.75,0.1028,31.91,-16.96,9.93,0.8898,216.28
SMP_00476,roboflow_sugarcane,train,HEALTHY,0,0,640,640,70.68,77.88,0.0981,37.22,-17.83,11.0,0.8772,145.88
SMP_00477,roboflow_sugarcane,train,HEALTHY,0,0,640,640,53.78,76.56,0.1122,37.21,-11.71,9.2,0.9326,119.5
SMP_00478,roboflow_sugarcane,train,HEALTHY,0,0,640,640,40.11,90.39,0.1197,42.32,-18.31,13.17,0.9011,134.78
SMP_00479,roboflow_sugarcane,train,HEALTHY,0,0,640,640,37.18,80.6,0.1152,50.8,-5.07,11.5,0.8778,188.97
SMP_00480,roboflow_sugarcane,train,HEALTHY,0,0,640,640,39.36,74.36,0.0825,48.45,-8.62,15.62,0.8989,119.46
SMP_00481,roboflow_sugarcane,train,HEALTHY,0,0,640,640,39.15,70.22,0.1544,39.84,-15.85,13.09,0.853,128.29
SMP_00482,roboflow_sugarcane,train,HEALTHY,0,0,640,640,39.84,66.97,0.1145,37.02,-10.0,13.38,0.9267,157.66
SMP_00483,roboflow_sugarcane,train,HEALTHY,0,0,640,640,49.6,76.02,0.1235,32.65,-14.25,12.53,0.8916,134.09
SMP_00484,roboflow_sugarcane,train,HEALTHY,0,0,640,640,58.28,71.22,0.1449,39.73,-16.66,16.45,0.9482,182.36
SMP_00485,roboflow_sugarcane,train,HEALTHY,0,0,640,640,66.78,67.89,0.0731,36.61,-7.09,16.13,0.8581,118.33
SMP_00486,roboflow_sugarcane,train,HEALTHY,0,0,640,640,79.51,71.77,0.1098,41.78,-13.44,12.07,0.8183,121.03
SMP_00487,roboflow_sugarcane,train,HEALTHY,0,0,640,640,32.09,69.59,0.1123,42.01,-18.58,13.25,0.8731,129.57
SMP_00488,roboflow_sugarcane,train,HEALTHY,0,0,640,640,38.51,83.44,0.1133,39.15,-13.16,16.04,0.8156,132.75
SMP_00489,roboflow_sugarcane,train,HEALTHY,0,0,640,640,64.69,79.41,0.1165,39.27,-8.29,9.56,0.9491,151.69
SMP_00490,roboflow_sugarcane,train,HEALTHY,0,0,640,640,74.81,74.96,0.1489,37.84,-14.99,13.25,0.8781,135.52
SMP_00491,roboflow_sugarcane,train,HEALTHY,0,0,640,640,33.74,82.4,0.1335,38.93,-14.16,11.62,0.8409,119.12
SMP_00492,roboflow_sugarcane,train,HEALTHY,0,0,640,640,37.06,75.39,0.1392,50.62,-16.2,16.18,0.8621,155.83
SMP_00493,roboflow_sugarcane,train,HEALTHY,0,0,640,640,73.19,70.69,0.1209,45.11,-13.59,13.83,0.8311,117.93
SMP_00494,roboflow_sugarcane,train,HEALTHY,0,0,640,640,33.44,82.62,0.092,45.19,-18.91,8.16,0.8517,165.9
SMP_00495,roboflow_sugarcane,train,HEALTHY,0,0,640,640,55.69,77.69,0.0784,48.07,-18.18,11.46,0.9297,83.45
SMP_00496,roboflow_sugarcane,train,HEALTHY,0,0,640,640,77.05,69.81,0.0894,47.54,-16.37,16.01,0.895,148.96
SMP_00497,roboflow_sugarcane,train,HEALTHY,0,0,640,640,69.5,74.05,0.1272,50.55,-14.33,14.73,0.8974,139.38
SMP_00498,roboflow_sugarcane,train,HEALTHY,0,0,640,640,68.44,70.62,0.1206,45.53,-10.55,9.89,0.8897,152.84
SMP_00499,roboflow_sugarcane,train,HEALTHY,0,0,640,640,36.5,68.09,0.1158,43.23,-15.59,10.05,0.8805,155.92
SMP_00500,roboflow_sugarcane,train,HEALTHY,0,0,640,640,67.52,79.63,0.1126,38.46,-11.69,12.7,0.8364,142.37
SMP_00501,roboflow_sugarcane,train,HEALTHY,0,0,640,640,37.96,84.55,0.1602,37.06,-16.76,12.36,0.8887,203.25
SMP_00502,roboflow_sugarcane,train,HEALTHY,0,0,640,640,71.29,68.01,0.1035,47.29,-12.65,11.86,0.95,160.79
SMP_00503,roboflow_sugarcane,train,HEALTHY,0,0,640,640,35.3,77.81,0.1386,41.33,-10.2,11.49,0.9087,195.87
SMP_00504,roboflow_sugarcane,train,HEALTHY,0,0,640,640,78.7,71.75,0.12,33.84,-15.46,11.03,0.8913,150.36
SMP_00505,roboflow_sugarcane,train,HEALTHY,0,0,640,640,62.41,72.56,0.1188,29.44,-13.59,18.14,0.8729,123.11
SMP_00506,roboflow_sugarcane,train,HEALTHY,0,0,640,640,38.59,72.04,0.1435,54.89,-17.35,11.59,0.8573,78.66
SMP_00507,roboflow_sugarcane,train,HEALTHY,0,0,640,640,75.86,70.68,0.1493,36.08,-12.65,10.85,0.982,152.66
SMP_00508,roboflow_sugarcane,train,HEALTHY,0,0,640,640,70.38,75.24,0.1152,37.88,-26.21,13.76,0.9035,160.64
SMP_00509,roboflow_sugarcane,train,HEALTHY,0,0,640,640,38.26,70.85,0.136,49.37,-21.5,12.25,0.881,103.1
SMP_00510,roboflow_sugarcane,train,HEALTHY,0,0,640,640,52.34,76.35,0.1273,34.75,-12.71,10.2,0.8734,142.3
SMP_00511,roboflow_sugarcane,train,HEALTHY,0,0,640,640,49.2,74.75,0.1201,45.19,-21.54,11.87,0.8537,98.93
SMP_00512,roboflow_sugarcane,train,HEALTHY,0,0,640,640,41.7,73.81,0.1241,52.93,-16.96,12.35,0.9267,165.78
SMP_00513,roboflow_sugarcane,train,HEALTHY,0,0,640,640,86.49,70.46,0.1062,54.68,-9.39,13.58,0.8877,161.92
SMP_00514,roboflow_sugarcane,train,HEALTHY,0,0,640,640,85.46,72.12,0.1139,39.32,-11.54,13.28,0.8977,86.62
SMP_00515,roboflow_sugarcane,train,HEALTHY,0,0,640,640,43.65,78.78,0.1084,41.93,-5.42,9.96,0.8436,96.84
SMP_00516,roboflow_sugarcane,train,HEALTHY,0,0,640,640,42.79,77.5,0.138,39.62,-14.7,14.02,0.8961,79.24
SMP_00517,roboflow_sugarcane,train,HEALTHY,0,0,640,640,45.47,70.11,0.1181,41.89,-15.33,14.73,0.8792,151.98
SMP_00518,roboflow_sugarcane,train,HEALTHY,0,0,640,640,39.13,75.5,0.094,49.79,-14.96,9.81,0.8913,152.2
SMP_00519,roboflow_sugarcane,train,HEALTHY,0,0,640,640,57.65,78.76,0.1055,33.6,-18.7,10.56,0.8709,167.26
SMP_00520,roboflow_sugarcane,train,HEALTHY,0,0,640,640,66.91,66.65,0.056,45.89,-15.85,12.06,0.8767,108.45
SMP_00521,roboflow_sugarcane,train,HEALTHY,0,0,640,640,57.27,77.72,0.1101,40.83,-20.04,13.05,0.8951,127.55
SMP_00522,roboflow_sugarcane,train,HEALTHY,0,0,640,640,41.06,71.69,0.1208,50.21,-10.31,13.14,0.8518,117.71
SMP_00523,roboflow_sugarcane,train,HEALTHY,0,0,640,640,68.93,77.85,0.1173,49.89,-12.05,12.39,0.8504,113.78
SMP_00524,roboflow_sugarcane,train,HEALTHY,0,0,640,640,40.92,71.18,0.1596,39.56,-19.64,8.92,0.8271,112.56
SMP_00525,roboflow_sugarcane,train,HEALTHY,0,0,640,640,44.11,65.98,0.1315,41.34,-17.66,15.03,0.8841,102.24
SMP_00526,roboflow_sugarcane,train,HEALTHY,0,0,640,640,86.64,66.86,0.1306,47.36,-13.44,10.02,0.8928,153.3
SMP_00527,roboflow_sugarcane,train,HEALTHY,0,0,640,640,36.23,75.24,0.0871,47.9,-13.92,15.88,0.8507,184.45
SMP_00528,roboflow_sugarcane,train,HEALTHY,0,0,640,640,75.65,76.3,0.1127,27.17,-19.2,15.42,0.8417,167.97
SMP_00529,roboflow_sugarcane,train,HEALTHY,0,0,640,640,37.86,70.48,0.1103,47.34,-14.74,9.72,0.8776,128.53
SMP_00530,roboflow_sugarcane,train,HEALTHY,0,0,640,640,54.55,78.19,0.1043,51.88,-12.71,13.38,0.8996,137.82
SMP_00531,roboflow_sugarcane,train,HEALTHY,0,0,640,640,35.51,66.69,0.104,43.53,-12.6,15.9,0.8296,152.55
SMP_00532,roboflow_sugarcane,train,HEALTHY,0,0,640,640,52.52,74.67,0.0838,47.7,-8.26,13.97,0.866,145.58
SMP_00533,roboflow_sugarcane,train,HEALTHY,0,0,640,640,40.0,68.94,0.0945,49.67,-14.0,8.26,0.9136,113.71
SMP_00534,roboflow_sugarcane,train,HEALTHY,0,0,640,640,61.43,71.74,0.1375,43.33,-19.96,12.41,0.8567,154.73
SMP_00535,roboflow_sugarcane,train,HEALTHY,0,0,640,640,42.4,75.24,0.1171,46.89,-19.26,14.58,0.8625,156.31
SMP_00536,roboflow_sugarcane,train,HEALTHY,0,0,640,640,37.03,70.7,0.1099,42.08,-9.98,16.7,0.9014,112.48
SMP_00537,roboflow_sugarcane,train,HEALTHY,0,0,640,640,63.69,73.08,0.1199,41.69,-8.56,12.16,0.8748,144.96
SMP_00538,roboflow_sugarcane,train,HEALTHY,0,0,640,640,38.76,80.03,0.1433,38.03,-15.14,8.33,0.8925,134.1
SMP_00539,roboflow_sugarcane,train,HEALTHY,0,0,640,640,61.28,72.12,0.1201,43.04,-13.47,17.97,0.9052,155.45
SMP_00540,roboflow_sugarcane,train,HEALTHY,0,0,640,640,45.86,79.18,0.1308,53.32,-14.63,12.19,0.9246,121.17
SMP_00541,roboflow_sugarcane,train,HEALTHY,0,0,640,640,50.77,69.35,0.1031,36.59,-16.19,16.11,0.9137,198.88
SMP_00542,roboflow_sugarcane,train,HEALTHY,0,0,640,640,33.87,77.65,0.1076,45.7,-20.96,11.85,0.9358,98.83
SMP_00543,roboflow_sugarcane,train,HEALTHY,0,0,640,640,77.83,82.21,0.1271,43.93,-13.09,13.87,0.9389,195.97
SMP_00544,roboflow_sugarcane,train,HEALTHY,0,0,640,640,49.17,62.64,0.1579,50.85,-7.87,10.79,0.8986,115.94
SMP_00545,roboflow_sugarcane,train,HEALTHY,0,0,640,640,63.93,71.02,0.1486,51.98,-14.32,10.83,0.8844,157.93
SMP_00546,roboflow_sugarcane,train,HEALTHY,0,0,640,640,43.82,77.89,0.1317,36.45,-16.21,17.02,0.8729,108.33
SMP_00547,roboflow_sugarcane,train,HEALTHY,0,0,640,640,61.47,73.98,0.123,38.55,-16.73,14.85,0.8591,118.62
SMP_00548,roboflow_sugarcane,train,HEALTHY,0,0,640,640,76.12,76.86,0.148,38.88,-13.01,12.43,0.8281,114.55
SMP_00549,roboflow_sugarcane,train,HEALTHY,0,0,640,640,30.5,71.98,0.1359,39.09,-10.4,14.84,0.8648,125.02
SMP_00550,roboflow_sugarcane,train,HEALTHY,0,0,640,640,43.21,75.43,0.0741,39.61,-12.87,10.81,0.9149,112.31
SMP_00551,roboflow_sugarcane,train,HEALTHY,0,0,640,640,36.25,74.22,0.0989,44.08,-22.48,12.5,0.8564,205.6
SMP_00552,roboflow_sugarcane,train,HEALTHY,0,0,640,640,75.09,80.84,0.1268,36.89,-8.03,12.76,0.9223,172.39
SMP_00553,roboflow_sugarcane,train,HEALTHY,0,0,640,640,75.93,76.27,0.0843,37.74,-11.67,10.6,0.8791,132.86
SMP_00554,roboflow_sugarcane,train,HEALTHY,0,0,640,640,58.93,76.69,0.102,37.26,-15.72,10.28,0.9131,170.96
SMP_00555,roboflow_sugarcane,train,HEALTHY,0,0,640,640,37.3,72.94,0.106,44.96,-17.12,7.78,0.9118,208.61
SMP_00556,roboflow_sugarcane,train,HEALTHY,0,0,640,640,34.55,72.56,0.1149,41.62,-16.79,10.08,0.8604,172.35
SMP_00557,roboflow_sugarcane,train,HEALTHY,0,0,640,640,81.83,72.84,0.1143,40.55,-11.55,17.07,0.9328,187.16
SMP_00558,roboflow_sugarcane,train,HEALTHY,0,0,640,640,31.83,76.97,0.1142,36.95,-22.9,8.06,0.9369,178.31
SMP_00559,roboflow_sugarcane,train,HEALTHY,0,0,640,640,37.28,72.9,0.1365,32.38,-12.95,12.41,0.8973,184.34
SMP_00560,roboflow_sugarcane,train,HEALTHY,0,0,640,640,38.87,76.45,0.1147,51.79,-13.88,12.88,0.8131,170.38
SMP_00561,roboflow_sugarcane,train,HEALTHY,0,0,640,640,51.87,85.38,0.1123,40.27,-13.93,11.88,0.8547,110.05
SMP_00562,roboflow_sugarcane,train,HEALTHY,0,0,640,640,85.91,79.36,0.093,58.26,-19.65,14.69,0.834,187.77
SMP_00563,roboflow_sugarcane,train,HEALTHY,0,0,640,640,70.52,73.37,0.1405,46.64,-21.82,11.81,0.8756,143.12
SMP_00564,roboflow_sugarcane,train,HEALTHY,0,0,640,640,27.02,81.01,0.1066,52.98,-6.02,14.88,0.8609,150.16
SMP_00565,roboflow_sugarcane,train,HEALTHY,0,0,640,640,40.83,72.96,0.0983,47.96,-14.47,13.87,0.8933,78.86
SMP_00566,roboflow_sugarcane,train,HEALTHY,0,0,640,640,42.71,64.81,0.1243,42.95,-7.26,9.12,0.8427,117.78
SMP_00567,roboflow_sugarcane,train,HEALTHY,0,0,640,640,69.5,69.96,0.1047,38.41,-11.39,15.4,0.8092,178.75
SMP_00568,roboflow_sugarcane,train,HEALTHY,0,0,640,640,44.91,65.65,0.1095,36.14,-14.55,11.72,0.9092,170.77
SMP_00569,roboflow_sugarcane,train,HEALTHY,0,0,640,640,81.41,73.24,0.1252,48.72,-14.07,8.02,0.9115,165.74
SMP_00570,roboflow_sugarcane,train,HEALTHY,0,0,640,640,51.18,75.09,0.1135,43.59,-10.68,13.68,0.8107,97.9
SMP_00571,roboflow_sugarcane,train,HEALTHY,0,0,640,640,70.65,83.38,0.1662,45.7,-10.23,11.78,0.8638,148.61
SMP_00572,roboflow_sugarcane,train,HEALTHY,0,0,640,640,70.01,76.63,0.1185,46.89,-13.1,16.57,0.8678,139.92
SMP_00573,roboflow_sugarcane,train,HEALTHY,0,0,640,640,47.32,73.9,0.1324,44.14,-10.63,15.24,0.862,162.82
SMP_00574,roboflow_sugarcane,train,HEALTHY,0,0,640,640,29.16,79.15,0.0812,39.17,-10.44,10.24,0.9184,136.56
SMP_00575,roboflow_sugarcane,train,HEALTHY,0,0,640,640,51.53,63.94,0.1028,48.08,-13.68,14.87,0.8845,118.11
SMP_00576,roboflow_sugarcane,train,HEALTHY,0,0,640,640,43.63,76.18,0.0983,40.81,-17.42,10.76,0.8266,122.14
SMP_00577,roboflow_sugarcane,train,HEALTHY,0,0,640,640,65.42,78.85,0.1009,42.54,-13.01,8.36,0.9015,64.98
SMP_00578,roboflow_sugarcane,train,HEALTHY,0,0,640,640,69.98,67.61,0.1283,46.3,-17.99,10.96,0.8838,133.08
SMP_00579,roboflow_sugarcane,train,HEALTHY,0,0,640,640,75.23,80.72,0.1407,41.65,-16.52,9.18,0.882,136.63
SMP_00580,roboflow_sugarcane,train,HEALTHY,0,0,640,640,42.24,76.69,0.1269,31.09,-13.41,12.47,0.8998,99.08
SMP_00581,roboflow_sugarcane,train,HEALTHY,0,0,640,640,67.78,72.92,0.1155,48.24,-15.32,17.33,0.8221,126.28
SMP_00582,roboflow_sugarcane,train,HEALTHY,0,0,640,640,33.9,78.16,0.1074,49.53,-9.74,12.7,0.8793,220.04
SMP_00583,roboflow_sugarcane,train,HEALTHY,0,0,640,640,24.09,86.35,0.1423,31.01,-17.64,13.65,0.8953,115.89
SMP_00584,roboflow_sugarcane,train,HEALTHY,0,0,640,640,72.64,75.91,0.1614,35.74,-23.51,9.99,0.8625,171.87
SMP_00585,roboflow_sugarcane,train,HEALTHY,0,0,640,640,54.77,76.24,0.1227,54.14,-9.76,11.15,0.8664,142.17
SMP_00586,roboflow_sugarcane,train,HEALTHY,0,0,640,640,34.96,72.7,0.1388,43.39,-14.81,13.86,0.8665,147.16
SMP_00587,roboflow_sugarcane,train,HEALTHY,0,0,640,640,32.17,70.75,0.1269,42.02,-14.62,12.33,0.9065,167.58
SMP_00588,roboflow_sugarcane,train,HEALTHY,0,0,640,640,74.6,79.15,0.1351,39.44,-18.15,10.7,0.8472,71.06
SMP_00589,roboflow_sugarcane,train,HEALTHY,0,0,640,640,46.61,70.72,0.0967,35.82,-22.53,15.01,0.8739,158.32
SMP_00590,roboflow_sugarcane,train,HEALTHY,0,0,640,640,75.42,75.36,0.1102,40.83,-18.28,12.85,0.8653,110.94
SMP_00591,roboflow_sugarcane,train,HEALTHY,0,0,640,640,38.05,72.61,0.1279,47.85,-12.72,17.64,0.923,161.22
SMP_00592,roboflow_sugarcane,train,HEALTHY,0,0,640,640,43.75,77.39,0.1442,41.91,-15.8,14.15,0.8836,152.12
SMP_00593,roboflow_sugarcane,train,HEALTHY,0,0,640,640,41.04,76.67,0.1036,45.66,-16.33,9.66,0.8793,90.17
SMP_00594,roboflow_sugarcane,train,HEALTHY,0,0,640,640,55.61,80.19,0.0793,52.59,-21.8,12.79,0.8171,187.33
SMP_00595,roboflow_sugarcane,train,HEALTHY,0,0,640,640,82.73,72.45,0.11,38.52,-7.75,9.49,0.8391,163.66
SMP_00596,roboflow_sugarcane,train,HEALTHY,0,0,640,640,51.46,73.65,0.1402,43.82,-15.24,17.51,0.9017,145.03
SMP_00597,roboflow_sugarcane,train,HEALTHY,0,0,640,640,45.67,70.11,0.0883,48.03,-5.63,10.03,0.8741,208.88
SMP_00598,roboflow_sugarcane,train,HEALTHY,0,0,640,640,73.51,72.78,0.0965,36.4,-13.53,15.29,0.8982,117.76
SMP_00599,roboflow_sugarcane,train,HEALTHY,0,0,640,640,52.33,76.89,0.1231,43.07,-8.8,14.89,0.9041,134.77
SMP_00600,roboflow_sugarcane,train,HEALTHY,0,0,640,640,77.42,78.78,0.1177,53.23,-17.87,10.79,0.9157,173.54
SMP_00601,roboflow_sugarcane,train,HEALTHY,0,0,640,640,36.37,70.39,0.1319,39.96,-21.06,13.32,0.8461,167.64
SMP_00602,roboflow_sugarcane,train,HEALTHY,0,0,640,640,84.0,79.35,0.0954,48.41,-15.75,13.14,0.9325,156.76
SMP_00603,roboflow_sugarcane,train,HEALTHY,0,0,640,640,72.1,81.78,0.1135,41.15,-12.76,14.58,0.8902,115.58
SMP_00604,roboflow_sugarcane,train,HEALTHY,0,0,640,640,42.73,77.07,0.1439,52.8,-12.33,12.94,0.8932,151.57
SMP_00605,roboflow_sugarcane,train,HEALTHY,0,0,640,640,45.46,84.38,0.0961,32.13,-13.42,10.83,0.8253,229.28
SMP_00606,roboflow_sugarcane,train,HEALTHY,0,0,640,640,44.38,71.13,0.1495,42.39,-5.83,13.9,0.8987,176.15
SMP_00607,roboflow_sugarcane,train,HEALTHY,0,0,640,640,40.57,68.78,0.0987,33.13,-13.43,13.91,0.8548,162.59
SMP_00608,roboflow_sugarcane,train,HEALTHY,0,0,640,640,35.72,66.11,0.137,37.79,-16.24,10.17,0.8836,242.39
SMP_00609,roboflow_sugarcane,train,HEALTHY,0,0,640,640,70.94,82.48,0.1125,37.76,-15.93,6.74,0.9356,175.49
SMP_00610,roboflow_sugarcane,train,HEALTHY,0,0,640,640,85.75,78.27,0.0971,40.4,-18.22,13.98,0.8917,160.17
SMP_00611,roboflow_sugarcane,train,HEALTHY,0,0,640,640,42.66,74.72,0.1101,34.87,-13.83,13.43,0.8863,132.49
SMP_00612,roboflow_sugarcane,train,HEALTHY,0,0,640,640,59.33,76.4,0.1309,41.57,-10.67,13.58,0.8922,127.19
SMP_00613,roboflow_sugarcane,train,HEALTHY,0,0,640,640,77.43,69.37,0.1199,44.76,-9.36,15.8,0.8576,105.75
SMP_00614,roboflow_sugarcane,train,HEALTHY,0,0,640,640,43.22,87.23,0.1424,32.81,-16.19,14.69,0.8334,138.74
SMP_00615,roboflow_sugarcane,train,HEALTHY,0,0,640,640,71.26,75.65,0.1487,38.19,-15.21,15.73,0.8985,124.51
SMP_00616,roboflow_sugarcane,train,HEALTHY,0,0,640,640,47.56,75.55,0.0963,57.25,-17.57,14.46,0.8835,136.3
SMP_00617,roboflow_sugarcane,train,HEALTHY,0,0,640,640,86.79,78.63,0.0949,43.98,-11.13,12.86,0.9191,149.28
SMP_00618,roboflow_sugarcane,train,HEALTHY,0,0,640,640,62.05,77.41,0.0939,31.09,-19.94,9.43,0.8526,124.65
SMP_00619,roboflow_sugarcane,train,HEALTHY,0,0,640,640,45.03,76.12,0.102,33.6,-17.89,16.35,0.8416,169.28
SMP_00620,roboflow_sugarcane,train,HEALTHY,0,0,640,640,80.51,71.05,0.1421,43.36,-31.63,11.98,0.9013,136.16
SMP_00621,roboflow_sugarcane,train,HEALTHY,0,0,640,640,26.01,77.36,0.1312,42.6,-19.72,10.99,0.8603,126.23
SMP_00622,roboflow_sugarcane,train,HEALTHY,0,0,640,640,40.09,84.41,0.1091,38.48,-17.36,14.09,0.8335,163.21
SMP_00623,roboflow_sugarcane,train,HEALTHY,0,0,640,640,45.08,81.73,0.1198,55.16,-17.04,7.91,0.8625,144.09
SMP_00624,roboflow_sugarcane,train,HEALTHY,0,0,640,640,33.84,82.97,0.1481,57.71,-20.18,10.65,0.8487,107.82
SMP_00625,roboflow_sugarcane,train,HEALTHY,0,0,640,640,61.54,72.44,0.1582,40.41,-19.52,10.93,0.8341,96.52
SMP_00626,roboflow_sugarcane,train,HEALTHY,0,0,640,640,78.53,70.05,0.1252,47.24,-9.95,10.86,0.8928,129.63
SMP_00627,roboflow_sugarcane,train,HEALTHY,0,0,640,640,47.35,74.37,0.0668,47.54,-18.12,17.34,0.8972,189.1
SMP_00628,roboflow_sugarcane,train,HEALTHY,0,0,640,640,36.78,75.28,0.1259,48.34,-22.24,12.29,0.8707,155.95
SMP_00629,roboflow_sugarcane,train,HEALTHY,0,0,640,640,54.17,80.47,0.1387,38.16,-19.17,10.9,0.9353,159.41
SMP_00630,roboflow_sugarcane,train,HEALTHY,0,0,640,640,46.57,66.54,0.1245,53.64,-19.12,12.38,0.8725,134.89
SMP_00631,roboflow_sugarcane,train,HEALTHY,0,0,640,640,86.54,82.65,0.1345,41.59,-15.28,14.63,0.8992,152.56
SMP_00632,roboflow_sugarcane,train,HEALTHY,0,0,640,640,61.66,74.21,0.1271,44.53,-13.56,7.73,0.8338,165.92
SMP_00633,roboflow_sugarcane,train,HEALTHY,0,0,640,640,43.09,72.87,0.0953,42.01,-20.41,12.79,0.8454,135.85
SMP_00634,roboflow_sugarcane,train,HEALTHY,0,0,640,640,31.83,69.94,0.1023,41.16,-13.8,11.37,0.9122,98.87
SMP_00635,roboflow_sugarcane,train,HEALTHY,0,0,640,640,45.14,66.73,0.1136,43.67,-9.4,13.17,0.9155,116.91
SMP_00636,roboflow_sugarcane,train,HEALTHY,0,0,640,640,53.95,79.12,0.1413,34.88,-10.94,9.64,0.8735,117.11
SMP_00637,roboflow_sugarcane,train,HEALTHY,0,0,640,640,36.22,75.37,0.1047,30.17,-12.68,12.05,0.8984,215.89
SMP_00638,roboflow_sugarcane,train,HEALTHY,0,0,640,640,39.99,68.55,0.1291,40.72,-13.37,12.16,0.8895,150.21
SMP_00639,roboflow_sugarcane,train,HEALTHY,0,0,640,640,27.27,68.52,0.1261,36.72,-16.27,9.32,0.8966,133.24
SMP_00640,roboflow_sugarcane,train,HEALTHY,0,0,640,640,68.15,73.32,0.1517,45.29,-9.32,17.16,0.8498,100.89
SMP_00641,roboflow_sugarcane,train,HEALTHY,0,0,640,640,64.66,83.35,0.1192,44.6,-13.28,13.54,0.9572,165.59
SMP_00642,roboflow_sugarcane,train,HEALTHY,0,0,640,640,45.47,73.7,0.0849,42.08,-18.22,14.8,0.9778,154.89
SMP_00643,roboflow_sugarcane,train,HEALTHY,0,0,640,640,52.2,67.48,0.1329,50.89,-15.6,11.62,0.8615,145.17
SMP_00644,roboflow_sugarcane,train,HEALTHY,0,0,640,640,73.55,73.77,0.1628,41.96,-17.7,13.04,0.8761,155.21
SMP_00645,roboflow_sugarcane,train,HEALTHY,0,0,640,640,69.22,73.64,0.1342,33.25,-15.56,9.5,0.9037,107.18
SMP_00646,roboflow_sugarcane,train,HEALTHY,0,0,640,640,47.55,61.52,0.1042,40.66,-10.14,10.9,0.9087,140.9
SMP_00647,roboflow_sugarcane,train,HEALTHY,0,0,640,640,34.02,74.73,0.0984,49.03,-15.71,10.25,0.8649,143.97
SMP_00648,roboflow_sugarcane,train,HEALTHY,0,0,640,640,37.6,73.85,0.1009,30.69,-18.18,13.24,0.9019,163.9
SMP_00649,roboflow_sugarcane,train,HEALTHY,0,0,640,640,77.78,78.48,0.1601,41.44,-10.84,16.77,0.8751,171.19
SMP_00650,roboflow_sugarcane,train,HEALTHY,0,0,640,640,38.8,84.24,0.1135,45.45,-9.89,14.76,0.8457,58.73
SMP_00651,roboflow_sugarcane,train,HEALTHY,0,0,640,640,66.68,80.63,0.1067,57.91,-18.14,17.03,0.8707,134.53
SMP_00652,roboflow_sugarcane,train,HEALTHY,0,0,640,640,41.21,73.66,0.1168,49.25,-9.08,14.48,0.8891,167.71
SMP_00653,roboflow_sugarcane,train,HEALTHY,0,0,640,640,77.4,69.47,0.1137,42.8,-11.15,13.55,0.8924,192.21
SMP_00654,roboflow_sugarcane,train,HEALTHY,0,0,640,640,41.08,87.87,0.1514,45.12,-17.21,10.19,0.8554,109.51
SMP_00655,roboflow_sugarcane,train,HEALTHY,0,0,640,640,60.15,75.3,0.0997,30.61,-10.12,13.31,0.8718,139.47
SMP_00656,roboflow_sugarcane,train,HEALTHY,0,0,640,640,67.58,75.07,0.1436,35.7,-19.93,11.31,0.9051,161.25
SMP_00657,roboflow_sugarcane,train,HEALTHY,0,0,640,640,36.14,74.88,0.1224,45.91,-16.93,14.58,0.8979,159.11
SMP_00658,roboflow_sugarcane,train,HEALTHY,0,0,640,640,52.84,75.99,0.1441,42.97,-19.38,9.1,0.8797,104.03
SMP_00659,roboflow_sugarcane,train,HEALTHY,0,0,640,640,44.44,74.28,0.1517,43.73,-18.91,12.23,0.8778,107.76
SMP_00660,roboflow_sugarcane,train,HEALTHY,0,0,640,640,54.07,72.13,0.1217,42.2,-11.6,12.54,0.9162,77.17
SMP_00661,roboflow_sugarcane,train,HEALTHY,0,0,640,640,68.11,72.27,0.1137,41.97,-15.06,16.97,0.9155,127.74
SMP_00662,roboflow_sugarcane,train,HEALTHY,0,0,640,640,84.31,74.84,0.1213,42.62,-19.44,9.94,0.8671,116.64
SMP_00663,roboflow_sugarcane,train,HEALTHY,0,0,640,640,37.94,72.28,0.1181,35.66,-17.36,15.42,0.7927,76.48
SMP_00664,roboflow_sugarcane,train,HEALTHY,0,0,640,640,78.15,71.44,0.0869,40.63,-17.66,14.56,0.8299,154.69
SMP_00665,roboflow_sugarcane,train,HEALTHY,0,0,640,640,71.59,75.53,0.151,34.54,-14.0,11.86,0.8358,133.35
SMP_00666,roboflow_sugarcane,train,HEALTHY,0,0,640,640,34.31,73.73,0.1249,38.28,-5.91,13.52,0.8763,158.13
SMP_00667,roboflow_sugarcane,train,HEALTHY,0,0,640,640,47.86,82.52,0.0967,49.18,-14.18,11.88,0.8977,152.02
SMP_00668,roboflow_sugarcane,train,HEALTHY,0,0,640,640,66.6,61.75,0.0786,40.92,-13.91,12.54,0.9018,165.93
SMP_00669,roboflow_sugarcane,train,HEALTHY,0,0,640,640,37.67,80.46,0.0734,45.58,-8.84,14.38,0.8528,131.2
SMP_00670,roboflow_sugarcane,train,HEALTHY,0,0,640,640,36.04,81.23,0.1354,42.69,-17.17,18.86,0.8627,140.43
SMP_00671,roboflow_sugarcane,train,HEALTHY,0,0,640,640,38.94,64.63,0.1076,39.69,-9.67,14.91,0.8765,135.34
SMP_00672,roboflow_sugarcane,train,HEALTHY,0,0,640,640,77.35,73.29,0.1109,35.95,-16.7,13.12,0.8763,170.18
SMP_00673,roboflow_sugarcane,train,HEALTHY,0,0,640,640,30.38,73.14,0.1298,39.6,-16.44,16.06,0.8653,162.1
SMP_00674,roboflow_sugarcane,train,HEALTHY,0,0,640,640,37.21,67.96,0.1097,43.1,-16.32,8.95,0.9567,155.39
SMP_00675,roboflow_sugarcane,train,HEALTHY,0,0,640,640,65.32,71.11,0.1309,45.48,-15.43,11.49,0.8894,100.83
SMP_00676,roboflow_sugarcane,train,HEALTHY,0,0,640,640,50.79,69.45,0.1219,42.73,-15.7,12.67,0.8472,200.92
SMP_00677,roboflow_sugarcane,train,HEALTHY,0,0,640,640,77.38,83.76,0.1183,45.9,-13.57,9.9,0.8798,127.38
SMP_00678,roboflow_sugarcane,train,HEALTHY,0,0,640,640,59.65,79.68,0.0885,32.88,-16.7,11.15,0.867,132.28
SMP_00679,roboflow_sugarcane,train,HEALTHY,0,0,640,640,25.84,81.36,0.1036,47.2,-14.6,8.36,0.8717,190.71
SMP_00680,roboflow_sugarcane,train,HEALTHY,0,0,640,640,56.57,78.61,0.1321,35.23,-21.45,9.3,0.8533,144.01
SMP_00681,roboflow_sugarcane,train,HEALTHY,0,0,640,640,42.84,69.35,0.1064,47.9,-11.87,11.89,0.8547,129.66
SMP_00682,roboflow_sugarcane,train,HEALTHY,0,0,640,640,66.65,72.38,0.1441,45.01,-10.47,10.15,0.822,163.12
SMP_00683,roboflow_sugarcane,train,HEALTHY,0,0,640,640,75.32,77.45,0.1669,30.78,-14.11,13.55,0.8728,111.14
SMP_00684,roboflow_sugarcane,train,HEALTHY,0,0,640,640,36.62,68.89,0.1331,46.42,-12.01,13.17,0.8808,89.91
SMP_00685,roboflow_sugarcane,train,HEALTHY,0,0,640,640,46.25,78.56,0.1499,47.97,-18.35,13.39,0.8627,118.97
SMP_00686,roboflow_sugarcane,train,HEALTHY,0,0,640,640,78.8,73.8,0.1344,49.55,-8.93,11.24,0.907,194.37
SMP_00687,roboflow_sugarcane,train,HEALTHY,0,0,640,640,33.13,73.13,0.1093,37.39,-14.24,15.21,0.8787,114.39
SMP_00688,roboflow_sugarcane,train,HEALTHY,0,0,640,640,35.36,78.55,0.124,43.08,-21.42,13.75,0.8813,130.02
SMP_00689,roboflow_sugarcane,train,HEALTHY,0,0,640,640,43.01,77.22,0.1603,46.17,-10.14,13.06,0.8872,146.02
SMP_00690,roboflow_sugarcane,train,HEALTHY,0,0,640,640,85.17,73.2,0.1095,46.42,-12.13,13.08,0.879,158.83
SMP_00691,roboflow_sugarcane,train,HEALTHY,0,0,640,640,67.16,80.8,0.0992,44.46,-7.51,11.98,0.8816,152.32
SMP_00692,roboflow_sugarcane,train,HEALTHY,0,0,640,640,75.25,69.59,0.0973,39.44,-8.34,15.8,0.8382,114.24
SMP_00693,roboflow_sugarcane,train,HEALTHY,0,0,640,640,42.57,78.08,0.1156,47.93,-9.63,15.35,0.9136,187.67
SMP_00694,roboflow_sugarcane,train,HEALTHY,0,0,640,640,53.37,77.97,0.0999,47.96,-13.1,11.59,0.8394,137.66
SMP_00695,roboflow_sugarcane,train,HEALTHY,0,0,640,640,48.01,73.45,0.1535,41.07,-12.15,12.91,0.9075,176.3
SMP_00696,roboflow_sugarcane,train,HEALTHY,0,0,640,640,68.91,76.63,0.1243,37.3,-19.31,11.51,0.8903,106.78
SMP_00697,roboflow_sugarcane,train,HEALTHY,0,0,640,640,41.23,68.74,0.1394,37.63,-16.11,18.66,0.8637,154.5
SMP_00698,roboflow_sugarcane,train,HEALTHY,0,0,640,640,44.77,79.62,0.114,50.19,-3.06,11.86,0.8917,158.8
SMP_00699,roboflow_sugarcane,train,HEALTHY,0,0,640,640,78.83,74.08,0.0972,47.7,-21.91,15.49,0.8713,118.19
SMP_00700,roboflow_sugarcane,train,HEALTHY,0,0,640,640,52.1,72.39,0.0938,41.88,-13.76,19.2,0.9095,162.78
SMP_00701,roboflow_sugarcane,train,HEALTHY,0,0,640,640,53.05,80.25,0.1018,40.8,-15.16,13.29,0.8585,98.69
SMP_00702,roboflow_sugarcane,train,HEALTHY,0,0,640,640,52.86,71.48,0.127,31.39,-11.59,8.15,0.8795,110.32
SMP_00703,roboflow_sugarcane,train,HEALTHY,0,0,640,640,33.57,67.96,0.1304,41.49,-14.21,16.28,0.8577,161.81
SMP_00704,roboflow_sugarcane,train,HEALTHY,0,0,640,640,79.47,67.22,0.1321,34.85,-10.14,11.22,0.8509,97.36
SMP_00705,roboflow_sugarcane,train,HEALTHY,0,0,640,640,75.29,78.03,0.0902,42.95,-14.94,10.78,0.8766,162.93
SMP_00706,roboflow_sugarcane,train,HEALTHY,0,0,640,640,37.62,68.6,0.12,49.11,-11.9,16.95,0.9219,108.47
SMP_00707,roboflow_sugarcane,train,HEALTHY,0,0,640,640,42.84,83.77,0.0995,36.12,-13.54,9.25,0.8946,163.62
SMP_00708,roboflow_sugarcane,train,HEALTHY,0,0,640,640,70.43,64.59,0.128,43.43,-16.17,16.09,0.8756,88.41
SMP_00709,roboflow_sugarcane,train,HEALTHY,0,0,640,640,36.77,83.48,0.1296,47.99,-16.74,11.94,0.8767,131.53
SMP_00710,roboflow_sugarcane,train,HEALTHY,0,0,640,640,75.88,76.06,0.0966,43.32,-9.89,7.87,0.8321,157.31
SMP_00711,roboflow_sugarcane,train,HEALTHY,0,0,640,640,84.96,74.52,0.1394,38.86,-12.5,14.71,0.8544,198.1
SMP_00712,roboflow_sugarcane,train,HEALTHY,0,0,640,640,50.63,72.28,0.1668,42.06,-11.02,6.87,0.8568,117.43
SMP_00713,roboflow_sugarcane,train,HEALTHY,0,0,640,640,61.45,77.0,0.1367,47.74,-9.98,12.39,0.8848,86.7
SMP_00714,roboflow_sugarcane,train,HEALTHY,0,0,640,640,73.88,74.81,0.1167,43.58,-17.07,8.41,0.9093,106.98
SMP_00715,roboflow_sugarcane,train,HEALTHY,0,0,640,640,33.43,80.52,0.1137,41.98,-16.08,11.68,0.8753,159.17
SMP_00716,roboflow_sugarcane,train,HEALTHY,0,0,640,640,45.06,75.57,0.1158,48.94,-16.36,14.24,0.8863,199.37
SMP_00717,roboflow_sugarcane,train,HEALTHY,0,0,640,640,37.05,75.75,0.1048,45.09,-10.88,13.56,0.8811,120.66
SMP_00718,roboflow_sugarcane,train,HEALTHY,0,0,640,640,86.04,73.18,0.125,34.78,-14.64,13.02,0.8844,170.43
SMP_00719,roboflow_sugarcane,train,HEALTHY,0,0,640,640,36.33,74.72,0.0972,45.79,-14.27,15.02,0.8804,143.37
SMP_00720,roboflow_sugarcane,train,HEALTHY,0,0,640,640,63.12,76.54,0.0822,47.7,-19.22,12.5,0.8917,154.73
SMP_00721,roboflow_sugarcane,train,HEALTHY,0,0,640,640,63.52,66.45,0.1244,34.58,-11.7,11.96,0.8588,134.35
SMP_00722,roboflow_sugarcane,train,HEALTHY,0,0,640,640,70.91,68.26,0.1204,28.39,-11.57,13.21,0.9066,109.08
SMP_00723,roboflow_sugarcane,train,HEALTHY,0,0,640,640,38.04,78.72,0.1086,35.75,-12.76,10.85,0.848,179.49
SMP_00724,roboflow_sugarcane,train,HEALTHY,0,0,640,640,44.63,75.85,0.0943,41.39,-14.35,14.66,0.8329,127.36
SMP_00725,roboflow_sugarcane,train,HEALTHY,0,0,640,640,46.85,74.08,0.1258,48.06,-10.83,12.68,0.8857,117.62
SMP_00726,roboflow_sugarcane,train,HEALTHY,0,0,640,640,31.65,75.09,0.1002,36.65,-15.2,14.29,0.8778,146.46
SMP_00727,roboflow_sugarcane,train,HEALTHY,0,0,640,640,71.57,76.74,0.1172,45.33,-9.32,12.06,0.8702,137.56
SMP_00728,roboflow_sugarcane,train,HEALTHY,0,0,640,640,55.41,72.3,0.1553,24.65,-12.14,13.75,0.8682,202.64
SMP_00729,roboflow_sugarcane,train,HEALTHY,0,0,640,640,34.19,71.11,0.133,43.08,-20.05,14.16,0.8997,143.71
SMP_00730,roboflow_sugarcane,train,HEALTHY,0,0,640,640,44.48,75.98,0.0926,39.56,-15.53,7.45,0.8548,141.1
SMP_00731,roboflow_sugarcane,train,HEALTHY,0,0,640,640,69.65,70.11,0.0945,54.59,-13.7,8.85,0.8499,171.98
SMP_00732,roboflow_sugarcane,train,HEALTHY,0,0,640,640,35.44,77.04,0.123,30.65,-17.79,11.1,0.8956,141.89
SMP_00733,roboflow_sugarcane,train,HEALTHY,0,0,640,640,42.19,66.49,0.0925,41.91,-10.68,12.17,0.904,160.39
SMP_00734,roboflow_sugarcane,train,HEALTHY,0,0,640,640,34.36,80.15,0.08,30.61,-22.9,15.69,0.8559,151.29
SMP_00735,roboflow_sugarcane,train,HEALTHY,0,0,640,640,63.13,77.36,0.1306,38.7,-11.78,13.63,0.918,170.85
SMP_00736,roboflow_sugarcane,train,HEALTHY,0,0,640,640,52.7,76.28,0.1264,31.79,-12.24,13.81,0.872,173.08
SMP_00737,roboflow_sugarcane,train,HEALTHY,0,0,640,640,72.7,79.91,0.129,55.8,-22.95,16.35,0.8693,115.34
SMP_00738,roboflow_sugarcane,train,HEALTHY,0,0,640,640,43.97,83.33,0.1253,39.87,-14.59,15.94,0.8855,108.16
SMP_00739,roboflow_sugarcane,train,HEALTHY,0,0,640,640,41.98,80.07,0.1187,40.73,-16.74,9.98,0.8825,106.12
SMP_00740,roboflow_sugarcane,train,HEALTHY,0,0,640,640,82.26,65.8,0.1068,41.74,-9.33,15.58,0.9043,153.22
SMP_00741,roboflow_sugarcane,train,HEALTHY,0,0,640,640,50.25,68.6,0.1303,35.21,-18.35,12.76,0.9512,184.9
SMP_00742,roboflow_sugarcane,train,HEALTHY,0,0,640,640,86.9,71.88,0.1506,48.33,-11.8,11.21,0.8493,88.78
SMP_00743,roboflow_sugarcane,train,HEALTHY,0,0,640,640,52.73,75.13,0.11,45.84,-11.01,11.77,0.869,196.82
SMP_00744,roboflow_sugarcane,train,HEALTHY,0,0,640,640,42.37,77.59,0.0996,47.51,-16.57,10.94,0.8696,167.64
SMP_00745,roboflow_sugarcane,train,HEALTHY,0,0,640,640,85.39,71.37,0.0973,34.69,-9.81,12.85,0.9379,105.98
SMP_00746,roboflow_sugarcane,train,HEALTHY,0,0,640,640,90.15,75.93,0.1027,48.81,-16.66,12.29,0.8298,130.97
SMP_00747,roboflow_sugarcane,train,HEALTHY,0,0,640,640,47.64,71.22,0.1241,48.12,-9.67,15.59,0.8748,113.34
SMP_00748,roboflow_sugarcane,train,HEALTHY,0,0,640,640,82.11,71.94,0.0772,40.61,-4.58,17.33,0.8958,178.64
SMP_00749,roboflow_sugarcane,train,HEALTHY,0,0,640,640,82.44,67.97,0.1288,47.37,-11.28,11.49,0.9126,164.0
SMP_00750,roboflow_sugarcane,train,HEALTHY,0,0,640,640,38.96,70.38,0.1329,43.64,-12.55,9.26,0.8702,130.73
SMP_00751,roboflow_sugarcane,train,HEALTHY,0,0,640,640,51.59,68.24,0.084,32.44,-16.89,14.17,0.9181,140.46
SMP_00752,roboflow_sugarcane,train,HEALTHY,0,0,640,640,79.88,70.12,0.1004,40.9,-7.57,14.85,0.855,165.48
SMP_00753,roboflow_sugarcane,train,HEALTHY,0,0,640,640,43.75,80.27,0.1216,39.11,-11.45,13.45,0.8661,133.05
SMP_00754,roboflow_sugarcane,train,HEALTHY,0,0,640,640,40.53,70.25,0.1171,42.51,-16.84,8.65,0.8268,116.22
SMP_00755,roboflow_sugarcane,train,HEALTHY,0,0,640,640,59.22,88.16,0.1304,48.13,-9.0,10.52,0.9048,137.77
SMP_00756,roboflow_sugarcane,train,HEALTHY,0,0,640,640,37.65,77.47,0.1172,32.15,-14.56,12.87,0.8531,149.95
SMP_00757,roboflow_sugarcane,train,HEALTHY,0,0,640,640,70.77,75.92,0.1453,39.34,-12.29,10.96,0.8739,110.06
SMP_00758,roboflow_sugarcane,train,HEALTHY,0,0,640,640,52.28,70.71,0.1136,37.07,-16.64,10.01,0.9239,131.95
SMP_00759,roboflow_sugarcane,train,HEALTHY,0,0,640,640,44.24,78.5,0.1003,37.33,-18.75,17.86,0.8509,139.27
SMP_00760,roboflow_sugarcane,train,HEALTHY,0,0,640,640,34.34,72.12,0.0987,37.06,-18.55,10.0,0.9151,141.25
SMP_00761,roboflow_sugarcane,train,HEALTHY,0,0,640,640,79.68,75.61,0.1347,42.41,-16.53,15.52,0.9116,179.56
SMP_00762,roboflow_sugarcane,train,HEALTHY,0,0,640,640,46.36,87.8,0.1206,45.14,-12.95,13.53,0.8766,157.81
SMP_00763,roboflow_sugarcane,train,HEALTHY,0,0,640,640,77.58,74.52,0.1327,44.09,-16.19,14.02,0.8783,156.16
SMP_00764,roboflow_sugarcane,train,HEALTHY,0,0,640,640,41.21,80.75,0.1323,43.11,-18.17,15.34,0.8617,107.54
SMP_00765,roboflow_sugarcane,train,HEALTHY,0,0,640,640,39.7,71.48,0.0796,45.73,-18.8,10.78,0.8771,126.04
SMP_00766,roboflow_sugarcane,train,HEALTHY,0,0,640,640,80.18,74.83,0.0972,56.28,-9.93,11.75,0.8607,149.72
SMP_00767,roboflow_sugarcane,train,HEALTHY,0,0,640,640,64.4,83.85,0.0996,42.82,-15.49,13.68,0.9288,139.19
SMP_00768,roboflow_sugarcane,train,HEALTHY,0,0,640,640,41.3,71.87,0.1037,48.13,-22.83,7.88,0.884,166.59
SMP_00769,roboflow_sugarcane,train,HEALTHY,0,0,640,640,39.06,84.06,0.1116,47.79,-15.03,16.62,0.9104,160.51
SMP_00770,roboflow_sugarcane,train,HEALTHY,0,0,640,640,53.84,78.54,0.14,52.67,-16.66,12.79,0.8591,79.28
SMP_00771,roboflow_sugarcane,train,HEALTHY,0,0,640,640,45.27,72.19,0.144,45.36,-14.18,10.15,0.9207,148.19
SMP_00772,roboflow_sugarcane,train,HEALTHY,0,0,640,640,84.09,78.16,0.1141,36.93,-17.27,15.23,0.9062,156.15
SMP_00773,roboflow_sugarcane,train,HEALTHY,0,0,640,640,35.4,79.86,0.115,43.83,-9.85,12.73,0.894,78.71
SMP_00774,roboflow_sugarcane,train,HEALTHY,0,0,640,640,64.87,78.11,0.1059,43.51,-15.61,10.7,0.8982,151.74
SMP_00775,roboflow_sugarcane,train,HEALTHY,0,0,640,640,78.96,67.15,0.1218,46.89,-15.84,14.86,0.8816,224.23
SMP_00776,roboflow_sugarcane,train,HEALTHY,0,0,640,640,42.95,71.36,0.1241,36.76,-16.26,6.69,0.9023,125.56
SMP_00777,roboflow_sugarcane,train,HEALTHY,0,0,640,640,34.63,73.76,0.1361,49.6,-13.11,13.55,0.903,126.48
SMP_00778,roboflow_sugarcane,train,HEALTHY,0,0,640,640,81.92,74.63,0.136,42.03,-13.42,15.78,0.8979,148.37
SMP_00779,roboflow_sugarcane,train,HEALTHY,0,0,640,640,63.61,78.1,0.074,47.04,-16.56,10.42,0.8984,172.36
SMP_00780,roboflow_sugarcane,train,HEALTHY,0,0,640,640,28.53,75.89,0.1169,43.86,-14.9,9.3,0.8858,168.07
SMP_00781,roboflow_sugarcane,train,HEALTHY,0,0,640,640,71.23,68.32,0.1477,42.74,-16.01,13.56,0.834,117.14
SMP_00782,roboflow_sugarcane,train,HEALTHY,0,0,640,640,37.55,76.9,0.1112,43.4,-11.6,10.81,0.8755,150.59
SMP_00783,roboflow_sugarcane,train,HEALTHY,0,0,640,640,63.99,78.05,0.1428,46.03,-20.16,18.12,0.8561,130.15
SMP_00784,roboflow_sugarcane,train,HEALTHY,0,0,640,640,61.39,77.8,0.1139,53.75,-16.36,11.17,0.8401,123.78
SMP_00785,roboflow_sugarcane,train,HEALTHY,0,0,640,640,67.36,80.4,0.1235,29.9,-15.78,12.01,0.8919,167.16
SMP_00786,roboflow_sugarcane,train,HEALTHY,0,0,640,640,69.4,79.17,0.0973,45.24,-9.42,13.8,0.9295,214.06
SMP_00787,roboflow_sugarcane,train,HEALTHY,0,0,640,640,26.56,77.3,0.098,42.26,-10.3,7.95,0.8122,134.11
SMP_00788,roboflow_sugarcane,train,HEALTHY,0,0,640,640,26.7,74.65,0.1345,40.94,-13.43,12.65,0.8523,122.55
SMP_00789,roboflow_sugarcane,train,HEALTHY,0,0,640,640,36.38,66.7,0.1376,27.82,-18.98,15.3,0.8794,107.92
SMP_00790,roboflow_sugarcane,train,HEALTHY,0,0,640,640,43.47,77.15,0.1205,45.48,-14.77,12.3,0.8947,174.74
SMP_00791,roboflow_sugarcane,train,HEALTHY,0,0,640,640,78.39,76.04,0.0954,41.25,-7.48,9.63,0.8705,206.81
SMP_00792,roboflow_sugarcane,train,HEALTHY,0,0,640,640,39.55,76.36,0.1209,36.99,-15.59,11.41,0.8961,95.79
SMP_00793,roboflow_sugarcane,train,HEALTHY,0,0,640,640,29.15,68.62,0.1451,42.25,-14.49,7.71,0.9169,130.58
SMP_00794,roboflow_sugarcane,train,HEALTHY,0,0,640,640,48.96,69.59,0.1549,40.24,-14.25,11.77,0.8882,74.95
SMP_00795,roboflow_sugarcane,train,HEALTHY,0,0,640,640,46.71,80.27,0.1137,31.55,-18.4,15.28,0.8921,159.99
SMP_00796,roboflow_sugarcane,train,HEALTHY,0,0,640,640,42.49,74.8,0.0868,42.53,-18.24,10.94,0.8329,121.06
SMP_00797,roboflow_sugarcane,train,HEALTHY,0,0,640,640,44.82,78.41,0.1368,45.48,-18.24,14.25,0.8127,111.68
SMP_00798,roboflow_sugarcane,train,HEALTHY,0,0,640,640,85.27,75.14,0.1145,38.7,-16.19,8.79,0.8622,123.11
SMP_00799,roboflow_sugarcane,train,HEALTHY,0,0,640,640,49.05,75.15,0.1389,43.57,-13.23,17.2,0.8819,100.65
SMP_00800,roboflow_sugarcane,train,HEALTHY,0,0,640,640,49.37,79.69,0.1256,42.65,-14.32,15.33,0.8872,177.38
SMP_00801,roboflow_sugarcane,train,HEALTHY,0,0,640,640,65.99,72.42,0.1023,48.27,-12.97,11.27,0.8867,165.2
SMP_00802,roboflow_sugarcane,train,HEALTHY,0,0,640,640,90.08,75.48,0.1212,41.38,-6.36,9.19,0.8628,182.43
SMP_00803,roboflow_sugarcane,train,HEALTHY,0,0,640,640,44.89,72.69,0.1462,46.81,-4.62,11.23,0.8904,125.1
SMP_00804,roboflow_sugarcane,train,HEALTHY,0,0,640,640,81.83,72.83,0.117,40.12,-14.62,13.2,0.8783,153.05
SMP_00805,roboflow_sugarcane,train,HEALTHY,0,0,640,640,74.97,73.45,0.0993,53.8,-11.31,15.22,0.8832,154.81
SMP_00806,roboflow_sugarcane,train,HEALTHY,0,0,640,640,75.42,76.11,0.0882,39.38,-12.36,7.22,0.8847,156.57
SMP_00807,roboflow_sugarcane,train,HEALTHY,0,0,640,640,52.45,72.61,0.1046,37.89,-10.69,15.51,0.8628,126.71
SMP_00808,roboflow_sugarcane,train,HEALTHY,0,0,640,640,47.39,81.28,0.1118,41.4,-10.83,13.14,0.868,158.72
SMP_00809,roboflow_sugarcane,train,HEALTHY,0,0,640,640,82.39,70.53,0.1364,37.63,-17.11,9.59,0.9373,167.73
SMP_00810,roboflow_sugarcane,train,HEALTHY,0,0,640,640,45.79,74.07,0.0976,34.51,-7.07,6.13,0.903,148.16
SMP_00811,roboflow_sugarcane,train,HEALTHY,0,0,640,640,47.64,72.8,0.1511,46.37,-8.88,12.84,0.8727,148.26
SMP_00812,roboflow_sugarcane,train,HEALTHY,0,0,640,640,40.51,82.23,0.0933,23.62,-11.13,13.05,0.8832,194.73
SMP_00813,roboflow_sugarcane,train,HEALTHY,0,0,640,640,82.03,75.98,0.1666,37.69,-12.26,10.96,0.8701,165.08
SMP_00814,roboflow_sugarcane,train,HEALTHY,0,0,640,640,53.39,80.16,0.1545,33.95,-13.41,14.78,0.8851,116.97
SMP_00815,roboflow_sugarcane,train,HEALTHY,0,0,640,640,74.62,67.57,0.1228,42.85,-14.18,17.58,0.8853,131.92
SMP_00816,roboflow_sugarcane,train,HEALTHY,0,0,640,640,47.66,76.34,0.087,28.87,-11.85,11.5,0.8611,190.51
SMP_00817,roboflow_sugarcane,train,HEALTHY,0,0,640,640,33.29,79.45,0.1189,45.29,-13.98,10.63,0.891,220.6
SMP_00818,roboflow_sugarcane,train,HEALTHY,0,0,640,640,39.81,75.41,0.1123,45.94,-13.49,16.79,0.8858,123.66
SMP_00819,roboflow_sugarcane,train,HEALTHY,0,0,640,640,71.26,80.33,0.0945,32.2,-14.91,11.95,0.8635,157.84
SMP_00820,roboflow_sugarcane,train,HEALTHY,0,0,640,640,58.33,72.41,0.1258,43.14,-15.53,14.15,0.9046,153.0
SMP_00821,roboflow_sugarcane,train,HEALTHY,0,0,640,640,76.27,82.05,0.1035,45.1,-7.34,10.98,0.8611,155.73
SMP_00822,roboflow_sugarcane,train,HEALTHY,0,0,640,640,35.41,86.49,0.1057,47.64,-14.16,15.35,0.8508,116.49
SMP_00823,roboflow_sugarcane,train,HEALTHY,0,0,640,640,78.47,73.19,0.1159,33.19,-16.14,9.39,0.9042,159.0
SMP_00824,roboflow_sugarcane,train,HEALTHY,0,0,640,640,60.11,72.77,0.1085,32.34,-13.84,12.86,0.8516,117.25
SMP_00825,roboflow_sugarcane,train,HEALTHY,0,0,640,640,32.84,82.27,0.1616,51.02,-19.33,13.24,0.8963,87.93
SMP_00826,roboflow_sugarcane,train,HEALTHY,0,0,640,640,35.91,82.9,0.1093,37.07,-10.73,12.04,0.9339,165.96
SMP_00827,roboflow_sugarcane,train,HEALTHY,0,0,640,640,57.04,72.39,0.1288,38.84,-14.45,10.91,0.9125,196.25
SMP_00828,roboflow_sugarcane,train,HEALTHY,0,0,640,640,35.12,72.9,0.1229,45.8,-15.81,16.98,0.8645,128.7
SMP_00829,roboflow_sugarcane,train,HEALTHY,0,0,640,640,80.14,73.59,0.1271,34.98,-16.22,14.52,0.8606,142.04
SMP_00830,roboflow_sugarcane,train,HEALTHY,0,0,640,640,30.01,68.28,0.1286,40.4,-20.81,10.34,0.9084,113.33
SMP_00831,roboflow_sugarcane,train,HEALTHY,0,0,640,640,78.96,70.41,0.1376,47.35,-7.19,7.79,0.8868,147.26
SMP_00832,roboflow_sugarcane,train,HEALTHY,0,0,640,640,79.63,69.98,0.1253,33.47,-13.7,16.2,0.8311,137.85
SMP_00833,roboflow_sugarcane,train,HEALTHY,0,0,640,640,67.23,71.16,0.1245,39.0,-7.25,10.18,0.8997,115.75
SMP_00834,roboflow_sugarcane,train,HEALTHY,0,0,640,640,41.02,74.83,0.1212,35.24,-15.5,12.65,0.8733,123.0
SMP_00835,roboflow_sugarcane,train,HEALTHY,0,0,640,640,34.68,76.17,0.1172,37.36,-12.64,12.73,0.8836,80.95
SMP_00836,roboflow_sugarcane,train,HEALTHY,0,0,640,640,39.22,82.75,0.1018,49.11,-11.52,13.21,0.8855,89.51
SMP_00837,roboflow_sugarcane,train,HEALTHY,0,0,640,640,43.48,70.01,0.1188,50.43,-12.5,8.28,0.8899,81.58
SMP_00838,roboflow_sugarcane,train,HEALTHY,0,0,640,640,49.49,79.92,0.1248,43.55,-16.27,11.63,0.9437,120.13
SMP_00839,roboflow_sugarcane,train,HEALTHY,0,0,640,640,75.95,73.93,0.128,45.19,-21.55,12.46,0.9266,132.21
SMP_00840,roboflow_sugarcane,train,HEALTHY,0,0,640,640,31.25,74.75,0.1236,45.03,-5.44,12.36,0.8361,151.04
SMP_00841,roboflow_sugarcane,train,HEALTHY,0,0,640,640,67.01,78.37,0.1153,37.97,-17.39,14.29,0.8946,170.67
SMP_00842,roboflow_sugarcane,train,HEALTHY,0,0,640,640,32.7,69.39,0.1189,43.43,-4.32,12.91,0.833,97.17
SMP_00843,roboflow_sugarcane,train,HEALTHY,0,0,640,640,58.69,76.91,0.1089,34.23,-16.88,13.61,0.9199,171.34
SMP_00844,roboflow_sugarcane,train,HEALTHY,0,0,640,640,40.28,75.83,0.1263,36.25,-8.95,11.0,0.9141,131.13
SMP_00845,roboflow_sugarcane,train,HEALTHY,0,0,640,640,87.89,77.46,0.1156,41.48,-12.13,16.77,0.8584,161.26
SMP_00846,roboflow_sugarcane,train,HEALTHY,0,0,640,640,57.91,76.45,0.1236,35.63,-11.94,11.78,0.876,160.53
SMP_00847,roboflow_sugarcane,train,HEALTHY,0,0,640,640,43.66,87.28,0.14,34.36,-16.98,13.32,0.9062,147.83
SMP_00848,roboflow_sugarcane,train,HEALTHY,0,0,640,640,38.33,71.81,0.1058,37.73,-16.09,12.79,0.8747,152.84
SMP_00849,roboflow_sugarcane,train,HEALTHY,0,0,640,640,69.68,72.35,0.1319,48.88,-16.04,13.63,0.8633,162.29
SMP_00850,roboflow_sugarcane,train,HEALTHY,0,0,640,640,74.3,71.88,0.1207,51.34,-13.9,15.5,0.8813,217.17
SMP_00851,roboflow_sugarcane,train,HEALTHY,0,0,640,640,73.96,72.22,0.1604,41.8,-15.34,10.4,0.922,226.0
SMP_00852,roboflow_sugarcane,train,HEALTHY,0,0,640,640,61.12,71.81,0.1157,45.49,-16.63,14.56,0.8342,131.2
SMP_00853,roboflow_sugarcane,train,HEALTHY,0,0,640,640,48.54,80.95,0.1339,38.62,-18.26,14.34,0.8545,183.68
SMP_00854,roboflow_sugarcane,train,HEALTHY,0,0,640,640,38.56,82.1,0.1203,29.61,-17.87,12.93,0.8621,142.54
SMP_00855,roboflow_sugarcane,train,HEALTHY,0,0,640,640,57.77,72.15,0.0922,36.64,-12.87,13.07,0.9359,159.96
SMP_00856,roboflow_sugarcane,train,HEALTHY,0,0,640,640,34.01,70.84,0.1096,40.15,-17.81,9.61,0.9206,119.76
SMP_00857,roboflow_sugarcane,train,HEALTHY,0,0,640,640,64.21,77.36,0.1376,42.85,-19.4,11.65,0.8533,176.84
SMP_00858,roboflow_sugarcane,train,HEALTHY,0,0,640,640,41.57,72.24,0.1113,41.39,-14.44,7.73,0.8773,158.76
SMP_00859,roboflow_sugarcane,train,HEALTHY,0,0,640,640,68.5,78.16,0.0756,40.31,-23.73,11.73,0.9062,178.29
SMP_00860,roboflow_sugarcane,train,HEALTHY,0,0,640,640,35.04,76.01,0.1194,38.55,-15.03,12.34,0.9045,120.62
SMP_00861,roboflow_sugarcane,train,HEALTHY,0,0,640,640,34.17,67.42,0.0982,44.06,-14.68,9.0,0.8842,59.44
SMP_00862,roboflow_sugarcane,train,HEALTHY,0,0,640,640,81.68,82.74,0.1226,33.82,-12.75,13.25,0.8812,202.38
SMP_00863,roboflow_sugarcane,train,HEALTHY,0,0,640,640,68.75,83.98,0.151,46.81,-13.64,15.52,0.9392,121.35
SMP_00864,roboflow_sugarcane,train,HEALTHY,0,0,640,640,33.18,71.94,0.1354,38.48,-20.11,13.04,0.8759,137.69
SMP_00865,roboflow_sugarcane,train,HEALTHY,0,0,640,640,65.05,73.06,0.1507,54.4,-15.74,12.49,0.8323,198.06
SMP_00866,roboflow_sugarcane,train,HEALTHY,0,0,640,640,43.08,76.43,0.1088,40.11,-12.39,11.19,0.885,110.5
SMP_00867,roboflow_sugarcane,train,HEALTHY,0,0,640,640,74.26,76.67,0.1171,39.12,-13.33,13.43,0.889,158.82
SMP_00868,roboflow_sugarcane,train,HEALTHY,0,0,640,640,82.79,78.29,0.0991,38.62,-18.13,9.96,0.8769,204.4
SMP_00869,roboflow_sugarcane,train,HEALTHY,0,0,640,640,42.53,85.05,0.1063,39.18,-13.34,6.47,0.8425,150.31
SMP_00870,roboflow_sugarcane,train,HEALTHY,0,0,640,640,82.27,74.12,0.1015,45.64,-11.34,16.45,0.8914,205.27
SMP_00871,roboflow_sugarcane,train,HEALTHY,0,0,640,640,65.01,71.01,0.0939,41.75,-18.91,14.9,0.8509,144.12
SMP_00872,roboflow_sugarcane,train,HEALTHY,0,0,640,640,40.68,68.1,0.1473,47.92,-22.84,9.75,0.88,172.67
SMP_00873,roboflow_sugarcane,train,HEALTHY,0,0,640,640,47.96,71.35,0.0782,44.79,-7.9,8.88,0.8658,137.39
SMP_00874,roboflow_sugarcane,train,HEALTHY,0,0,640,640,57.04,74.83,0.1474,42.19,-13.74,12.77,0.91,118.28
SMP_00875,roboflow_sugarcane,train,HEALTHY,0,0,640,640,78.53,83.97,0.1449,44.24,-16.83,12.66,0.8332,148.12
SMP_00876,roboflow_sugarcane,train,HEALTHY,0,0,640,640,40.28,72.41,0.13,49.18,-16.97,14.54,0.8452,73.17
SMP_00877,roboflow_sugarcane,train,HEALTHY,0,0,640,640,62.76,76.12,0.0977,45.94,-14.41,11.66,0.882,112.58
SMP_00878,roboflow_sugarcane,train,HEALTHY,0,0,640,640,80.41,74.92,0.0884,43.68,-10.84,15.39,0.8801,136.3
SMP_00879,roboflow_sugarcane,train,HEALTHY,0,0,640,640,37.13,80.94,0.109,44.54,-21.04,11.96,0.873,152.09
SMP_00880,roboflow_sugarcane,train,HEALTHY,0,0,640,640,66.19,87.63,0.1325,35.08,-16.6,15.53,0.8903,194.22
SMP_00881,roboflow_sugarcane,train,HEALTHY,0,0,640,640,74.41,72.35,0.1201,57.43,-8.38,12.05,0.8856,133.38
SMP_00882,roboflow_sugarcane,train,HEALTHY,0,0,640,640,56.7,72.55,0.0991,45.17,-11.7,10.34,0.9068,119.19
SMP_00883,roboflow_sugarcane,train,HEALTHY,0,0,640,640,43.19,80.22,0.143,45.77,-12.04,11.56,0.8847,149.43
SMP_00884,roboflow_sugarcane,train,HEALTHY,0,0,640,640,36.47,78.41,0.1537,41.83,-13.37,14.14,0.9323,121.3
SMP_00885,roboflow_sugarcane,train,HEALTHY,0,0,640,640,69.01,84.23,0.1155,28.21,-13.76,13.38,0.8474,92.11
SMP_00886,roboflow_sugarcane,train,HEALTHY,0,0,640,640,61.27,77.92,0.1222,40.41,-16.87,12.63,0.9285,120.82
SMP_00887,roboflow_sugarcane,train,HEALTHY,0,0,640,640,51.1,73.2,0.0898,42.46,-17.23,9.89,0.8808,107.92
SMP_00888,roboflow_sugarcane,train,HEALTHY,0,0,640,640,50.15,77.95,0.1117,37.06,-11.78,12.35,0.8253,163.91
SMP_00889,roboflow_sugarcane,train,HEALTHY,0,0,640,640,73.34,80.54,0.1302,37.01,-17.16,10.87,0.8076,119.89
SMP_00890,roboflow_sugarcane,train,HEALTHY,0,0,640,640,32.25,79.1,0.1271,39.96,-13.86,10.8,0.863,163.38
SMP_00891,roboflow_sugarcane,train,HEALTHY,0,0,640,640,62.81,77.54,0.1098,46.63,-14.39,14.99,0.9005,120.82
SMP_00892,roboflow_sugarcane,train,HEALTHY,0,0,640,640,71.94,80.33,0.1145,49.53,-6.23,10.58,0.9073,151.29
SMP_00893,roboflow_sugarcane,train,HEALTHY,0,0,640,640,74.47,80.85,0.1111,43.03,-15.64,10.44,0.8531,158.57
SMP_00894,roboflow_sugarcane,train,HEALTHY,0,0,640,640,43.61,81.91,0.1144,38.6,-10.33,13.29,0.8611,120.46
SMP_00895,roboflow_sugarcane,train,HEALTHY,0,0,640,640,60.06,78.24,0.1285,39.83,-12.17,10.21,0.916,111.26
SMP_00896,roboflow_sugarcane,train,HEALTHY,0,0,640,640,84.01,74.16,0.0806,42.6,-15.47,11.11,0.8324,164.52
SMP_00897,roboflow_sugarcane,train,HEALTHY,0,0,640,640,56.58,75.73,0.1185,43.31,-19.98,17.31,0.8565,115.28
SMP_00898,roboflow_sugarcane,train,HEALTHY,0,0,640,640,33.91,81.03,0.127,44.61,-15.21,12.08,0.8998,97.46
SMP_00899,roboflow_sugarcane,train,HEALTHY,0,0,640,640,76.85,70.92,0.1086,39.36,-11.4,14.19,0.8571,115.96
SMP_00900,roboflow_sugarcane,train,HEALTHY,0,0,640,640,42.26,76.84,0.1104,45.18,-19.9,18.79,0.8899,120.64
SMP_00901,roboflow_sugarcane,train,HEALTHY,0,0,640,640,28.23,73.03,0.111,44.7,-11.66,13.0,0.8713,172.68
SMP_00902,roboflow_sugarcane,train,HEALTHY,0,0,640,640,46.72,75.14,0.1104,39.63,-9.63,13.81,0.8623,83.09
SMP_00903,roboflow_sugarcane,train,HEALTHY,0,0,640,640,67.1,81.39,0.1201,31.68,-14.62,13.28,0.8509,185.33
SMP_00904,roboflow_sugarcane,train,HEALTHY,0,0,640,640,86.46,75.96,0.1226,36.69,-11.35,11.69,0.8637,117.79
SMP_00905,roboflow_sugarcane,train,HEALTHY,0,0,640,640,44.23,75.23,0.078,51.41,-14.44,12.81,0.9487,148.5
SMP_00906,roboflow_sugarcane,train,HEALTHY,0,0,640,640,76.58,68.2,0.1331,31.84,-12.71,12.05,0.861,165.9
SMP_00907,roboflow_sugarcane,train,HEALTHY,0,0,640,640,66.78,78.73,0.1142,49.91,-9.03,10.22,0.8862,134.37
SMP_00908,roboflow_sugarcane,train,HEALTHY,0,0,640,640,35.71,78.23,0.1587,31.63,-21.22,14.58,0.893,111.36
SMP_00909,roboflow_sugarcane,train,HEALTHY,0,0,640,640,53.86,85.82,0.0962,37.36,-18.06,7.98,0.9604,193.86
SMP_00910,roboflow_sugarcane,train,HEALTHY,0,0,640,640,58.17,73.46,0.1027,39.75,-10.0,12.52,0.9265,132.76
SMP_00911,roboflow_sugarcane,train,HEALTHY,0,0,640,640,39.72,76.1,0.1159,52.69,-9.26,11.8,0.8294,128.62
SMP_00912,roboflow_sugarcane,train,HEALTHY,0,0,640,640,44.61,76.25,0.1283,42.16,-20.63,9.91,0.8978,201.22
SMP_00913,roboflow_sugarcane,train,HEALTHY,0,0,640,640,67.52,82.89,0.081,40.72,-8.75,14.06,0.9036,127.68
SMP_00914,roboflow_sugarcane,train,HEALTHY,0,0,640,640,50.37,74.52,0.1034,36.39,-25.29,9.95,0.9176,78.17
SMP_00915,roboflow_sugarcane,train,HEALTHY,0,0,640,640,47.58,76.4,0.1318,45.13,-12.5,11.48,0.8353,188.94
SMP_00916,roboflow_sugarcane,train,HEALTHY,0,0,640,640,56.43,78.04,0.101,38.92,-14.12,14.32,0.8782,108.44
SMP_00917,roboflow_sugarcane,train,HEALTHY,0,0,640,640,76.35,75.93,0.1474,40.63,-17.93,7.69,0.869,200.29
SMP_00918,roboflow_sugarcane,train,HEALTHY,0,0,640,640,66.11,72.77,0.1109,39.85,-17.69,15.19,0.8927,147.17
SMP_00919,roboflow_sugarcane,train,HEALTHY,0,0,640,640,40.02,75.97,0.102,46.32,-17.54,12.41,0.8678,139.11
SMP_00920,roboflow_sugarcane,train,HEALTHY,0,0,640,640,48.12,80.37,0.1322,46.57,-15.82,11.73,0.8695,101.5
SMP_00921,roboflow_sugarcane,train,HEALTHY,0,0,640,640,42.19,69.87,0.1522,36.66,-7.06,9.05,0.8377,157.72
SMP_00922,roboflow_sugarcane,train,HEALTHY,0,0,640,640,84.02,75.66,0.1283,38.24,-11.71,12.73,0.9025,111.07
SMP_00923,roboflow_sugarcane,train,HEALTHY,0,0,640,640,58.33,71.5,0.1452,37.64,-9.26,12.56,0.8754,157.8
SMP_00924,roboflow_sugarcane,train,HEALTHY,0,0,640,640,39.63,80.98,0.1535,43.1,-16.29,13.87,0.8713,144.11
SMP_00925,roboflow_sugarcane,train,HEALTHY,0,0,640,640,82.9,67.38,0.1016,47.44,-14.08,11.33,0.8708,181.43
SMP_00926,roboflow_sugarcane,train,HEALTHY,0,0,640,640,81.5,72.21,0.1388,43.18,-19.29,10.06,0.8677,115.69
SMP_00927,roboflow_sugarcane,train,HEALTHY,0,0,640,640,49.94,76.89,0.0895,28.86,-16.11,13.28,0.9071,102.45
SMP_00928,roboflow_sugarcane,train,HEALTHY,0,0,640,640,70.6,82.83,0.1285,46.56,-17.21,11.06,0.8952,122.96
SMP_00929,roboflow_sugarcane,train,HEALTHY,0,0,640,640,34.67,74.67,0.1186,33.91,-13.05,13.76,0.8196,151.1
SMP_00930,roboflow_sugarcane,train,HEALTHY,0,0,640,640,31.25,72.22,0.1449,37.71,-17.83,9.92,0.835,184.26
SMP_00931,roboflow_sugarcane,train,HEALTHY,0,0,640,640,84.2,84.41,0.1434,43.19,-18.35,14.49,0.8243,127.33
SMP_00932,roboflow_sugarcane,train,HEALTHY,0,0,640,640,75.13,67.76,0.1314,41.5,-13.41,16.23,0.8069,135.23
SMP_00933,roboflow_sugarcane,train,HEALTHY,0,0,640,640,73.95,64.01,0.126,47.24,-15.21,12.08,0.914,145.88
SMP_00934,roboflow_sugarcane,train,HEALTHY,0,0,640,640,33.42,77.2,0.1302,38.34,-17.8,15.87,0.9009,114.41
SMP_00935,roboflow_sugarcane,train,HEALTHY,0,0,640,640,36.17,72.49,0.1212,36.2,-18.39,14.38,0.9264,101.47
SMP_00936,roboflow_sugarcane,train,HEALTHY,0,0,640,640,50.88,69.89,0.1188,40.13,-17.8,13.34,0.8697,138.67
SMP_00937,roboflow_sugarcane,train,HEALTHY,0,0,640,640,31.55,78.54,0.1489,47.86,-11.74,12.47,0.9081,166.04
SMP_00938,roboflow_sugarcane,train,HEALTHY,0,0,640,640,29.78,76.22,0.1513,45.78,-13.33,11.14,0.8957,131.36
SMP_00939,roboflow_sugarcane,train,HEALTHY,0,0,640,640,33.52,72.18,0.1172,42.52,-18.02,15.49,0.8211,166.95
SMP_00940,roboflow_sugarcane,train,HEALTHY,0,0,640,640,70.62,68.6,0.1248,49.96,-17.86,14.99,0.9136,93.69
SMP_00941,roboflow_sugarcane,train,HEALTHY,0,0,640,640,63.83,79.36,0.1216,48.87,-19.59,9.89,0.8657,138.47
SMP_00942,roboflow_sugarcane,train,HEALTHY,0,0,640,640,43.15,78.25,0.0878,46.73,-16.57,12.79,0.8929,75.48
SMP_00943,roboflow_sugarcane,train,HEALTHY,0,0,640,640,70.86,74.5,0.1133,34.93,-14.51,10.47,0.8654,151.44
SMP_00944,roboflow_sugarcane,train,HEALTHY,0,0,640,640,45.14,84.23,0.152,46.7,-18.52,13.69,0.834,112.4
SMP_00945,roboflow_sugarcane,train,HEALTHY,0,0,640,640,64.53,69.65,0.105,40.79,-6.25,14.37,0.8897,164.99
SMP_00946,roboflow_sugarcane,train,HEALTHY,0,0,640,640,27.39,67.37,0.1623,39.63,-12.5,8.59,0.9283,46.88
SMP_00947,roboflow_sugarcane,train,HEALTHY,0,0,640,640,50.74,71.54,0.1434,37.9,-15.13,12.29,0.8434,172.49
SMP_00948,roboflow_sugarcane,train,HEALTHY,0,0,640,640,50.21,74.77,0.128,40.97,-14.66,13.56,0.8864,96.76
SMP_00949,roboflow_sugarcane,train,HEALTHY,0,0,640,640,79.15,76.22,0.1312,38.25,-20.57,12.73,0.9177,124.45
SMP_00950,roboflow_sugarcane,train,HEALTHY,0,0,640,640,60.31,73.79,0.1017,43.02,-19.8,16.96,0.8041,112.8
SMP_00951,roboflow_sugarcane,train,HEALTHY,0,0,640,640,40.75,76.76,0.1147,40.96,-9.71,8.57,0.8498,162.53
SMP_00952,roboflow_sugarcane,train,HEALTHY,0,0,640,640,75.28,68.74,0.1488,43.32,-8.46,15.89,0.8799,148.24
SMP_00953,roboflow_sugarcane,train,HEALTHY,0,0,640,640,57.43,82.22,0.1077,45.32,-23.86,10.29,0.8662,166.05
SMP_00954,roboflow_sugarcane,train,HEALTHY,0,0,640,640,49.9,74.59,0.1412,40.23,-13.12,7.14,0.8607,152.7
SMP_00955,roboflow_sugarcane,train,HEALTHY,0,0,640,640,78.66,80.59,0.0925,37.58,-9.47,13.3,0.8428,126.9
SMP_00956,roboflow_sugarcane,train,HEALTHY,0,0,640,640,68.6,76.71,0.096,29.96,-16.37,12.19,0.8824,111.92
SMP_00957,roboflow_sugarcane,train,HEALTHY,0,0,640,640,45.01,77.28,0.158,46.62,-8.92,12.73,0.8528,158.14
SMP_00958,roboflow_sugarcane,train,HEALTHY,0,0,640,640,39.84,77.85,0.1198,42.47,-11.93,13.8,0.8419,156.57
SMP_00959,roboflow_sugarcane,train,HEALTHY,0,0,640,640,29.55,77.24,0.1092,40.94,-13.2,13.87,0.8437,119.56
SMP_00960,roboflow_sugarcane,train,HEALTHY,0,0,640,640,62.81,78.21,0.1473,49.03,-15.98,11.17,0.9169,112.17
SMP_00961,roboflow_sugarcane,train,HEALTHY,0,0,640,640,45.97,81.65,0.1449,34.27,-14.63,14.53,0.8555,150.29
SMP_00962,roboflow_sugarcane,train,HEALTHY,0,0,640,640,50.0,75.98,0.1384,42.34,-16.79,7.46,0.8939,180.16
SMP_00963,roboflow_sugarcane,train,HEALTHY,0,0,640,640,68.54,78.55,0.1086,36.22,-13.81,12.26,0.8623,141.67
SMP_00964,roboflow_sugarcane,train,HEALTHY,0,0,640,640,47.75,74.55,0.1143,45.94,-13.99,15.32,0.8301,133.91
SMP_00965,roboflow_sugarcane,train,HEALTHY,0,0,640,640,50.03,82.2,0.1262,28.64,-16.74,13.21,0.8564,132.78
SMP_00966,roboflow_sugarcane,train,HEALTHY,0,0,640,640,78.12,71.62,0.1339,46.82,-22.79,12.62,0.8625,98.14
SMP_00967,roboflow_sugarcane,train,HEALTHY,0,0,640,640,33.43,84.0,0.1098,46.58,-15.78,11.64,0.8813,175.95
SMP_00968,roboflow_sugarcane,train,HEALTHY,0,0,640,640,46.73,74.8,0.1234,36.46,-19.07,13.37,0.884,134.1
SMP_00969,roboflow_sugarcane,train,HEALTHY,0,0,640,640,64.26,67.85,0.1253,42.4,-19.48,11.8,0.8431,115.2
SMP_00970,roboflow_sugarcane,train,HEALTHY,0,0,640,640,38.8,75.64,0.1457,36.59,-17.76,14.07,0.9206,90.21
SMP_00971,roboflow_sugarcane,train,HEALTHY,0,0,640,640,42.76,71.59,0.1351,44.57,-11.69,11.2,0.9229,163.54
SMP_00972,roboflow_sugarcane,train,HEALTHY,0,0,640,640,51.02,79.2,0.0899,46.92,-19.44,16.31,0.8813,165.59
SMP_00973,roboflow_sugarcane,train,HEALTHY,0,0,640,640,45.66,71.74,0.1157,35.97,-18.55,13.87,0.8893,145.87
SMP_00974,roboflow_sugarcane,train,HEALTHY,0,0,640,640,44.07,72.77,0.1014,34.22,-12.17,17.03,0.8548,159.42
SMP_00975,roboflow_sugarcane,train,HEALTHY,0,0,640,640,42.94,65.55,0.1314,48.58,-18.06,11.53,0.8336,136.74
SMP_00976,roboflow_sugarcane,train,HEALTHY,0,0,640,640,81.01,72.74,0.1385,53.65,-19.51,15.56,0.8783,105.56
SMP_00977,roboflow_sugarcane,train,HEALTHY,0,0,640,640,42.52,62.88,0.122,44.97,-11.76,9.34,0.868,178.97
SMP_00978,roboflow_sugarcane,train,HEALTHY,0,0,640,640,43.71,67.08,0.1146,45.41,-15.52,14.31,0.9279,166.63
SMP_00979,roboflow_sugarcane,train,HEALTHY,0,0,640,640,76.4,78.8,0.1214,40.01,-14.74,12.21,0.9525,114.87
SMP_00980,roboflow_sugarcane,train,HEALTHY,0,0,640,640,55.59,78.93,0.1242,43.08,-15.9,12.8,0.8549,168.63
SMP_00981,roboflow_sugarcane,train,HEALTHY,0,0,640,640,53.92,77.13,0.1072,44.1,-13.31,14.32,0.8837,174.66
SMP_00982,roboflow_sugarcane,train,HEALTHY,0,0,640,640,69.55,70.17,0.0956,40.9,-12.26,14.36,0.9054,144.29
SMP_00983,roboflow_sugarcane,train,HEALTHY,0,0,640,640,72.73,74.76,0.079,50.1,-15.49,14.6,0.8935,127.05
SMP_00984,roboflow_sugarcane,train,HEALTHY,0,0,640,640,44.36,74.98,0.1453,43.06,-20.99,13.38,0.892,153.78
SMP_00985,roboflow_sugarcane,train,HEALTHY,0,0,640,640,80.78,69.21,0.1299,43.83,-13.81,13.85,0.9187,144.25
SMP_00986,roboflow_sugarcane,train,HEALTHY,0,0,640,640,85.64,82.52,0.1273,41.03,-16.36,11.95,0.9217,123.41
SMP_00987,roboflow_sugarcane,train,HEALTHY,0,0,640,640,44.28,79.39,0.1453,41.64,-11.57,10.89,0.8904,177.71
SMP_00988,roboflow_sugarcane,train,HEALTHY,0,0,640,640,63.54,73.9,0.0949,49.31,-18.58,12.92,0.9472,165.94
SMP_00989,roboflow_sugarcane,train,HEALTHY,0,0,640,640,28.52,75.13,0.0853,42.88,-16.26,7.14,0.9057,149.25
SMP_00990,roboflow_sugarcane,train,HEALTHY,0,0,640,640,69.12,76.04,0.1277,43.02,-20.93,13.55,0.8586,133.18
SMP_00991,roboflow_sugarcane,train,HEALTHY,0,0,640,640,66.28,64.79,0.1259,43.09,-11.87,14.67,0.9095,180.45
SMP_00992,roboflow_sugarcane,train,HEALTHY,0,0,640,640,55.69,73.76,0.0854,39.81,-10.1,14.05,0.8585,121.99
SMP_00993,roboflow_sugarcane,train,HEALTHY,0,0,640,640,91.71,71.59,0.1272,33.55,-16.95,10.97,0.8844,157.69
SMP_00994,roboflow_sugarcane,train,HEALTHY,0,0,640,640,52.46,69.99,0.112,51.44,-15.78,7.39,0.9049,123.56
SMP_00995,roboflow_sugarcane,train,HEALTHY,0,0,640,640,59.15,73.59,0.1039,48.41,-18.24,14.14,0.8612,185.55
SMP_00996,roboflow_sugarcane,train,HEALTHY,0,0,640,640,27.78,83.99,0.1133,49.49,-17.85,10.53,0.9039,126.55
SMP_00997,roboflow_sugarcane,train,HEALTHY,0,0,640,640,82.75,78.2,0.0712,35.56,-12.23,9.28,0.8869,132.35
SMP_00998,roboflow_sugarcane,train,HEALTHY,0,0,640,640,38.24,72.14,0.1082,50.67,-17.02,14.87,0.8449,134.45
SMP_00999,roboflow_sugarcane,train,HEALTHY,0,0,640,640,69.55,77.86,0.1059,53.8,-13.1,9.11,0.8265,115.35
SMP_01000,roboflow_sugarcane,train,HEALTHY,0,0,640,640,50.01,82.0,0.1311,48.27,-15.06,12.07,0.8278,197.04
SMP_01001,roboflow_sugarcane,train,HEALTHY,0,0,640,640,63.17,79.62,0.1168,51.89,-12.0,16.94,0.8703,160.78
SMP_01002,roboflow_sugarcane,train,HEALTHY,0,0,640,640,39.5,75.3,0.1328,46.79,-16.57,10.83,0.8617,144.24
SMP_01003,roboflow_sugarcane,train,HEALTHY,0,0,640,640,67.33,71.77,0.069,36.92,-10.66,9.84,0.9304,125.38
SMP_01004,roboflow_sugarcane,train,HEALTHY,0,0,640,640,61.76,78.49,0.1032,45.05,-7.5,13.77,0.8743,158.0
SMP_01005,roboflow_sugarcane,train,HEALTHY,0,0,640,640,77.45,76.97,0.1311,35.88,-21.8,13.32,0.8607,109.01
SMP_01006,roboflow_sugarcane,train,HEALTHY,0,0,640,640,30.53,79.48,0.1138,38.42,-15.37,8.36,0.8858,101.43
SMP_01007,roboflow_sugarcane,train,HEALTHY,0,0,640,640,79.89,78.18,0.1369,43.9,-15.37,12.63,0.8827,118.2
SMP_01008,roboflow_sugarcane,train,HEALTHY,0,0,640,640,74.46,80.25,0.0839,43.09,-17.86,15.45,0.8629,165.34
SMP_01009,roboflow_sugarcane,train,HEALTHY,0,0,640,640,43.22,72.32,0.1346,44.78,-13.37,16.0,0.881,166.61
SMP_01010,roboflow_sugarcane,train,HEALTHY,0,0,640,640,37.81,81.59,0.1072,31.25,-10.52,11.85,0.8724,143.92
SMP_01011,roboflow_sugarcane,train,HEALTHY,0,0,640,640,28.3,75.99,0.1053,41.07,-22.9,13.74,0.8656,134.37
SMP_01012,roboflow_sugarcane,train,HEALTHY,0,0,640,640,28.53,85.38,0.1398,45.29,-23.2,13.86,0.8652,139.38
SMP_01013,roboflow_sugarcane,train,HEALTHY,0,0,640,640,39.2,71.55,0.1432,46.49,-8.37,15.02,0.896,160.89
SMP_01014,roboflow_sugarcane,train,HEALTHY,0,0,640,640,83.54,83.68,0.1407,46.88,-15.96,12.27,0.8613,79.66
SMP_01015,roboflow_sugarcane,train,HEALTHY,0,0,640,640,68.53,75.99,0.1608,43.51,-14.64,15.74,0.8356,153.71
SMP_01016,roboflow_sugarcane,train,HEALTHY,0,0,640,640,50.19,71.74,0.1453,39.72,-19.27,10.68,0.876,163.92
SMP_01017,roboflow_sugarcane,train,HEALTHY,0,0,640,640,85.94,72.58,0.1041,45.01,-14.82,14.45,0.8773,164.57
SMP_01018,roboflow_sugarcane,train,HEALTHY,0,0,640,640,93.87,73.4,0.1228,40.2,-9.52,9.99,0.8588,151.44
SMP_01019,roboflow_sugarcane,train,HEALTHY,0,0,640,640,44.02,77.12,0.1128,47.41,-13.01,8.02,0.9533,157.65
SMP_01020,roboflow_sugarcane,train,HEALTHY,0,0,640,640,55.23,77.61,0.1606,44.56,-14.23,14.03,0.9027,188.65
SMP_01021,roboflow_sugarcane,train,HEALTHY,0,0,640,640,57.13,72.13,0.1421,41.63,-22.08,19.89,0.8733,121.5
SMP_01022,roboflow_sugarcane,train,HEALTHY,0,0,640,640,50.21,74.88,0.1162,37.39,-12.03,13.3,0.858,139.64
SMP_01023,roboflow_sugarcane,train,HEALTHY,0,0,640,640,34.34,85.71,0.1376,48.72,-14.96,11.98,0.841,134.94
SMP_01024,roboflow_sugarcane,train,HEALTHY,0,0,640,640,69.25,83.64,0.0954,45.35,-17.43,15.61,0.8445,176.81
SMP_01025,roboflow_sugarcane,train,HEALTHY,0,0,640,640,29.6,77.18,0.125,54.62,-12.43,11.39,0.8712,130.8
SMP_01026,roboflow_sugarcane,train,HEALTHY,0,0,640,640,34.24,75.19,0.1012,45.16,-18.39,8.09,0.9049,114.35
SMP_01027,roboflow_sugarcane,train,HEALTHY,0,0,640,640,50.26,75.6,0.0862,45.66,-12.76,14.86,0.9057,120.09
SMP_01028,roboflow_sugarcane,train,HEALTHY,0,0,640,640,44.98,78.07,0.1357,33.21,-10.13,16.39,0.8892,95.04
SMP_01029,roboflow_sugarcane,train,HEALTHY,0,0,640,640,82.55,69.89,0.1382,43.86,-14.38,12.82,0.9007,135.33
SMP_01030,roboflow_sugarcane,train,HEALTHY,0,0,640,640,83.46,73.71,0.1291,40.1,-16.7,13.28,0.8876,138.54
SMP_01031,roboflow_sugarcane,train,HEALTHY,0,0,640,640,50.51,66.66,0.1163,46.96,-17.29,10.98,0.8974,101.84
SMP_01032,roboflow_sugarcane,train,HEALTHY,0,0,640,640,30.14,77.0,0.0947,44.01,-13.47,12.09,0.8783,122.45
SMP_01033,roboflow_sugarcane,train,HEALTHY,0,0,640,640,30.12,78.24,0.0968,47.91,-16.73,13.06,0.8579,129.69
SMP_01034,roboflow_sugarcane,train,HEALTHY,0,0,640,640,54.45,72.58,0.1006,54.8,-5.53,12.61,0.8782,166.78
SMP_01035,roboflow_sugarcane,train,HEALTHY,0,0,640,640,61.03,82.87,0.1153,37.21,-20.66,12.59,0.8619,115.82
SMP_01036,roboflow_sugarcane,train,HEALTHY,0,0,640,640,27.13,68.87,0.1415,47.68,-15.52,4.65,0.8893,105.92
SMP_01037,roboflow_sugarcane,train,HEALTHY,0,0,640,640,73.07,67.68,0.1412,46.1,-13.91,12.91,0.8484,132.09
SMP_01038,roboflow_sugarcane,train,HEALTHY,0,0,640,640,39.88,76.12,0.087,53.88,-14.39,9.18,0.8803,163.11
SMP_01039,roboflow_sugarcane,train,HEALTHY,0,0,640,640,34.19,80.24,0.1061,46.23,-17.24,13.69,0.9282,134.64
SMP_01040,roboflow_sugarcane,train,HEALTHY,0,0,640,640,75.7,83.42,0.1056,45.61,-10.07,15.14,0.9408,155.2
SMP_01041,roboflow_sugarcane,train,HEALTHY,0,0,640,640,45.64,72.71,0.0694,47.11,-12.33,13.9,0.9088,118.8
SMP_01042,roboflow_sugarcane,train,HEALTHY,0,0,640,640,74.09,80.39,0.1313,47.53,-12.04,9.63,0.9171,151.68
SMP_01043,roboflow_sugarcane,train,HEALTHY,0,0,640,640,46.6,74.81,0.1151,50.73,-17.67,10.41,0.8539,157.06
SMP_01044,roboflow_sugarcane,train,HEALTHY,0,0,640,640,76.54,74.14,0.1177,37.08,-16.61,12.33,0.8627,114.18
SMP_01045,roboflow_sugarcane,train,HEALTHY,0,0,640,640,26.81,79.42,0.1469,39.65,-13.05,14.63,0.8925,117.75
SMP_01046,roboflow_sugarcane,train,HEALTHY,0,0,640,640,79.85,78.26,0.1218,52.41,-19.4,14.99,0.9394,80.83
SMP_01047,roboflow_sugarcane,train,HEALTHY,0,0,640,640,52.63,67.12,0.1114,30.25,-12.34,13.4,0.9252,155.95
SMP_01048,roboflow_sugarcane,train,HEALTHY,0,0,640,640,88.91,82.38,0.1314,41.49,-15.4,10.09,0.8505,118.52
SMP_01049,roboflow_sugarcane,train,HEALTHY,0,0,640,640,68.28,81.9,0.1412,42.9,-10.74,15.43,0.8862,133.76
SMP_01050,roboflow_sugarcane,train,HEALTHY,0,0,640,640,42.77,71.87,0.1259,40.94,-16.71,12.44,0.9066,135.43
SMP_01051,roboflow_sugarcane,train,HEALTHY,0,0,640,640,76.24,76.98,0.1338,51.49,-7.74,11.51,0.9225,156.01
SMP_01052,roboflow_sugarcane,train,HEALTHY,0,0,640,640,50.18,77.47,0.1171,44.86,-13.36,11.28,0.8729,123.78
SMP_01053,roboflow_sugarcane,train,HEALTHY,0,0,640,640,43.46,76.3,0.1184,39.68,-12.92,8.7,0.8764,135.86
SMP_01054,roboflow_sugarcane,train,HEALTHY,0,0,640,640,65.91,72.25,0.1223,38.19,-17.77,15.25,0.8884,177.86
SMP_01055,roboflow_sugarcane,train,HEALTHY,0,0,640,640,40.55,71.64,0.1049,43.69,-13.99,12.19,0.8459,188.22
SMP_01056,roboflow_sugarcane,train,HEALTHY,0,0,640,640,49.67,74.87,0.1086,49.0,-17.2,10.77,0.8772,157.65
SMP_01057,roboflow_sugarcane,train,HEALTHY,0,0,640,640,73.62,80.86,0.1476,42.83,-21.16,14.02,0.8994,178.49
SMP_01058,roboflow_sugarcane,train,HEALTHY,0,0,640,640,69.34,77.72,0.1602,41.19,-15.78,14.47,0.8695,151.61
SMP_01059,roboflow_sugarcane,train,HEALTHY,0,0,640,640,89.65,73.15,0.1518,37.83,-10.35,8.17,0.9334,135.71
SMP_01060,roboflow_sugarcane,train,HEALTHY,0,0,640,640,43.39,78.86,0.0935,44.24,-15.26,16.38,0.8954,161.9
SMP_01061,roboflow_sugarcane,train,HEALTHY,0,0,640,640,67.74,60.76,0.0916,43.91,-16.18,18.05,0.8385,124.72
SMP_01062,roboflow_sugarcane,train,HEALTHY,0,0,640,640,78.21,80.74,0.0962,37.65,-16.23,12.75,0.8633,112.59
SMP_01063,roboflow_sugarcane,train,HEALTHY,0,0,640,640,52.77,66.3,0.1227,48.16,-6.03,13.1,0.8221,115.23
SMP_01064,roboflow_sugarcane,train,HEALTHY,0,0,640,640,46.1,73.19,0.0638,52.24,-12.57,18.48,0.8747,109.32
SMP_01065,roboflow_sugarcane,train,HEALTHY,0,0,640,640,74.33,69.4,0.1082,42.29,-21.36,9.77,0.8517,148.45
SMP_01066,roboflow_sugarcane,train,HEALTHY,0,0,640,640,82.72,68.53,0.1481,43.81,-17.17,11.2,0.8814,144.17
SMP_01067,roboflow_sugarcane,train,HEALTHY,0,0,640,640,40.44,80.8,0.1396,35.37,-16.6,13.95,0.8735,70.3
SMP_01068,roboflow_sugarcane,train,HEALTHY,0,0,640,640,53.21,72.66,0.1098,46.42,-17.88,15.37,0.892,133.35
SMP_01069,roboflow_sugarcane,train,HEALTHY,0,0,640,640,42.16,76.73,0.1113,44.79,-14.74,12.6,0.9225,166.69
SMP_01070,roboflow_sugarcane,train,HEALTHY,0,0,640,640,31.78,74.77,0.1313,40.04,-17.3,10.47,0.9187,187.02
SMP_01071,roboflow_sugarcane,train,HEALTHY,0,0,640,640,79.72,77.39,0.1387,37.54,-17.05,15.72,0.9291,171.51
SMP_01072,roboflow_sugarcane,train,HEALTHY,0,0,640,640,64.76,75.38,0.1093,53.09,-14.39,12.48,0.8768,99.24
SMP_01073,roboflow_sugarcane,train,HEALTHY,0,0,640,640,43.13,68.59,0.1153,44.3,-21.16,12.5,0.8712,147.59
SMP_01074,roboflow_sugarcane,train,HEALTHY,0,0,640,640,58.46,79.98,0.1087,36.49,-23.6,14.82,0.8571,136.72
SMP_01075,roboflow_sugarcane,train,HEALTHY,0,0,640,640,80.81,72.53,0.0934,47.13,-10.03,16.26,0.8613,181.48
SMP_01076,roboflow_sugarcane,train,HEALTHY,0,0,640,640,79.03,67.22,0.1156,43.38,-11.65,13.1,0.8927,102.37
SMP_01077,roboflow_sugarcane,train,HEALTHY,0,0,640,640,33.81,72.86,0.1141,42.35,-13.52,13.7,0.8409,152.33
SMP_01078,roboflow_sugarcane,train,HEALTHY,0,0,640,640,43.04,82.5,0.0948,47.87,-13.78,15.12,0.8689,179.36
SMP_01079,roboflow_sugarcane,train,HEALTHY,0,0,640,640,63.17,79.25,0.1329,26.32,-15.76,11.93,0.8419,84.32
SMP_01080,roboflow_sugarcane,train,HEALTHY,0,0,640,640,49.16,73.26,0.1297,31.16,-2.94,11.13,0.8809,130.28
SMP_01081,roboflow_sugarcane,train,HEALTHY,0,0,640,640,60.31,73.25,0.1339,50.28,-14.23,11.58,0.8493,108.11
SMP_01082,roboflow_sugarcane,train,HEALTHY,0,0,640,640,93.23,73.39,0.1046,41.23,-4.57,10.2,0.8386,161.58
SMP_01083,roboflow_sugarcane,train,HEALTHY,0,0,640,640,53.87,85.38,0.0803,39.44,-6.75,9.78,0.8763,149.67
SMP_01084,roboflow_sugarcane,train,HEALTHY,0,0,640,640,53.74,76.91,0.1293,33.97,-13.15,18.05,0.8335,166.66
SMP_01085,roboflow_sugarcane,train,HEALTHY,0,0,640,640,43.93,77.15,0.1067,43.16,-15.84,10.26,0.8877,116.88
SMP_01086,roboflow_sugarcane,train,HEALTHY,0,0,640,640,72.99,80.15,0.1022,43.9,-14.94,13.18,0.8647,134.83
SMP_01087,roboflow_sugarcane,train,HEALTHY,0,0,640,640,37.15,76.19,0.0949,50.64,-16.6,12.29,0.8831,132.84
SMP_01088,roboflow_sugarcane,train,HEALTHY,0,0,640,640,79.8,73.7,0.1145,44.23,-13.16,15.12,0.824,151.4
SMP_01089,roboflow_sugarcane,train,HEALTHY,0,0,640,640,43.12,74.02,0.1515,40.18,-12.3,12.79,0.92,149.27
SMP_01090,roboflow_sugarcane,train,HEALTHY,0,0,640,640,75.38,74.64,0.1099,44.43,-19.9,15.97,0.8452,104.0
SMP_01091,roboflow_sugarcane,train,HEALTHY,0,0,640,640,82.38,74.81,0.0982,48.66,-4.54,12.18,0.9337,146.39
SMP_01092,roboflow_sugarcane,train,HEALTHY,0,0,640,640,73.56,78.64,0.133,47.35,-18.12,13.11,0.867,85.74
SMP_01093,roboflow_sugarcane,train,HEALTHY,0,0,640,640,43.15,75.26,0.1235,45.73,-25.75,14.38,0.919,157.3
SMP_01094,roboflow_sugarcane,train,HEALTHY,0,0,640,640,60.88,78.66,0.0776,43.65,-15.33,13.0,0.9086,93.47
SMP_01095,roboflow_sugarcane,train,HEALTHY,0,0,640,640,56.64,74.6,0.1332,38.51,-19.59,13.82,0.8665,160.08
SMP_01096,roboflow_sugarcane,train,HEALTHY,0,0,640,640,56.63,75.39,0.1626,35.8,-15.21,13.21,0.9007,119.06
SMP_01097,roboflow_sugarcane,train,HEALTHY,0,0,640,640,70.6,65.01,0.068,34.85,-14.72,8.97,0.8704,157.6
SMP_01098,roboflow_sugarcane,train,HEALTHY,0,0,640,640,48.27,79.58,0.0953,44.36,-13.22,14.41,0.8731,169.14
SMP_01099,roboflow_sugarcane,train,HEALTHY,0,0,640,640,82.77,76.73,0.063,44.99,-10.98,15.44,0.9023,112.33
SMP_01100,roboflow_sugarcane,train,HEALTHY,0,0,640,640,58.37,79.99,0.1185,48.57,-19.03,12.18,0.8333,178.41
SMP_01101,roboflow_sugarcane,train,HEALTHY,0,0,640,640,63.64,60.52,0.1398,45.37,-16.45,11.99,0.8623,109.83
SMP_01102,roboflow_sugarcane,train,HEALTHY,0,0,640,640,59.03,85.44,0.1221,48.31,-12.29,13.23,0.8937,145.09
SMP_01103,roboflow_sugarcane,train,HEALTHY,0,0,640,640,44.54,74.3,0.1478,41.22,-17.63,17.36,0.9073,116.6
SMP_01104,roboflow_sugarcane,train,HEALTHY,0,0,640,640,68.6,80.54,0.1366,46.63,-22.51,11.79,0.8852,90.4
SMP_01105,roboflow_sugarcane,train,HEALTHY,0,0,640,640,43.09,69.8,0.154,35.99,-12.52,14.06,0.8598,148.57
SMP_01106,roboflow_sugarcane,train,HEALTHY,0,0,640,640,76.22,78.06,0.1432,41.64,-17.26,12.06,0.8943,170.25
SMP_01107,roboflow_sugarcane,train,HEALTHY,0,0,640,640,46.56,69.73,0.1119,31.01,-17.53,13.99,0.8701,128.4
SMP_01108,roboflow_sugarcane,train,HEALTHY,0,0,640,640,40.1,71.88,0.1213,42.19,-14.52,9.31,0.9461,163.44
SMP_01109,roboflow_sugarcane,train,HEALTHY,0,0,640,640,85.88,84.57,0.1026,49.35,-14.98,16.99,0.8855,109.88
SMP_01110,roboflow_sugarcane,train,HEALTHY,0,0,640,640,38.91,74.05,0.1154,42.42,-11.01,13.42,0.8305,157.93
SMP_01111,roboflow_sugarcane,train,HEALTHY,0,0,640,640,74.43,76.09,0.1212,46.33,-20.0,11.8,0.8654,52.52
SMP_01112,roboflow_sugarcane,train,HEALTHY,0,0,640,640,33.73,79.35,0.1183,43.64,-5.95,11.87,0.8531,177.83
SMP_01113,roboflow_sugarcane,train,HEALTHY,0,0,640,640,36.85,77.48,0.1468,38.58,-20.66,13.2,0.8384,123.64
SMP_01114,roboflow_sugarcane,train,HEALTHY,0,0,640,640,39.89,75.75,0.1134,40.88,-16.55,17.51,0.8443,105.33
SMP_01115,roboflow_sugarcane,train,HEALTHY,0,0,640,640,36.82,76.82,0.1014,49.08,-18.47,16.37,0.8748,123.55
SMP_01116,roboflow_sugarcane,train,HEALTHY,0,0,640,640,72.2,87.02,0.1026,46.3,-14.78,11.83,0.855,197.95
SMP_01117,roboflow_sugarcane,train,HEALTHY,0,0,640,640,44.31,74.71,0.1331,38.29,-14.92,12.74,0.8881,154.54
SMP_01118,roboflow_sugarcane,train,HEALTHY,0,0,640,640,44.27,76.01,0.0919,33.68,-14.33,12.86,0.8882,134.62
SMP_01119,roboflow_sugarcane,train,HEALTHY,0,0,640,640,40.28,80.25,0.116,43.24,-13.95,7.62,0.8734,219.44
SMP_01120,roboflow_sugarcane,train,HEALTHY,0,0,640,640,61.14,80.53,0.1466,38.51,-9.77,11.92,0.8789,161.66
SMP_01121,roboflow_sugarcane,train,HEALTHY,0,0,640,640,38.87,80.94,0.1259,40.94,-14.37,13.03,0.9343,150.86
SMP_01122,roboflow_sugarcane,train,HEALTHY,0,0,640,640,30.98,78.19,0.1185,33.27,-9.45,10.23,0.9252,173.81
SMP_01123,roboflow_sugarcane,train,HEALTHY,0,0,640,640,36.21,69.28,0.1193,48.24,-22.0,16.82,0.8855,177.73
SMP_01124,roboflow_sugarcane,train,HEALTHY,0,0,640,640,57.25,83.17,0.0994,41.42,-23.74,9.69,0.8858,122.3
SMP_01125,roboflow_sugarcane,train,HEALTHY,0,0,640,640,76.49,69.27,0.1029,42.33,-14.49,9.96,0.8954,109.33
SMP_01126,roboflow_sugarcane,train,HEALTHY,0,0,640,640,45.75,76.51,0.1161,37.0,-13.69,14.23,0.8918,111.36
SMP_01127,roboflow_sugarcane,train,HEALTHY,0,0,640,640,46.64,71.23,0.1254,40.34,-17.14,13.2,0.8925,142.84
SMP_01128,roboflow_sugarcane,train,HEALTHY,0,0,640,640,71.78,74.68,0.139,42.73,-15.04,11.37,0.8331,139.11
SMP_01129,roboflow_sugarcane,train,HEALTHY,0,0,640,640,46.06,76.64,0.1219,38.32,-10.7,15.02,0.8816,122.31
SMP_01130,roboflow_sugarcane,train,HEALTHY,0,0,640,640,48.02,76.61,0.1471,40.7,-12.32,13.11,0.9023,112.97
SMP_01131,roboflow_sugarcane,train,HEALTHY,0,0,640,640,45.63,77.11,0.1521,50.32,-16.32,17.12,0.8737,178.1
SMP_01132,roboflow_sugarcane,train,HEALTHY,0,0,640,640,45.72,83.07,0.1359,31.5,-14.21,8.05,0.8541,123.22
SMP_01133,roboflow_sugarcane,train,HEALTHY,0,0,640,640,35.54,77.27,0.1445,43.11,-11.96,11.2,0.8765,106.82
SMP_01134,roboflow_sugarcane,train,HEALTHY,0,0,640,640,73.75,73.78,0.1002,37.29,-19.92,16.64,0.882,130.96
SMP_01135,roboflow_sugarcane,train,HEALTHY,0,0,640,640,66.89,79.82,0.097,50.02,-18.22,13.7,0.8382,114.51
SMP_01136,roboflow_sugarcane,train,HEALTHY,0,0,640,640,81.87,80.95,0.1304,40.92,-11.31,12.24,0.8635,117.69
SMP_01137,roboflow_sugarcane,train,HEALTHY,0,0,640,640,71.84,68.86,0.0932,35.72,-21.92,11.49,0.9015,141.06
SMP_01138,roboflow_sugarcane,train,HEALTHY,0,0,640,640,40.88,77.99,0.1142,40.71,-19.36,13.37,0.892,157.77
SMP_01139,roboflow_sugarcane,train,HEALTHY,0,0,640,640,54.51,78.51,0.1354,44.1,-19.85,9.64,0.8885,230.76
SMP_01140,roboflow_sugarcane,train,HEALTHY,0,0,640,640,41.69,73.51,0.1483,58.65,-11.33,8.91,0.926,193.85
SMP_01141,roboflow_sugarcane,train,HEALTHY,0,0,640,640,34.62,81.88,0.1149,29.34,-19.34,13.91,0.8845,101.95
SMP_01142,roboflow_sugarcane,train,HEALTHY,0,0,640,640,28.04,74.25,0.107,34.81,-11.83,14.64,0.8844,134.77
SMP_01143,roboflow_sugarcane,train,HEALTHY,0,0,640,640,61.17,75.63,0.1264,49.83,-16.41,14.85,0.9151,155.63
SMP_01144,roboflow_sugarcane,train,HEALTHY,0,0,640,640,28.18,74.13,0.0985,32.95,-7.89,11.43,0.8796,152.46
SMP_01145,roboflow_sugarcane,train,HEALTHY,0,0,640,640,43.18,75.08,0.1165,42.06,-14.49,11.33,0.8947,122.63
SMP_01146,roboflow_sugarcane,train,HEALTHY,0,0,640,640,85.27,69.52,0.1198,39.1,-10.73,12.49,0.8257,167.0
SMP_01147,roboflow_sugarcane,train,HEALTHY,0,0,640,640,52.23,67.8,0.1194,38.16,-13.16,10.02,0.8953,112.9
SMP_01148,roboflow_sugarcane,train,HEALTHY,0,0,640,640,41.35,82.97,0.1218,40.97,-16.8,14.16,0.8696,123.09
SMP_01149,roboflow_sugarcane,train,HEALTHY,0,0,640,640,72.17,70.77,0.1033,40.0,-15.05,11.76,0.8776,131.18
SMP_01150,roboflow_sugarcane,train,HEALTHY,0,0,640,640,39.29,70.04,0.1055,48.34,-14.97,12.33,0.9244,121.47
SMP_01151,roboflow_sugarcane,train,HEALTHY,0,0,640,640,45.94,64.23,0.1051,49.97,-16.85,12.06,0.8914,184.41
SMP_01152,roboflow_sugarcane,train,HEALTHY,0,0,640,640,50.03,71.81,0.0876,44.56,-11.45,13.79,0.8921,154.77
SMP_01153,roboflow_sugarcane,train,HEALTHY,0,0,640,640,63.88,68.38,0.1268,40.58,-4.96,13.22,0.8655,156.52
SMP_01154,roboflow_sugarcane,train,HEALTHY,0,0,640,640,77.62,83.21,0.1379,43.55,-14.54,17.27,0.8743,124.45
SMP_01155,roboflow_sugarcane,train,HEALTHY,0,0,640,640,42.75,80.05,0.1359,46.83,-12.13,11.54,0.9208,218.99
SMP_01156,roboflow_sugarcane,train,HEALTHY,0,0,640,640,82.01,71.56,0.1148,48.01,-12.88,16.98,0.8932,102.84
SMP_01157,roboflow_sugarcane,train,HEALTHY,0,0,640,640,35.85,86.26,0.1038,44.22,-25.44,7.97,0.9299,166.92
SMP_01158,roboflow_sugarcane,train,HEALTHY,0,0,640,640,62.9,79.91,0.1349,51.17,-13.03,13.72,0.8539,199.94
SMP_01159,roboflow_sugarcane,train,HEALTHY,0,0,640,640,76.35,73.38,0.1328,38.3,-13.23,8.54,0.8347,154.18
SMP_01160,roboflow_sugarcane,train,HEALTHY,0,0,640,640,31.85,62.5,0.1243,48.84,-19.99,9.94,0.8731,146.74
SMP_01161,roboflow_sugarcane,train,HEALTHY,0,0,640,640,54.08,86.45,0.1549,46.23,-22.15,10.06,0.9091,131.35
SMP_01162,roboflow_sugarcane,train,HEALTHY,0,0,640,640,59.9,68.05,0.1195,38.34,-13.29,9.87,0.8873,160.37
SMP_01163,roboflow_sugarcane,train,HEALTHY,0,0,640,640,33.17,66.77,0.1149,43.4,-8.42,10.98,0.8425,139.52
SMP_01164,roboflow_sugarcane,train,HEALTHY,0,0,640,640,60.44,80.11,0.112,43.81,-16.48,18.0,0.8654,190.83
SMP_01165,roboflow_sugarcane,train,HEALTHY,0,0,640,640,72.34,87.2,0.0888,41.15,-16.33,10.3,0.898,124.43
SMP_01166,roboflow_sugarcane,train,HEALTHY,0,0,640,640,56.52,81.92,0.1332,41.08,-5.77,8.47,0.9094,119.34
SMP_01167,roboflow_sugarcane,train,HEALTHY,0,0,640,640,56.61,77.82,0.1179,32.85,-11.42,13.73,0.8589,112.48
SMP_01168,roboflow_sugarcane,train,HEALTHY,0,0,640,640,98.18,77.97,0.1302,37.86,-19.86,13.11,0.9193,189.35
SMP_01169,roboflow_sugarcane,train,HEALTHY,0,0,640,640,78.82,79.27,0.1568,40.57,-17.85,18.04,0.9009,156.91
SMP_01170,roboflow_sugarcane,train,HEALTHY,0,0,640,640,71.49,78.79,0.1122,38.56,-6.28,12.4,0.8592,183.92
SMP_01171,roboflow_sugarcane,train,HEALTHY,0,0,640,640,31.45,76.41,0.0732,36.87,-17.65,6.78,0.9357,131.29
SMP_01172,roboflow_sugarcane,train,HEALTHY,0,0,640,640,38.92,75.52,0.1296,48.37,-17.13,11.43,0.8638,98.27
SMP_01173,roboflow_sugarcane,train,HEALTHY,0,0,640,640,83.02,74.69,0.1233,41.38,-12.32,11.38,0.8693,173.38
SMP_01174,roboflow_sugarcane,train,HEALTHY,0,0,640,640,74.54,71.23,0.1054,55.0,-16.05,9.42,0.9056,168.52
SMP_01175,roboflow_sugarcane,train,HEALTHY,0,0,640,640,44.33,73.6,0.1279,43.34,-13.23,11.09,0.8719,120.33
SMP_01176,roboflow_sugarcane,train,HEALTHY,0,0,640,640,69.56,66.54,0.1357,48.24,-13.85,12.13,0.9261,111.99
SMP_01177,roboflow_sugarcane,train,HEALTHY,0,0,640,640,56.55,74.51,0.1011,40.75,-15.58,12.35,0.9139,120.63
SMP_01178,roboflow_sugarcane,train,HEALTHY,0,0,640,640,52.46,70.06,0.114,38.03,-10.16,9.05,0.8922,134.3
SMP_01179,roboflow_sugarcane,train,HEALTHY,0,0,640,640,60.92,69.48,0.1495,43.58,-20.1,14.02,0.9052,144.77
SMP_01180,roboflow_sugarcane,train,HEALTHY,0,0,640,640,46.98,75.9,0.1056,49.77,-14.53,16.59,0.865,155.58
SMP_01181,roboflow_sugarcane,train,HEALTHY,0,0,640,640,37.88,81.96,0.1213,41.47,-17.32,13.2,0.8693,128.64
SMP_01182,roboflow_sugarcane,train,HEALTHY,0,0,640,640,51.56,79.59,0.0675,44.68,-8.43,15.27,0.8391,202.98
SMP_01183,roboflow_sugarcane,train,HEALTHY,0,0,640,640,36.53,67.15,0.0904,43.55,-15.7,12.95,0.8912,201.95
SMP_01184,roboflow_sugarcane,train,HEALTHY,0,0,640,640,23.47,70.05,0.1232,41.41,-7.31,9.88,0.9452,149.37
SMP_01185,roboflow_sugarcane,train,HEALTHY,0,0,640,640,37.45,79.7,0.1446,41.72,-16.69,13.18,0.8626,150.95
SMP_01186,roboflow_sugarcane,train,HEALTHY,0,0,640,640,69.87,70.09,0.0928,36.01,-14.56,11.24,0.8236,123.31
SMP_01187,roboflow_sugarcane,train,HEALTHY,0,0,640,640,37.17,73.88,0.1215,41.93,-10.65,9.73,0.9017,176.47
SMP_01188,roboflow_sugarcane,train,HEALTHY,0,0,640,640,39.42,77.75,0.1125,45.92,-18.82,12.3,0.8898,147.14
SMP_01189,roboflow_sugarcane,train,HEALTHY,0,0,640,640,45.54,70.16,0.1391,43.77,-8.96,14.55,0.8964,99.26
SMP_01190,roboflow_sugarcane,train,HEALTHY,0,0,640,640,28.59,75.53,0.0956,43.11,-14.9,11.65,0.8696,122.71
SMP_01191,roboflow_sugarcane,train,HEALTHY,0,0,640,640,57.96,68.33,0.1286,46.35,-13.35,17.35,0.8278,143.32
SMP_01192,roboflow_sugarcane,train,HEALTHY,0,0,640,640,73.8,71.99,0.1069,43.17,-12.82,14.88,0.8518,174.87
SMP_01193,roboflow_sugarcane,train,HEALTHY,0,0,640,640,62.93,76.6,0.1245,42.08,-15.3,11.13,0.8221,69.65
SMP_01194,roboflow_sugarcane,train,HEALTHY,0,0,640,640,38.18,67.04,0.1214,46.41,-18.24,11.05,0.9076,151.94
SMP_01195,roboflow_sugarcane,train,HEALTHY,0,0,640,640,74.92,77.2,0.115,42.82,-14.62,17.86,0.897,141.18
SMP_01196,roboflow_sugarcane,train,HEALTHY,0,0,640,640,39.29,74.9,0.1296,40.58,-23.05,11.66,0.8711,125.51
SMP_01197,roboflow_sugarcane,train,HEALTHY,0,0,640,640,78.3,77.76,0.1209,44.81,-20.24,13.41,0.847,128.72
SMP_01198,roboflow_sugarcane,train,HEALTHY,0,0,640,640,64.21,76.12,0.1173,41.79,-15.56,13.55,0.871,171.74
SMP_01199,roboflow_sugarcane,train,HEALTHY,0,0,640,640,40.75,81.82,0.1129,40.31,-8.81,8.19,0.8284,140.68
SMP_01200,roboflow_sugarcane,train,HEALTHY,0,0,640,640,84.42,75.63,0.1216,42.93,-8.93,8.22,0.8635,68.34
SMP_01201,roboflow_sugarcane,train,HEALTHY,0,0,640,640,79.74,72.85,0.1244,43.0,-11.08,14.64,0.9468,139.76
SMP_01202,roboflow_sugarcane,train,HEALTHY,0,0,640,640,46.72,75.61,0.1002,35.38,-21.16,9.88,0.8858,157.46
SMP_01203,roboflow_sugarcane,train,HEALTHY,0,0,640,640,46.79,77.72,0.113,44.0,-13.8,12.53,0.9514,120.88
SMP_01204,roboflow_sugarcane,train,HEALTHY,0,0,640,640,88.63,75.24,0.0989,53.08,-18.44,8.72,0.8253,89.3
SMP_01205,roboflow_sugarcane,train,HEALTHY,0,0,640,640,41.09,75.2,0.1192,36.12,-15.27,11.68,0.8743,176.48
SMP_01206,roboflow_sugarcane,train,HEALTHY,0,0,640,640,38.78,71.49,0.1082,38.98,-11.18,13.03,0.8473,126.81
SMP_01207,roboflow_sugarcane,train,HEALTHY,0,0,640,640,78.18,71.69,0.1354,58.68,-12.37,7.35,0.8625,148.23
SMP_01208,roboflow_sugarcane,train,HEALTHY,0,0,640,640,61.49,67.99,0.1335,37.07,-9.87,12.64,0.8797,83.01
SMP_01209,roboflow_sugarcane,train,HEALTHY,0,0,640,640,52.4,83.75,0.1015,49.72,-20.64,12.77,0.8664,176.65
SMP_01210,roboflow_sugarcane,train,HEALTHY,0,0,640,640,26.13,68.78,0.12,40.63,-19.09,11.33,0.8468,102.81
SMP_01211,roboflow_sugarcane,train,HEALTHY,0,0,640,640,74.47,71.54,0.1328,42.36,-8.97,9.75,0.8637,181.52
SMP_01212,roboflow_sugarcane,train,HEALTHY,0,0,640,640,50.12,71.41,0.1165,41.21,-8.91,11.56,0.851,121.73
SMP_01213,roboflow_sugarcane,train,HEALTHY,0,0,640,640,29.13,79.47,0.1054,44.55,-15.06,11.56,0.8889,152.5
SMP_01214,roboflow_sugarcane,train,HEALTHY,0,0,640,640,67.94,73.53,0.0982,32.52,-15.09,17.31,0.9071,166.86
SMP_01215,roboflow_sugarcane,train,HEALTHY,0,0,640,640,41.23,81.24,0.1371,43.12,-10.31,12.2,0.9157,103.17
SMP_01216,roboflow_sugarcane,train,HEALTHY,0,0,640,640,66.99,71.63,0.1381,39.58,-12.87,11.34,0.8851,158.71
SMP_01217,roboflow_sugarcane,train,HEALTHY,0,0,640,640,78.07,76.39,0.1158,30.82,-12.57,12.19,0.8788,161.89
SMP_01218,roboflow_sugarcane,train,HEALTHY,0,0,640,640,61.53,70.82,0.1353,48.73,-18.7,13.56,0.8344,86.25
SMP_01219,roboflow_sugarcane,train,HEALTHY,0,0,640,640,29.26,85.73,0.0607,29.35,-10.4,13.47,0.8775,126.46
SMP_01220,roboflow_sugarcane,train,HEALTHY,0,0,640,640,64.27,69.06,0.1466,54.89,-15.8,13.62,0.8869,98.39
SMP_01221,roboflow_sugarcane,train,HEALTHY,0,0,640,640,43.62,76.55,0.1169,45.7,-20.57,14.01,0.8702,77.4
SMP_01222,roboflow_sugarcane,train,HEALTHY,0,0,640,640,31.02,78.17,0.1228,33.83,-18.13,8.85,0.8449,133.69
SMP_01223,roboflow_sugarcane,train,HEALTHY,0,0,640,640,69.33,77.07,0.1136,50.03,-17.39,13.79,0.9029,132.21
SMP_01224,roboflow_sugarcane,train,HEALTHY,0,0,640,640,63.71,74.07,0.1479,37.5,-9.09,12.96,0.8553,120.18
SMP_01225,roboflow_sugarcane,train,HEALTHY,0,0,640,640,29.57,74.35,0.0988,37.77,-17.79,10.94,0.9065,114.37
SMP_01226,roboflow_sugarcane,train,HEALTHY,0,0,640,640,34.63,75.22,0.1495,31.19,-13.46,12.77,0.9042,91.58
SMP_01227,roboflow_sugarcane,train,HEALTHY,0,0,640,640,80.67,74.26,0.1279,36.82,-23.44,12.23,0.8163,141.63
SMP_01228,roboflow_sugarcane,train,HEALTHY,0,0,640,640,57.19,79.82,0.1325,37.52,-11.25,12.45,0.9051,159.29
SMP_01229,roboflow_sugarcane,train,HEALTHY,0,0,640,640,47.29,86.05,0.1134,46.91,-18.17,12.94,0.8741,151.66
SMP_01230,roboflow_sugarcane,train,HEALTHY,0,0,640,640,31.14,72.21,0.0938,49.0,-13.44,8.3,0.8303,90.65
SMP_01231,roboflow_sugarcane,train,HEALTHY,0,0,640,640,74.01,68.15,0.1386,34.56,-13.44,13.16,0.8618,163.97
SMP_01232,roboflow_sugarcane,train,MOSAIC,2,3,640,640,44.98,57.02,0.1972,21.17,-12.01,22.01,0.6755,171.97
SMP_01233,roboflow_sugarcane,train,MOSAIC,2,3,640,640,43.15,57.4,0.229,19.57,8.59,32.66,0.7521,212.07
SMP_01234,roboflow_sugarcane,train,MOSAIC,2,3,640,640,75.74,41.04,0.2315,25.0,13.76,35.55,0.6071,119.56
SMP_01235,roboflow_sugarcane,train,MOSAIC,2,3,640,640,37.65,71.37,0.1269,13.16,16.15,24.93,0.6963,159.69
SMP_01236,roboflow_sugarcane,train,MOSAIC,2,3,640,640,54.49,51.21,0.2866,21.29,4.46,28.62,0.7006,189.01
SMP_01237,roboflow_sugarcane,train,MOSAIC,2,3,640,640,33.76,58.24,0.1872,20.72,-6.48,31.08,0.634,158.7
SMP_01238,roboflow_sugarcane,train,MOSAIC,2,3,640,640,33.44,46.73,0.2348,21.07,2.69,27.18,0.6639,232.06
SMP_01239,roboflow_sugarcane,train,MOSAIC,2,3,640,640,53.8,44.78,0.2362,28.22,-6.6,30.16,0.6546,133.25
SMP_01240,roboflow_sugarcane,train,MOSAIC,2,3,640,640,35.83,67.96,0.0755,16.6,15.3,36.32,0.7512,126.98
SMP_01241,roboflow_sugarcane,train,MOSAIC,2,3,640,640,59.17,54.48,0.1672,15.76,8.63,18.11,0.6658,86.27
SMP_01242,roboflow_sugarcane,train,MOSAIC,2,3,640,640,34.42,65.42,0.242,15.09,0.9,32.01,0.6829,139.16
SMP_01243,roboflow_sugarcane,train,MOSAIC,2,3,640,640,53.67,51.06,0.2031,14.75,10.94,38.85,0.7577,142.4
SMP_01244,roboflow_sugarcane,train,MOSAIC,2,3,640,640,67.88,37.82,0.2344,28.82,16.75,32.42,0.7173,150.29
SMP_01245,roboflow_sugarcane,train,MOSAIC,2,3,640,640,83.45,41.0,0.2046,19.43,11.27,18.57,0.692,157.82
SMP_01246,roboflow_sugarcane,train,MOSAIC,2,3,640,640,39.65,49.24,0.2615,28.18,21.0,35.92,0.614,135.49
SMP_01247,roboflow_sugarcane,train,MOSAIC,2,3,640,640,51.16,40.48,0.2057,22.17,-2.08,25.9,0.6764,150.41
SMP_01248,roboflow_sugarcane,train,MOSAIC,2,3,640,640,36.9,34.71,0.2712,13.01,12.78,29.6,0.7169,132.75
SMP_01249,roboflow_sugarcane,train,MOSAIC,2,3,640,640,38.82,62.42,0.151,7.94,-6.67,32.25,0.8012,158.24
SMP_01250,roboflow_sugarcane,train,MOSAIC,2,3,640,640,41.56,41.46,0.1936,8.38,20.15,34.78,0.5187,100.37
SMP_01251,roboflow_sugarcane,train,MOSAIC,2,3,640,640,72.82,49.66,0.1703,12.87,10.82,21.09,0.6528,120.64
SMP_01252,roboflow_sugarcane,train,MOSAIC,2,3,640,640,83.71,51.55,0.2194,28.16,2.01,26.38,0.6417,151.5
SMP_01253,roboflow_sugarcane,train,MOSAIC,2,3,640,640,61.51,40.94,0.1861,30.41,-4.25,27.72,0.626,163.15
SMP_01254,roboflow_sugarcane,train,MOSAIC,2,3,640,640,36.0,65.41,0.1885,20.74,0.68,20.79,0.5595,136.47
SMP_01255,roboflow_sugarcane,train,MOSAIC,2,3,640,640,65.16,34.59,0.1648,27.42,2.92,30.72,0.7445,130.89
SMP_01256,roboflow_sugarcane,train,MOSAIC,2,3,640,640,40.61,51.14,0.177,15.56,6.73,24.46,0.7296,134.11
SMP_01257,roboflow_sugarcane,train,MOSAIC,2,3,640,640,41.79,50.95,0.1995,14.98,4.86,26.51,0.7246,114.72
SMP_01258,roboflow_sugarcane,train,MOSAIC,2,3,640,640,47.34,47.35,0.0989,26.17,-0.07,23.06,0.6641,134.01
SMP_01259,roboflow_sugarcane,train,MOSAIC,2,3,640,640,55.63,32.44,0.0849,21.33,14.26,29.49,0.6431,172.78
SMP_01260,roboflow_sugarcane,train,MOSAIC,2,3,640,640,73.6,58.45,0.203,25.87,-8.59,22.48,0.6125,138.26
SMP_01261,roboflow_sugarcane,train,MOSAIC,2,3,640,640,35.29,56.92,0.0615,20.41,9.59,25.77,0.709,132.34
SMP_01262,roboflow_sugarcane,train,MOSAIC,2,3,640,640,47.57,39.89,0.1903,17.0,6.49,26.07,0.6196,135.44
SMP_01263,roboflow_sugarcane,train,MOSAIC,2,3,640,640,72.07,56.49,0.1811,18.27,4.94,22.78,0.728,195.8
SMP_01264,roboflow_sugarcane,train,MOSAIC,2,3,640,640,86.92,52.5,0.2271,22.46,10.04,15.07,0.6053,167.8
SMP_01265,roboflow_sugarcane,train,MOSAIC,2,3,640,640,81.18,32.63,0.1664,21.92,-0.34,30.11,0.7874,167.42
SMP_01266,roboflow_sugarcane,train,MOSAIC,2,3,640,640,78.99,37.75,0.2785,12.54,-1.16,25.82,0.673,157.76
SMP_01267,roboflow_sugarcane,train,MOSAIC,2,3,640,640,34.21,61.66,0.2424,19.03,2.68,23.9,0.6494,157.44
SMP_01268,roboflow_sugarcane,train,MOSAIC,2,3,640,640,73.59,51.71,0.1244,7.84,0.79,25.81,0.6436,167.5
SMP_01269,roboflow_sugarcane,train,MOSAIC,2,3,640,640,30.91,41.23,0.1858,17.21,3.1,31.04,0.7638,193.02
SMP_01270,roboflow_sugarcane,train,MOSAIC,2,3,640,640,79.57,37.7,0.2764,12.63,10.76,38.93,0.709,147.61
SMP_01271,roboflow_sugarcane,train,MOSAIC,2,3,640,640,81.44,41.82,0.1651,-4.37,5.88,15.69,0.8231,148.05
SMP_01272,roboflow_sugarcane,train,MOSAIC,2,3,640,640,25.25,42.67,0.1974,37.68,5.24,28.56,0.7562,182.12
SMP_01273,roboflow_sugarcane,train,MOSAIC,2,3,640,640,51.99,37.85,0.2702,13.82,6.85,23.17,0.62,145.65
SMP_01274,roboflow_sugarcane,train,MOSAIC,2,3,640,640,75.88,27.1,0.173,12.47,2.36,34.58,0.674,172.55
SMP_01275,roboflow_sugarcane,train,MOSAIC,2,3,640,640,68.31,61.68,0.2561,32.98,12.23,18.11,0.691,130.87
SMP_01276,roboflow_sugarcane,train,MOSAIC,2,3,640,640,26.75,59.65,0.1545,10.62,9.52,26.59,0.6936,99.29
SMP_01277,roboflow_sugarcane,train,MOSAIC,2,3,640,640,32.77,32.72,0.0556,8.39,5.04,25.06,0.7741,101.89
SMP_01278,roboflow_sugarcane,train,MOSAIC,2,3,640,640,38.26,49.64,0.2614,18.36,-4.06,19.29,0.6573,192.45
SMP_01279,roboflow_sugarcane,train,MOSAIC,2,3,640,640,24.06,37.17,0.2219,16.04,15.47,22.1,0.6207,225.65
SMP_01280,roboflow_sugarcane,train,MOSAIC,2,3,640,640,21.14,44.86,0.2252,14.89,10.32,24.16,0.7249,141.96
SMP_01281,roboflow_sugarcane,train,MOSAIC,2,3,640,640,81.25,43.86,0.1454,12.66,9.54,26.91,0.7158,125.56
SMP_01282,roboflow_sugarcane,train,MOSAIC,2,3,640,640,43.12,42.87,0.1493,18.49,18.59,11.67,0.6388,151.52
SMP_01283,roboflow_sugarcane,train,MOSAIC,2,3,640,640,81.05,72.04,0.2575,33.09,10.56,24.31,0.5539,121.74
SMP_01284,roboflow_sugarcane,train,MOSAIC,2,3,640,640,30.58,42.72,0.2122,7.11,4.61,30.58,0.8207,200.69
SMP_01285,roboflow_sugarcane,train,MOSAIC,2,3,640,640,36.55,38.3,0.1941,26.72,0.91,33.96,0.7789,117.77
SMP_01286,roboflow_sugarcane,train,MOSAIC,2,3,640,640,64.71,38.85,0.211,32.27,0.6,27.9,0.6213,102.08
SMP_01287,roboflow_sugarcane,train,MOSAIC,2,3,640,640,84.06,60.53,0.2754,14.99,7.21,29.28,0.6701,145.81
SMP_01288,roboflow_sugarcane,train,MOSAIC,2,3,640,640,47.02,28.17,0.2362,23.01,12.73,18.42,0.678,161.66
SMP_01289,roboflow_sugarcane,train,MOSAIC,2,3,640,640,62.46,38.85,0.1763,19.02,12.82,23.97,0.7227,140.03
SMP_01290,roboflow_sugarcane,train,MOSAIC,2,3,640,640,70.62,65.36,0.1298,6.25,-6.04,18.54,0.6602,183.76
SMP_01291,roboflow_sugarcane,train,MOSAIC,2,3,640,640,30.17,50.93,0.2294,29.75,12.4,24.88,0.6512,143.13
SMP_01292,roboflow_sugarcane,train,MOSAIC,2,3,640,640,31.63,50.3,0.1538,20.28,2.63,39.77,0.6718,129.46
SMP_01293,roboflow_sugarcane,train,MOSAIC,2,3,640,640,77.57,73.59,0.1409,15.83,0.29,34.77,0.615,221.37
SMP_01294,roboflow_sugarcane,train,MOSAIC,2,3,640,640,57.58,50.96,0.2658,7.83,7.93,30.75,0.7467,153.39
SMP_01295,roboflow_sugarcane,train,MOSAIC,2,3,640,640,46.55,39.5,0.2436,24.17,11.3,27.91,0.7232,121.24
SMP_01296,roboflow_sugarcane,train,MOSAIC,2,3,640,640,29.75,44.62,0.2193,21.22,-4.87,24.49,0.6108,109.0
SMP_01297,roboflow_sugarcane,train,MOSAIC,2,3,640,640,79.94,34.37,0.1381,24.85,6.74,29.91,0.7036,107.65
SMP_01298,roboflow_sugarcane,train,MOSAIC,2,3,640,640,30.52,63.07,0.2895,24.44,-7.97,22.39,0.6352,51.89
SMP_01299,roboflow_sugarcane,train,MOSAIC,2,3,640,640,76.68,54.89,0.2514,13.49,11.34,38.99,0.6897,179.28
SMP_01300,roboflow_sugarcane,train,MOSAIC,2,3,640,640,50.82,61.49,0.1848,-7.36,-3.88,30.98,0.5401,137.14
SMP_01301,roboflow_sugarcane,train,MOSAIC,2,3,640,640,32.28,62.56,0.1742,19.12,6.53,31.82,0.6633,163.18
SMP_01302,roboflow_sugarcane,train,MOSAIC,2,3,640,640,31.73,43.03,0.2039,18.58,2.07,23.04,0.7715,146.99
SMP_01303,roboflow_sugarcane,train,MOSAIC,2,3,640,640,47.55,36.66,0.1761,21.31,0.44,23.24,0.6054,68.79
SMP_01304,roboflow_sugarcane,train,MOSAIC,2,3,640,640,29.99,47.38,0.3106,32.14,-11.0,21.56,0.6551,133.49
SMP_01305,roboflow_sugarcane,train,MOSAIC,2,3,640,640,77.08,37.53,0.1807,19.61,-6.19,18.5,0.7681,136.87
SMP_01306,roboflow_sugarcane,train,MOSAIC,2,3,640,640,53.73,49.98,0.1466,25.54,4.4,34.35,0.7996,183.89
SMP_01307,roboflow_sugarcane,train,MOSAIC,2,3,640,640,42.07,61.59,0.2794,23.02,-2.44,30.1,0.7336,169.38
SMP_01308,roboflow_sugarcane,train,MOSAIC,2,3,640,640,76.92,45.98,0.1715,8.92,2.45,23.52,0.7889,136.45
SMP_01309,roboflow_sugarcane,train,MOSAIC,2,3,640,640,26.47,49.8,0.2393,9.68,-1.29,22.38,0.762,139.46
SMP_01310,roboflow_sugarcane,train,MOSAIC,2,3,640,640,24.12,46.87,0.2338,29.23,2.77,34.77,0.5604,117.85
SMP_01311,roboflow_sugarcane,train,MOSAIC,2,3,640,640,21.14,57.63,0.1971,12.96,-4.61,29.11,0.7194,113.25
SMP_01312,roboflow_sugarcane,train,MOSAIC,2,3,640,640,52.68,39.99,0.1514,22.95,1.19,23.47,0.6967,118.5
SMP_01313,roboflow_sugarcane,train,MOSAIC,2,3,640,640,80.04,21.64,0.1976,11.81,2.86,32.97,0.6076,135.47
SMP_01314,roboflow_sugarcane,train,MOSAIC,2,3,640,640,66.23,53.65,0.1415,25.97,5.24,37.42,0.5607,144.68
SMP_01315,roboflow_sugarcane,train,MOSAIC,2,3,640,640,34.1,59.85,0.1988,21.98,-9.6,22.53,0.7379,132.3
SMP_01316,roboflow_sugarcane,train,MOSAIC,2,3,640,640,41.19,53.36,0.2386,17.62,5.41,23.49,0.6718,151.07
SMP_01317,roboflow_sugarcane,train,MOSAIC,2,3,640,640,60.68,40.32,0.2859,25.33,-3.9,24.67,0.6895,128.07
SMP_01318,roboflow_sugarcane,train,MOSAIC,2,3,640,640,30.62,34.38,0.1456,22.08,-5.93,27.78,0.7239,161.4
SMP_01319,roboflow_sugarcane,train,MOSAIC,2,3,640,640,66.41,53.93,0.1875,14.22,14.85,25.79,0.8,200.36
SMP_01320,roboflow_sugarcane,train,MOSAIC,2,3,640,640,77.99,49.7,0.1738,20.1,10.84,17.24,0.6352,179.1
SMP_01321,roboflow_sugarcane,train,MOSAIC,2,3,640,640,29.82,46.49,0.2137,25.35,9.41,20.51,0.6551,109.69
SMP_01322,roboflow_sugarcane,train,MOSAIC,2,3,640,640,33.21,69.87,0.1239,28.86,3.23,26.76,0.6576,123.39
SMP_01323,roboflow_sugarcane,train,MOSAIC,2,3,640,640,61.36,36.64,0.1536,18.97,0.35,35.06,0.6337,179.0
SMP_01324,roboflow_sugarcane,train,MOSAIC,2,3,640,640,37.34,69.3,0.1154,34.29,16.9,27.29,0.8097,91.72
SMP_01325,roboflow_sugarcane,train,MOSAIC,2,3,640,640,67.12,48.38,0.1281,14.04,6.08,31.56,0.7485,132.49
SMP_01326,roboflow_sugarcane,train,MOSAIC,2,3,640,640,30.71,25.97,0.167,7.55,-2.19,28.05,0.7257,141.98
SMP_01327,roboflow_sugarcane,train,MOSAIC,2,3,640,640,80.36,45.85,0.2835,8.71,-2.96,25.04,0.7205,133.38
SMP_01328,roboflow_sugarcane,train,MOSAIC,2,3,640,640,34.16,59.51,0.2174,19.92,7.49,20.75,0.6728,134.01
SMP_01329,roboflow_sugarcane,train,MOSAIC,2,3,640,640,58.54,43.62,0.2032,20.1,2.22,28.25,0.5186,150.88
SMP_01330,roboflow_sugarcane,train,MOSAIC,2,3,640,640,78.06,30.3,0.2673,21.0,13.27,33.39,0.8309,143.28
SMP_01331,roboflow_sugarcane,train,MOSAIC,2,3,640,640,37.74,46.03,0.2192,14.66,5.58,18.4,0.6593,116.36
SMP_01332,roboflow_sugarcane,train,MOSAIC,2,3,640,640,54.61,37.71,0.2239,37.81,-4.6,29.43,0.7407,193.51
SMP_01333,roboflow_sugarcane,train,MOSAIC,2,3,640,640,35.45,53.9,0.1763,32.09,19.89,22.66,0.7521,140.37
SMP_01334,roboflow_sugarcane,train,MOSAIC,2,3,640,640,84.98,57.28,0.1681,10.85,-3.16,28.11,0.6717,152.73
SMP_01335,roboflow_sugarcane,train,MOSAIC,2,3,640,640,81.83,35.32,0.1344,19.18,-4.78,21.55,0.8314,132.4
SMP_01336,roboflow_sugarcane,train,MOSAIC,2,3,640,640,44.07,39.53,0.1699,20.39,4.33,26.87,0.7585,142.0
SMP_01337,roboflow_sugarcane,train,MOSAIC,2,3,640,640,33.78,57.08,0.186,25.49,8.73,20.32,0.6322,117.97
SMP_01338,roboflow_sugarcane,train,MOSAIC,2,3,640,640,37.96,37.69,0.2172,7.81,-2.2,31.82,0.7455,103.28
SMP_01339,roboflow_sugarcane,train,MOSAIC,2,3,640,640,74.82,35.01,0.1982,6.29,10.56,26.33,0.7646,161.89
SMP_01340,roboflow_sugarcane,train,MOSAIC,2,3,640,640,81.79,33.86,0.1817,10.25,1.05,36.73,0.6804,114.27
SMP_01341,roboflow_sugarcane,train,MOSAIC,2,3,640,640,68.82,52.22,0.1544,32.03,24.56,27.83,0.728,132.65
SMP_01342,roboflow_sugarcane,train,MOSAIC,2,3,640,640,42.78,51.71,0.22,14.76,7.67,20.01,0.6695,194.34
SMP_01343,roboflow_sugarcane,train,MOSAIC,2,3,640,640,63.57,39.79,0.1751,26.47,-3.68,16.46,0.6498,179.85
SMP_01344,roboflow_sugarcane,train,MOSAIC,2,3,640,640,38.71,48.06,0.2177,24.71,-0.63,34.52,0.6921,117.69
SMP_01345,roboflow_sugarcane,train,MOSAIC,2,3,640,640,63.06,66.33,0.1043,18.56,8.95,22.41,0.6923,154.14
SMP_01346,roboflow_sugarcane,train,MOSAIC,2,3,640,640,38.27,36.31,0.2168,26.62,-1.5,20.08,0.6652,97.96
SMP_01347,roboflow_sugarcane,train,MOSAIC,2,3,640,640,68.27,24.58,0.2373,10.18,4.39,34.07,0.5359,179.91
SMP_01348,roboflow_sugarcane,train,MOSAIC,2,3,640,640,40.42,53.46,0.231,16.23,20.76,23.39,0.7919,143.46
SMP_01349,roboflow_sugarcane,train,MOSAIC,2,3,640,640,30.89,46.68,0.1902,2.27,10.12,31.48,0.773,175.67
SMP_01350,roboflow_sugarcane,train,MOSAIC,2,3,640,640,74.97,39.48,0.2458,20.78,9.76,28.12,0.624,149.9
SMP_01351,roboflow_sugarcane,train,MOSAIC,2,3,640,640,75.69,55.82,0.1364,13.66,20.87,14.51,0.6614,129.02
SMP_01352,roboflow_sugarcane,train,MOSAIC,2,3,640,640,68.83,58.07,0.1955,37.52,-1.07,29.84,0.613,133.08
SMP_01353,roboflow_sugarcane,train,MOSAIC,2,3,640,640,81.29,21.5,0.1903,20.47,4.87,20.16,0.572,130.01
SMP_01354,roboflow_sugarcane,train,MOSAIC,2,3,640,640,46.09,40.17,0.2518,26.55,2.57,18.6,0.6102,154.27
SMP_01355,roboflow_sugarcane,train,MOSAIC,2,3,640,640,46.29,75.81,0.099,25.22,-0.01,12.7,0.6897,117.94
SMP_01356,roboflow_sugarcane,train,MOSAIC,2,3,640,640,76.79,55.0,0.1471,19.38,2.96,19.07,0.7089,141.85
SMP_01357,roboflow_sugarcane,train,MOSAIC,2,3,640,640,58.28,56.11,0.2874,27.94,1.35,23.86,0.6152,144.71
SMP_01358,roboflow_sugarcane,train,MOSAIC,2,3,640,640,39.11,62.07,0.0785,20.26,-0.26,26.48,0.6621,93.23
SMP_01359,roboflow_sugarcane,train,MOSAIC,2,3,640,640,46.75,48.2,0.2407,23.8,2.64,26.9,0.7014,107.67
SMP_01360,roboflow_sugarcane,train,MOSAIC,2,3,640,640,82.76,57.56,0.165,38.86,-0.23,31.3,0.637,91.33
SMP_01361,roboflow_sugarcane,train,MOSAIC,2,3,640,640,54.81,56.62,0.2127,21.54,7.59,15.79,0.7165,132.31
SMP_01362,roboflow_sugarcane,train,MOSAIC,2,3,640,640,39.84,54.47,0.2707,15.78,-2.64,13.51,0.6149,138.08
SMP_01363,roboflow_sugarcane,train,MOSAIC,2,3,640,640,39.41,44.14,0.2147,14.34,13.14,40.89,0.8236,162.71
SMP_01364,roboflow_sugarcane,train,MOSAIC,2,3,640,640,80.51,50.06,0.2717,19.34,10.81,25.66,0.6388,115.4
SMP_01365,roboflow_sugarcane,train,MOSAIC,2,3,640,640,35.66,40.94,0.1754,20.94,8.57,29.21,0.659,100.7
SMP_01366,roboflow_sugarcane,train,MOSAIC,2,3,640,640,54.08,48.15,0.182,20.47,1.33,17.37,0.6068,124.98
SMP_01367,roboflow_sugarcane,train,MOSAIC,2,3,640,640,34.03,33.98,0.2393,7.34,5.35,30.09,0.538,152.24
SMP_01368,roboflow_sugarcane,train,MOSAIC,2,3,640,640,57.27,38.51,0.178,1.89,4.0,32.29,0.7089,192.51
SMP_01369,roboflow_sugarcane,train,MOSAIC,2,3,640,640,33.32,44.61,0.2299,12.25,5.22,14.54,0.5949,143.7
SMP_01370,roboflow_sugarcane,train,MOSAIC,2,3,640,640,71.36,36.68,0.2592,20.47,-5.71,28.93,0.6965,110.37
SMP_01371,roboflow_sugarcane,train,MOSAIC,2,3,640,640,71.44,41.94,0.2434,20.51,5.84,28.82,0.6408,153.57
SMP_01372,roboflow_sugarcane,train,MOSAIC,2,3,640,640,35.75,46.03,0.1211,23.64,7.6,11.04,0.766,143.84
SMP_01373,roboflow_sugarcane,train,MOSAIC,2,3,640,640,48.15,52.83,0.1829,22.9,16.55,27.09,0.678,141.96
SMP_01374,roboflow_sugarcane,train,MOSAIC,2,3,640,640,39.0,59.39,0.2141,16.0,-3.05,22.09,0.5727,100.62
SMP_01375,roboflow_sugarcane,train,MOSAIC,2,3,640,640,73.84,42.43,0.1878,11.83,-4.48,28.76,0.6895,153.37
SMP_01376,roboflow_sugarcane,train,MOSAIC,2,3,640,640,78.74,64.02,0.204,24.17,12.87,30.19,0.8556,127.51
SMP_01377,roboflow_sugarcane,train,MOSAIC,2,3,640,640,36.84,59.26,0.2148,21.81,-7.1,28.81,0.6665,126.4
SMP_01378,roboflow_sugarcane,train,MOSAIC,2,3,640,640,58.58,54.05,0.1737,11.25,16.64,24.16,0.6451,168.18
SMP_01379,roboflow_sugarcane,train,MOSAIC,2,3,640,640,82.98,49.84,0.1903,25.0,14.46,23.4,0.7238,159.09
SMP_01380,roboflow_sugarcane,train,MOSAIC,2,3,640,640,46.02,51.83,0.1409,27.66,9.65,27.27,0.638,106.8
SMP_01381,roboflow_sugarcane,train,MOSAIC,2,3,640,640,66.92,62.24,0.1761,26.32,-7.14,24.45,0.685,186.43
SMP_01382,roboflow_sugarcane,train,MOSAIC,2,3,640,640,52.29,62.68,0.1237,27.72,3.72,17.13,0.6937,172.5
SMP_01383,roboflow_sugarcane,train,MOSAIC,2,3,640,640,37.3,64.02,0.2058,14.0,4.58,27.16,0.6095,115.47
SMP_01384,roboflow_sugarcane,train,MOSAIC,2,3,640,640,68.48,48.5,0.1903,26.81,7.31,24.91,0.7388,75.75
SMP_01385,roboflow_sugarcane,train,MOSAIC,2,3,640,640,36.99,54.66,0.1542,18.74,9.43,24.9,0.7582,151.41
SMP_01386,roboflow_sugarcane,train,MOSAIC,2,3,640,640,64.97,64.12,0.2893,36.36,-0.99,23.86,0.6265,149.32
SMP_01387,roboflow_sugarcane,train,MOSAIC,2,3,640,640,65.46,40.52,0.1877,27.15,13.49,24.81,0.7331,113.37
SMP_01388,roboflow_sugarcane,train,MOSAIC,2,3,640,640,76.15,44.18,0.2143,23.44,9.16,22.09,0.7402,196.23
SMP_01389,roboflow_sugarcane,train,MOSAIC,2,3,640,640,71.13,48.19,0.1681,33.73,9.08,31.14,0.6793,138.15
SMP_01390,roboflow_sugarcane,train,MOSAIC,2,3,640,640,36.43,58.8,0.1793,15.95,3.21,23.38,0.7848,139.68
SMP_01391,roboflow_sugarcane,train,MOSAIC,2,3,640,640,41.81,58.98,0.2162,24.41,8.11,26.48,0.795,151.02
SMP_01392,roboflow_sugarcane,train,MOSAIC,2,3,640,640,76.96,45.23,0.1834,37.88,-12.14,21.76,0.6404,178.32
SMP_01393,roboflow_sugarcane,train,MOSAIC,2,3,640,640,80.19,29.9,0.2002,26.51,8.18,19.43,0.7129,150.27
SMP_01394,roboflow_sugarcane,train,MOSAIC,2,3,640,640,77.97,50.95,0.2403,21.21,18.26,25.32,0.7172,143.97
SMP_01395,roboflow_sugarcane,train,MOSAIC,2,3,640,640,86.79,36.98,0.1741,17.84,11.25,30.06,0.7428,98.37
SMP_01396,roboflow_sugarcane,train,MOSAIC,2,3,640,640,35.7,30.12,0.1334,12.25,10.31,32.22,0.7177,140.14
SMP_01397,roboflow_sugarcane,train,MOSAIC,2,3,640,640,69.58,32.83,0.1237,17.68,11.18,30.29,0.7467,181.7
SMP_01398,roboflow_sugarcane,train,MOSAIC,2,3,640,640,41.85,51.92,0.2719,13.45,14.67,20.33,0.7041,120.81
SMP_01399,roboflow_sugarcane,train,MOSAIC,2,3,640,640,57.3,64.33,0.2466,18.16,3.41,26.33,0.8461,145.06
SMP_01400,roboflow_sugarcane,train,MOSAIC,2,3,640,640,44.2,48.47,0.2328,19.12,12.88,25.5,0.6828,48.39
SMP_01401,roboflow_sugarcane,train,MOSAIC,2,3,640,640,37.96,50.54,0.1782,27.91,8.66,30.36,0.6173,183.5
SMP_01402,roboflow_sugarcane,train,MOSAIC,2,3,640,640,72.63,62.19,0.1333,16.73,5.52,29.05,0.742,138.27
SMP_01403,roboflow_sugarcane,train,MOSAIC,2,3,640,640,40.53,29.47,0.1859,15.23,15.8,22.25,0.6619,135.92
SMP_01404,roboflow_sugarcane,train,MOSAIC,2,3,640,640,57.32,54.24,0.1953,27.1,-0.5,28.09,0.6465,156.76
SMP_01405,roboflow_sugarcane,train,MOSAIC,2,3,640,640,41.22,47.86,0.1434,25.57,-0.2,29.43,0.6803,149.74
SMP_01406,roboflow_sugarcane,train,MOSAIC,2,3,640,640,39.16,54.79,0.1265,18.05,-13.85,27.97,0.7093,153.33
SMP_01407,roboflow_sugarcane,train,MOSAIC,2,3,640,640,71.19,42.2,0.1135,24.81,-2.43,25.78,0.6365,106.48
SMP_01408,roboflow_sugarcane,train,MOSAIC,2,3,640,640,69.35,38.18,0.2329,17.9,1.48,22.06,0.7346,181.17
SMP_01409,roboflow_sugarcane,train,MOSAIC,2,3,640,640,77.0,49.69,0.1397,18.29,4.6,23.59,0.6489,176.3
SMP_01410,roboflow_sugarcane,train,MOSAIC,2,3,640,640,38.15,67.79,0.2155,32.43,8.59,38.99,0.7384,150.9
SMP_01411,roboflow_sugarcane,train,MOSAIC,2,3,640,640,57.76,58.33,0.1801,18.9,12.05,18.89,0.6848,187.86
SMP_01412,roboflow_sugarcane,train,MOSAIC,2,3,640,640,31.88,41.91,0.2295,16.75,-5.63,37.29,0.7096,141.52
SMP_01413,roboflow_sugarcane,train,MOSAIC,2,3,640,640,37.25,31.91,0.2168,20.14,5.88,37.25,0.6012,126.78
SMP_01414,roboflow_sugarcane,train,MOSAIC,2,3,640,640,79.86,27.82,0.1884,4.28,-2.87,18.2,0.5704,149.89
SMP_01415,roboflow_sugarcane,train,MOSAIC,2,3,640,640,74.08,63.79,0.2065,18.66,-5.64,22.27,0.7172,177.56
SMP_01416,roboflow_sugarcane,train,MOSAIC,2,3,640,640,56.94,36.54,0.1945,22.04,7.59,24.15,0.8224,128.75
SMP_01417,roboflow_sugarcane,train,MOSAIC,2,3,640,640,49.88,44.09,0.1692,35.85,5.81,22.31,0.6315,126.56
SMP_01418,roboflow_sugarcane,train,MOSAIC,2,3,640,640,83.01,63.85,0.249,20.74,8.95,22.37,0.8093,109.95
SMP_01419,roboflow_sugarcane,train,MOSAIC,2,3,640,640,47.77,28.63,0.1788,23.5,9.64,30.18,0.7153,140.62
SMP_01420,roboflow_sugarcane,train,MOSAIC,2,3,640,640,68.24,65.91,0.1957,22.77,1.14,27.53,0.6501,147.67
SMP_01421,roboflow_sugarcane,train,MOSAIC,2,3,640,640,73.17,44.96,0.1292,38.15,13.75,29.3,0.6601,110.49
SMP_01422,roboflow_sugarcane,train,MOSAIC,2,3,640,640,45.35,34.22,0.2137,28.02,-2.35,25.08,0.7153,81.24
SMP_01423,roboflow_sugarcane,train,MOSAIC,2,3,640,640,41.31,45.03,0.1695,8.39,-3.44,24.66,0.7893,129.79
SMP_01424,roboflow_sugarcane,train,MOSAIC,2,3,640,640,69.4,39.33,0.1762,29.83,8.19,21.51,0.7181,149.16
SMP_01425,roboflow_sugarcane,train,MOSAIC,2,3,640,640,56.36,53.29,0.158,12.44,6.72,28.88,0.6814,192.35
SMP_01426,roboflow_sugarcane,train,MOSAIC,2,3,640,640,37.95,40.22,0.1938,14.77,-1.48,32.11,0.71,164.32
SMP_01427,roboflow_sugarcane,train,MOSAIC,2,3,640,640,49.89,25.06,0.0997,9.6,-1.66,19.12,0.6119,212.79
SMP_01428,roboflow_sugarcane,train,MOSAIC,2,3,640,640,73.51,45.35,0.2341,34.58,8.04,30.71,0.6373,127.03
SMP_01429,roboflow_sugarcane,train,MOSAIC,2,3,640,640,25.24,31.72,0.1981,29.49,7.0,27.65,0.7052,154.63
SMP_01430,roboflow_sugarcane,train,MOSAIC,2,3,640,640,77.41,50.45,0.1766,29.85,-3.31,19.06,0.6969,138.34
SMP_01431,roboflow_sugarcane,train,MOSAIC,2,3,640,640,42.81,33.75,0.1226,28.29,-0.14,17.34,0.6797,215.91
SMP_01432,roboflow_sugarcane,train,MOSAIC,2,3,640,640,57.93,42.14,0.2217,25.53,-2.29,24.34,0.6956,159.34
SMP_01433,roboflow_sugarcane,train,MOSAIC,2,3,640,640,90.37,50.19,0.1683,17.44,-11.96,22.9,0.6685,71.33
SMP_01434,roboflow_sugarcane,train,MOSAIC,2,3,640,640,49.78,45.45,0.2653,21.65,15.91,32.26,0.6036,122.48
SMP_01435,roboflow_sugarcane,train,MOSAIC,2,3,640,640,61.63,51.01,0.2243,15.87,6.91,23.65,0.6184,96.22
SMP_01436,roboflow_sugarcane,train,MOSAIC,2,3,640,640,76.42,56.16,0.2767,13.19,14.27,22.75,0.7246,180.75
SMP_01437,roboflow_sugarcane,train,MOSAIC,2,3,640,640,37.88,34.1,0.2068,14.88,2.56,23.35,0.7981,116.51
SMP_01438,roboflow_sugarcane,train,MOSAIC,2,3,640,640,44.41,47.23,0.2539,38.83,-2.78,24.59,0.7125,153.67
SMP_01439,roboflow_sugarcane,train,MOSAIC,2,3,640,640,63.95,8.05,0.2231,16.94,-2.0,27.68,0.6185,136.77
SMP_01440,roboflow_sugarcane,train,MOSAIC,2,3,640,640,47.95,50.97,0.1775,28.01,-2.0,32.39,0.754,129.03
SMP_01441,roboflow_sugarcane,train,MOSAIC,2,3,640,640,32.08,44.39,0.2094,36.62,0.85,18.6,0.6852,111.83
SMP_01442,roboflow_sugarcane,train,MOSAIC,2,3,640,640,68.81,36.2,0.1583,26.25,-7.38,28.38,0.7328,126.71
SMP_01443,roboflow_sugarcane,train,MOSAIC,2,3,640,640,45.77,51.79,0.3034,13.7,1.91,17.97,0.6886,142.48
SMP_01444,roboflow_sugarcane,train,MOSAIC,2,3,640,640,59.41,62.07,0.195,14.11,0.4,32.27,0.7574,131.4
SMP_01445,roboflow_sugarcane,train,MOSAIC,2,3,640,640,33.89,42.29,0.2013,20.95,11.99,16.67,0.7376,156.06
SMP_01446,roboflow_sugarcane,train,MOSAIC,2,3,640,640,51.55,36.66,0.2195,38.05,9.3,33.34,0.5927,88.94
SMP_01447,roboflow_sugarcane,train,MOSAIC,2,3,640,640,58.22,49.98,0.1457,31.39,1.94,31.66,0.7409,97.5
SMP_01448,roboflow_sugarcane,train,MOSAIC,2,3,640,640,69.72,31.97,0.2661,24.29,8.81,21.29,0.6899,164.1
SMP_01449,roboflow_sugarcane,train,MOSAIC,2,3,640,640,57.3,40.08,0.1487,18.37,-3.76,22.8,0.6735,110.26
SMP_01450,roboflow_sugarcane,train,MOSAIC,2,3,640,640,43.72,62.67,0.1374,23.04,-5.1,14.62,0.7269,94.1
SMP_01451,roboflow_sugarcane,train,MOSAIC,2,3,640,640,38.22,48.75,0.1917,21.51,4.25,15.43,0.7146,149.37
SMP_01452,roboflow_sugarcane,train,MOSAIC,2,3,640,640,86.14,25.45,0.136,21.46,5.82,24.2,0.6406,136.3
SMP_01453,roboflow_sugarcane,train,MOSAIC,2,3,640,640,43.43,26.44,0.2781,13.0,3.88,27.15,0.7118,166.41
SMP_01454,roboflow_sugarcane,train,MOSAIC,2,3,640,640,84.8,49.95,0.1885,12.85,15.85,32.24,0.5781,62.91
SMP_01455,roboflow_sugarcane,train,MOSAIC,2,3,640,640,38.4,58.35,0.0389,22.63,10.5,24.31,0.7436,88.59
SMP_01456,roboflow_sugarcane,train,MOSAIC,2,3,640,640,71.78,28.59,0.21,10.72,13.28,25.19,0.7107,156.99
SMP_01457,roboflow_sugarcane,train,MOSAIC,2,3,640,640,37.94,53.4,0.2277,15.0,0.57,18.46,0.716,156.89
SMP_01458,roboflow_sugarcane,train,MOSAIC,2,3,640,640,72.16,63.96,0.1789,20.24,7.66,25.12,0.6485,164.69
SMP_01459,roboflow_sugarcane,train,MOSAIC,2,3,640,640,64.74,70.65,0.1322,22.65,-3.35,26.58,0.8979,159.61
SMP_01460,roboflow_sugarcane,train,MOSAIC,2,3,640,640,70.66,51.97,0.1948,28.93,-0.85,29.52,0.7565,143.26
SMP_01461,roboflow_sugarcane,train,MOSAIC,2,3,640,640,39.82,54.08,0.1759,9.98,7.65,25.72,0.6683,122.72
SMP_01462,roboflow_sugarcane,train,MOSAIC,2,3,640,640,76.2,22.4,0.1512,10.0,-2.12,31.63,0.7229,85.32
SMP_01463,roboflow_sugarcane,train,MOSAIC,2,3,640,640,77.13,73.2,0.1468,30.45,-1.33,26.13,0.7198,199.67
SMP_01464,roboflow_sugarcane,train,MOSAIC,2,3,640,640,31.48,41.09,0.2078,33.41,8.45,25.19,0.7103,111.38
SMP_01465,roboflow_sugarcane,train,MOSAIC,2,3,640,640,45.89,36.8,0.2452,11.65,-1.11,30.8,0.4503,176.07
SMP_01466,roboflow_sugarcane,train,MOSAIC,2,3,640,640,67.31,44.94,0.2231,13.24,12.7,30.84,0.702,123.06
SMP_01467,roboflow_sugarcane,train,MOSAIC,2,3,640,640,44.88,66.14,0.1136,24.36,3.29,24.07,0.7533,133.71
SMP_01468,roboflow_sugarcane,train,MOSAIC,2,3,640,640,70.56,74.5,0.2308,20.39,3.62,36.81,0.6474,116.81
SMP_01469,roboflow_sugarcane,train,MOSAIC,2,3,640,640,32.58,49.5,0.2386,20.45,7.01,27.57,0.5746,142.62
SMP_01470,roboflow_sugarcane,train,MOSAIC,2,3,640,640,65.41,59.98,0.2697,13.75,3.92,26.68,0.6448,155.99
SMP_01471,roboflow_sugarcane,train,MOSAIC,2,3,640,640,75.12,48.52,0.1525,25.76,7.24,24.12,0.6896,89.76
SMP_01472,roboflow_sugarcane,train,MOSAIC,2,3,640,640,66.23,35.55,0.1972,18.1,-2.34,28.69,0.8047,156.45
SMP_01473,roboflow_sugarcane,train,MOSAIC,2,3,640,640,30.49,65.72,0.2284,17.84,-16.77,31.23,0.6962,190.03
SMP_01474,roboflow_sugarcane,train,MOSAIC,2,3,640,640,74.47,40.53,0.1736,10.95,-6.3,26.56,0.6418,157.01
SMP_01475,roboflow_sugarcane,train,MOSAIC,2,3,640,640,38.83,66.43,0.2276,26.33,1.36,27.31,0.7564,164.87
SMP_01476,roboflow_sugarcane,train,MOSAIC,2,3,640,640,81.64,63.58,0.1988,17.11,8.92,19.29,0.6607,136.31
SMP_01477,roboflow_sugarcane,train,MOSAIC,2,3,640,640,81.67,55.37,0.1577,19.64,22.27,20.98,0.586,125.91
SMP_01478,roboflow_sugarcane,train,MOSAIC,2,3,640,640,80.62,69.95,0.1619,29.52,0.26,21.37,0.6279,148.97
SMP_01479,roboflow_sugarcane,train,MOSAIC,2,3,640,640,27.68,74.79,0.2625,11.63,-0.23,27.48,0.7257,107.83
SMP_01480,roboflow_sugarcane,train,MOSAIC,2,3,640,640,58.21,45.9,0.1502,19.31,7.7,19.21,0.6232,132.87
SMP_01481,roboflow_sugarcane,train,MOSAIC,2,3,640,640,87.7,38.29,0.1416,7.53,6.77,13.93,0.7514,91.36
SMP_01482,roboflow_sugarcane,train,MOSAIC,2,3,640,640,77.48,25.63,0.2172,15.81,7.05,17.62,0.8113,107.19
SMP_01483,roboflow_sugarcane,train,MOSAIC,2,3,640,640,46.25,74.94,0.1985,30.31,2.95,29.2,0.7801,176.18
SMP_01484,roboflow_sugarcane,train,MOSAIC,2,3,640,640,37.13,42.72,0.1344,7.67,-10.85,36.06,0.6475,66.32
SMP_01485,roboflow_sugarcane,train,MOSAIC,2,3,640,640,47.79,61.62,0.174,21.89,6.58,31.69,0.5965,163.33
SMP_01486,roboflow_sugarcane,train,MOSAIC,2,3,640,640,76.47,39.1,0.1592,32.83,4.62,19.51,0.5279,201.85
SMP_01487,roboflow_sugarcane,train,MOSAIC,2,3,640,640,70.89,66.46,0.1679,24.39,-7.71,20.86,0.6527,148.86
SMP_01488,roboflow_sugarcane,train,MOSAIC,2,3,640,640,62.09,39.6,0.3262,15.33,9.65,22.22,0.5361,112.43
SMP_01489,roboflow_sugarcane,train,MOSAIC,2,3,640,640,33.34,33.7,0.1849,11.11,10.84,16.71,0.7073,159.11
SMP_01490,roboflow_sugarcane,train,MOSAIC,2,3,640,640,42.16,45.5,0.1559,4.56,9.46,24.78,0.7902,97.64
SMP_01491,roboflow_sugarcane,train,MOSAIC,2,3,640,640,84.05,41.62,0.3011,32.5,1.74,28.73,0.7056,117.57
SMP_01492,roboflow_sugarcane,train,MOSAIC,2,3,640,640,39.4,55.16,0.2444,16.63,6.77,20.09,0.6456,100.84
SMP_01493,roboflow_sugarcane,train,MOSAIC,2,3,640,640,37.46,47.38,0.2362,5.58,-2.18,18.82,0.7707,100.97
SMP_01494,roboflow_sugarcane,train,MOSAIC,2,3,640,640,76.26,55.53,0.1583,11.83,-6.08,30.67,0.6411,167.91
SMP_01495,roboflow_sugarcane,train,MOSAIC,2,3,640,640,56.11,44.51,0.2596,11.38,4.21,20.56,0.6565,135.63
SMP_01496,roboflow_sugarcane,train,MOSAIC,2,3,640,640,38.83,40.02,0.2408,16.04,-7.02,21.25,0.6704,159.33
SMP_01497,roboflow_sugarcane,train,MOSAIC,2,3,640,640,33.18,41.0,0.2074,39.11,3.93,11.63,0.6208,147.55
SMP_01498,roboflow_sugarcane,train,MOSAIC,2,3,640,640,46.45,72.54,0.1142,27.38,4.58,31.51,0.6777,94.85
SMP_01499,roboflow_sugarcane,train,MOSAIC,2,3,640,640,48.46,50.7,0.199,23.87,-1.54,33.9,0.7568,132.24
SMP_01500,roboflow_sugarcane,train,MOSAIC,2,3,640,640,37.88,24.19,0.2865,29.58,20.53,24.04,0.6833,112.17
SMP_01501,roboflow_sugarcane,train,MOSAIC,2,3,640,640,73.3,41.76,0.211,34.67,0.21,25.61,0.5856,127.12
SMP_01502,roboflow_sugarcane,train,MOSAIC,2,3,640,640,41.83,49.16,0.1812,24.23,6.7,28.88,0.6908,138.25
SMP_01503,roboflow_sugarcane,train,MOSAIC,2,3,640,640,48.09,70.14,0.1886,31.53,3.47,29.96,0.7125,131.81
SMP_01504,roboflow_sugarcane,train,MOSAIC,2,3,640,640,36.26,60.34,0.192,14.87,12.52,25.52,0.6559,146.95
SMP_01505,roboflow_sugarcane,train,MOSAIC,2,3,640,640,68.57,36.94,0.16,13.1,2.32,22.48,0.6711,145.21
SMP_01506,roboflow_sugarcane,train,MOSAIC,2,3,640,640,44.15,77.02,0.1979,11.75,-5.14,25.04,0.764,110.8
SMP_01507,roboflow_sugarcane,train,MOSAIC,2,3,640,640,71.32,47.63,0.2721,22.35,8.32,23.67,0.6598,144.61
SMP_01508,roboflow_sugarcane,train,MOSAIC,2,3,640,640,82.25,62.96,0.2665,-1.04,-7.02,27.42,0.7044,193.78
SMP_01509,roboflow_sugarcane,train,MOSAIC,2,3,640,640,38.57,34.14,0.1623,30.6,-1.79,19.5,0.6974,124.39
SMP_01510,roboflow_sugarcane,train,MOSAIC,2,3,640,640,65.63,19.22,0.2638,16.05,0.92,33.0,0.5702,97.4
SMP_01511,roboflow_sugarcane,train,MOSAIC,2,3,640,640,37.68,31.1,0.2381,26.61,1.22,37.83,0.6001,133.26
SMP_01512,roboflow_sugarcane,train,MOSAIC,2,3,640,640,37.66,9.0,0.2317,8.87,2.23,21.66,0.6719,164.57
SMP_01513,roboflow_sugarcane,train,MOSAIC,2,3,640,640,55.85,73.35,0.2216,28.89,1.59,21.29,0.7264,160.62
SMP_01514,roboflow_sugarcane,train,MOSAIC,2,3,640,640,32.19,50.57,0.1535,31.06,6.01,20.89,0.8002,151.79
SMP_01515,roboflow_sugarcane,train,MOSAIC,2,3,640,640,58.57,36.9,0.1797,20.82,-0.44,23.15,0.5702,188.67
SMP_01516,roboflow_sugarcane,train,MOSAIC,2,3,640,640,80.7,53.43,0.2416,24.22,8.48,36.46,0.5781,185.09
SMP_01517,roboflow_sugarcane,train,MOSAIC,2,3,640,640,40.06,50.27,0.1397,11.79,-1.73,22.55,0.6745,174.74
SMP_01518,roboflow_sugarcane,train,MOSAIC,2,3,640,640,81.94,55.45,0.148,20.36,-5.16,26.77,0.7216,133.55
SMP_01519,roboflow_sugarcane,train,MOSAIC,2,3,640,640,54.12,62.51,0.2153,27.78,-4.05,23.18,0.6151,225.42
SMP_01520,roboflow_sugarcane,train,MOSAIC,2,3,640,640,40.83,44.52,0.1605,17.58,1.71,13.69,0.7053,120.77
SMP_01521,roboflow_sugarcane,train,MOSAIC,2,3,640,640,71.32,37.44,0.2412,32.21,12.77,22.66,0.7409,168.23
SMP_01522,roboflow_sugarcane,train,MOSAIC,2,3,640,640,40.19,57.93,0.1623,5.73,4.78,25.72,0.737,121.16
SMP_01523,roboflow_sugarcane,train,MOSAIC,2,3,640,640,38.39,57.63,0.2122,17.37,1.31,35.13,0.8367,163.75
SMP_01524,roboflow_sugarcane,train,MOSAIC,2,3,640,640,66.56,49.21,0.2164,4.63,4.68,15.5,0.6375,158.79
SMP_01525,roboflow_sugarcane,train,MOSAIC,2,3,640,640,40.79,74.13,0.1759,22.53,-4.68,31.66,0.5147,130.97
SMP_01526,roboflow_sugarcane,train,MOSAIC,2,3,640,640,51.38,42.75,0.188,18.3,-8.65,27.35,0.6312,78.6
SMP_01527,roboflow_sugarcane,train,MOSAIC,2,3,640,640,45.38,37.2,0.166,18.59,-2.9,25.39,0.7507,206.19
SMP_01528,roboflow_sugarcane,train,MOSAIC,2,3,640,640,49.01,53.02,0.1991,25.92,-3.39,19.72,0.7595,189.26
SMP_01529,roboflow_sugarcane,train,MOSAIC,2,3,640,640,39.41,39.9,0.1519,17.73,24.19,33.35,0.566,185.46
SMP_01530,roboflow_sugarcane,train,MOSAIC,2,3,640,640,66.6,53.95,0.1888,42.45,20.37,27.99,0.7842,97.67
SMP_01531,roboflow_sugarcane,train,MOSAIC,2,3,640,640,79.57,38.0,0.2374,26.47,20.29,25.71,0.5691,171.4
SMP_01532,roboflow_sugarcane,train,MOSAIC,2,3,640,640,42.65,43.2,0.1432,20.24,-4.73,25.36,0.6555,136.46
SMP_01533,roboflow_sugarcane,train,MOSAIC,2,3,640,640,58.46,70.69,0.1756,14.6,19.04,31.55,0.7171,128.62
SMP_01534,roboflow_sugarcane,train,MOSAIC,2,3,640,640,59.6,43.13,0.2259,12.71,-0.7,20.82,0.6528,116.41
SMP_01535,roboflow_sugarcane,train,MOSAIC,2,3,640,640,72.78,38.41,0.0961,23.5,18.16,34.54,0.7164,185.1
SMP_01536,roboflow_sugarcane,train,MOSAIC,2,3,640,640,34.24,62.05,0.2928,15.79,8.51,39.14,0.6503,150.36
SMP_01537,roboflow_sugarcane,train,MOSAIC,2,3,640,640,79.98,35.39,0.2523,27.93,-2.94,24.14,0.6923,142.12
SMP_01538,roboflow_sugarcane,train,MOSAIC,2,3,640,640,69.41,39.68,0.1231,19.34,18.24,33.73,0.5887,152.49
SMP_01539,roboflow_sugarcane,train,MOSAIC,2,3,640,640,72.85,54.92,0.0948,19.37,17.92,22.45,0.7909,147.41
SMP_01540,roboflow_sugarcane,train,MOSAIC,2,3,640,640,49.76,59.26,0.2015,20.92,-3.49,19.16,0.6699,171.18
SMP_01541,roboflow_sugarcane,train,MOSAIC,2,3,640,640,37.45,62.65,0.144,18.78,7.61,22.47,0.6579,78.35
SMP_01542,roboflow_sugarcane,train,MOSAIC,2,3,640,640,40.75,39.03,0.2481,22.22,-10.5,28.43,0.7147,128.72
SMP_01543,roboflow_sugarcane,train,MOSAIC,2,3,640,640,47.41,55.15,0.2197,36.56,1.84,24.52,0.588,99.18
SMP_01544,roboflow_sugarcane,train,MOSAIC,2,3,640,640,39.18,42.41,0.2062,24.33,1.9,28.38,0.667,148.22
SMP_01545,roboflow_sugarcane,train,MOSAIC,2,3,640,640,84.73,40.73,0.1715,23.39,1.73,27.52,0.5944,94.61
SMP_01546,roboflow_sugarcane,train,MOSAIC,2,3,640,640,37.59,62.44,0.28,26.3,17.89,23.39,0.6265,103.82
SMP_01547,roboflow_sugarcane,train,MOSAIC,2,3,640,640,52.1,41.41,0.2377,19.13,-5.69,18.6,0.6754,150.59
SMP_01548,roboflow_sugarcane,train,MOSAIC,2,3,640,640,51.93,51.34,0.2302,12.29,3.21,25.76,0.7142,132.23
SMP_01549,roboflow_sugarcane,train,MOSAIC,2,3,640,640,83.12,49.87,0.26,-4.15,11.04,17.7,0.644,152.34
SMP_01550,roboflow_sugarcane,train,MOSAIC,2,3,640,640,38.42,35.15,0.1491,3.59,-5.52,26.37,0.6591,104.72
SMP_01551,roboflow_sugarcane,train,MOSAIC,2,3,640,640,56.63,59.59,0.2642,25.98,-2.07,27.96,0.7313,133.96
SMP_01552,roboflow_sugarcane,train,MOSAIC,2,3,640,640,43.77,54.72,0.1868,22.95,13.92,11.98,0.6606,139.35
SMP_01553,roboflow_sugarcane,train,MOSAIC,2,3,640,640,41.87,24.16,0.2167,18.82,15.76,33.57,0.6286,99.77
SMP_01554,roboflow_sugarcane,train,MOSAIC,2,3,640,640,57.5,51.33,0.1922,38.9,1.53,23.93,0.7099,120.22
SMP_01555,roboflow_sugarcane,train,MOSAIC,2,3,640,640,42.57,38.72,0.1061,19.73,11.86,29.02,0.6816,146.14
SMP_01556,roboflow_sugarcane,train,MOSAIC,2,3,640,640,44.8,61.16,0.2479,1.11,17.45,22.04,0.6727,129.88
SMP_01557,roboflow_sugarcane,train,MOSAIC,2,3,640,640,34.16,30.66,0.1088,26.0,1.74,23.51,0.761,115.26
SMP_01558,roboflow_sugarcane,train,MOSAIC,2,3,640,640,70.79,43.72,0.1517,29.29,11.33,35.6,0.6492,148.39
SMP_01559,roboflow_sugarcane,train,MOSAIC,2,3,640,640,67.28,52.34,0.1774,25.76,1.62,17.84,0.7272,126.14
SMP_01560,roboflow_sugarcane,train,MOSAIC,2,3,640,640,34.84,48.65,0.1023,29.41,-5.83,22.9,0.5242,149.28
SMP_01561,roboflow_sugarcane,train,MOSAIC,2,3,640,640,75.45,57.16,0.145,5.91,5.03,26.27,0.659,158.02
SMP_01562,roboflow_sugarcane,train,MOSAIC,2,3,640,640,27.07,29.78,0.2122,20.76,3.04,11.15,0.6839,158.53
SMP_01563,roboflow_sugarcane,train,MOSAIC,2,3,640,640,56.02,67.82,0.1827,13.36,-2.41,20.4,0.6693,144.9
SMP_01564,roboflow_sugarcane,train,MOSAIC,2,3,640,640,36.28,54.3,0.1868,24.18,2.29,30.85,0.6288,135.24
SMP_01565,roboflow_sugarcane,train,MOSAIC,2,3,640,640,82.03,64.32,0.1542,32.16,3.19,18.28,0.573,140.36
SMP_01566,roboflow_sugarcane,train,MOSAIC,2,3,640,640,62.09,58.49,0.2023,17.05,7.23,26.92,0.638,180.84
SMP_01567,roboflow_sugarcane,train,MOSAIC,2,3,640,640,38.23,47.86,0.1837,25.21,13.32,28.01,0.6438,119.89
SMP_01568,roboflow_sugarcane,train,MOSAIC,2,3,640,640,79.35,32.59,0.118,12.99,13.33,29.01,0.6937,182.48
SMP_01569,roboflow_sugarcane,train,MOSAIC,2,3,640,640,39.91,41.24,0.19,19.86,4.31,19.63,0.75,125.62
SMP_01570,roboflow_sugarcane,train,MOSAIC,2,3,640,640,87.29,67.07,0.1379,15.89,0.62,26.94,0.6035,156.16
SMP_01571,roboflow_sugarcane,train,MOSAIC,2,3,640,640,38.64,64.63,0.2449,34.41,15.72,18.95,0.7021,146.72
SMP_01572,roboflow_sugarcane,train,MOSAIC,2,3,640,640,63.95,40.56,0.1804,11.36,4.2,24.2,0.6386,161.68
SMP_01573,roboflow_sugarcane,train,MOSAIC,2,3,640,640,48.67,14.18,0.3261,20.71,0.22,31.19,0.7277,56.61
SMP_01574,roboflow_sugarcane,train,MOSAIC,2,3,640,640,33.62,45.45,0.2483,30.95,6.36,20.88,0.7496,157.54
SMP_01575,roboflow_sugarcane,train,MOSAIC,2,3,640,640,42.65,44.55,0.1935,4.44,-9.61,29.18,0.7266,135.5
SMP_01576,roboflow_sugarcane,train,MOSAIC,2,3,640,640,54.41,45.0,0.229,23.45,1.24,25.53,0.7169,159.95
SMP_01577,roboflow_sugarcane,train,MOSAIC,2,3,640,640,31.36,54.34,0.0955,20.89,0.7,30.54,0.5246,149.37
SMP_01578,roboflow_sugarcane,train,MOSAIC,2,3,640,640,30.63,58.51,0.2481,14.55,-1.32,14.18,0.645,168.39
SMP_01579,roboflow_sugarcane,train,MOSAIC,2,3,640,640,38.7,59.88,0.159,29.73,8.04,33.06,0.7427,111.24
SMP_01580,roboflow_sugarcane,train,MOSAIC,2,3,640,640,66.82,53.35,0.2045,33.73,13.62,15.17,0.8064,86.68
SMP_01581,roboflow_sugarcane,train,MOSAIC,2,3,640,640,34.89,26.39,0.1636,25.26,18.54,18.62,0.7415,92.16
SMP_01582,roboflow_sugarcane,train,MOSAIC,2,3,640,640,82.38,43.91,0.1689,17.63,1.03,32.86,0.7207,126.52
SMP_01583,roboflow_sugarcane,train,MOSAIC,2,3,640,640,41.63,75.65,0.1909,8.42,2.74,25.54,0.6865,116.56
SMP_01584,roboflow_sugarcane,train,MOSAIC,2,3,640,640,34.42,52.49,0.2038,21.44,-0.44,23.34,0.6486,156.05
SMP_01585,roboflow_sugarcane,train,MOSAIC,2,3,640,640,40.9,52.41,0.1987,18.77,9.3,31.65,0.7861,177.64
SMP_01586,roboflow_sugarcane,train,MOSAIC,2,3,640,640,27.31,52.31,0.1999,19.26,-9.94,25.22,0.7168,162.21
SMP_01587,roboflow_sugarcane,train,MOSAIC,2,3,640,640,80.31,52.98,0.1187,16.02,1.89,20.05,0.6659,123.73
SMP_01588,roboflow_sugarcane,train,MOSAIC,2,3,640,640,67.22,19.4,0.3166,15.32,7.33,33.48,0.7009,138.35
SMP_01589,roboflow_sugarcane,train,MOSAIC,2,3,640,640,73.62,45.13,0.2116,20.23,0.02,27.58,0.6987,159.23
SMP_01590,roboflow_sugarcane,train,MOSAIC,2,3,640,640,89.68,47.55,0.2219,10.15,1.57,18.32,0.7093,182.56
SMP_01591,roboflow_sugarcane,train,MOSAIC,2,3,640,640,45.4,63.38,0.183,28.29,12.93,21.37,0.7328,172.9
SMP_01592,roboflow_sugarcane,train,MOSAIC,2,3,640,640,43.29,48.57,0.1563,13.89,4.55,19.97,0.5956,172.92
SMP_01593,roboflow_sugarcane,train,MOSAIC,2,3,640,640,82.94,28.24,0.2076,20.9,14.56,18.9,0.5965,153.78
SMP_01594,roboflow_sugarcane,train,MOSAIC,2,3,640,640,88.29,53.16,0.2145,17.41,18.1,25.19,0.7637,175.44
SMP_01595,roboflow_sugarcane,train,MOSAIC,2,3,640,640,73.21,38.35,0.2651,25.2,9.25,25.54,0.628,165.51
SMP_01596,roboflow_sugarcane,train,MOSAIC,2,3,640,640,68.88,33.4,0.3039,24.76,2.67,28.54,0.6646,94.78
SMP_01597,roboflow_sugarcane,train,MOSAIC,2,3,640,640,34.89,37.99,0.2739,24.06,17.65,29.36,0.7085,150.15
SMP_01598,roboflow_sugarcane,train,MOSAIC,2,3,640,640,36.42,54.51,0.1117,10.65,-15.21,31.07,0.6816,115.19
SMP_01599,roboflow_sugarcane,train,MOSAIC,2,3,640,640,38.4,63.11,0.177,18.46,-7.41,32.11,0.6902,115.16
SMP_01600,roboflow_sugarcane,train,MOSAIC,2,3,640,640,84.85,53.8,0.2168,32.82,11.16,28.92,0.639,146.36
SMP_01601,roboflow_sugarcane,train,MOSAIC,2,3,640,640,64.76,55.58,0.18,17.26,24.79,28.14,0.7976,141.11
SMP_01602,roboflow_sugarcane,train,MOSAIC,2,3,640,640,86.49,53.68,0.1978,28.39,10.46,31.81,0.7293,134.81
SMP_01603,roboflow_sugarcane,train,MOSAIC,2,3,640,640,44.44,49.22,0.0927,19.92,6.48,28.48,0.6829,102.51
SMP_01604,roboflow_sugarcane,train,MOSAIC,2,3,640,640,31.19,56.36,0.2457,17.52,1.27,20.28,0.8516,135.75
SMP_01605,roboflow_sugarcane,train,MOSAIC,2,3,640,640,72.25,18.97,0.1062,21.49,9.45,17.64,0.6366,105.78
SMP_01606,roboflow_sugarcane,train,MOSAIC,2,3,640,640,58.83,49.33,0.1214,13.34,14.26,19.85,0.7155,150.49
SMP_01607,roboflow_sugarcane,train,MOSAIC,2,3,640,640,58.9,35.46,0.1493,27.2,10.99,27.89,0.6934,140.21
SMP_01608,roboflow_sugarcane,train,MOSAIC,2,3,640,640,70.11,61.95,0.1951,13.17,5.5,24.17,0.7066,160.18
SMP_01609,roboflow_sugarcane,train,MOSAIC,2,3,640,640,40.71,46.23,0.1189,24.43,13.27,27.36,0.7009,111.02
SMP_01610,roboflow_sugarcane,train,MOSAIC,2,3,640,640,32.97,48.37,0.147,28.63,7.44,24.45,0.8737,176.15
SMP_01611,roboflow_sugarcane,train,MOSAIC,2,3,640,640,78.0,29.94,0.2574,23.41,9.08,20.48,0.7072,147.68
SMP_01612,roboflow_sugarcane,train,MOSAIC,2,3,640,640,49.63,60.2,0.1944,15.45,12.77,10.44,0.7126,242.5
SMP_01613,roboflow_sugarcane,train,MOSAIC,2,3,640,640,77.92,55.53,0.2217,21.49,-2.47,18.68,0.6197,115.84
SMP_01614,roboflow_sugarcane,train,MOSAIC,2,3,640,640,67.43,54.68,0.1382,14.13,4.82,36.48,0.6505,190.51
SMP_01615,roboflow_sugarcane,train,MOSAIC,2,3,640,640,39.67,38.24,0.1973,18.31,5.91,31.78,0.715,117.79
SMP_01616,roboflow_sugarcane,train,MOSAIC,2,3,640,640,39.19,38.72,0.1932,15.81,-4.61,21.51,0.6597,171.92
SMP_01617,roboflow_sugarcane,train,MOSAIC,2,3,640,640,41.28,50.68,0.1602,13.91,-3.72,22.79,0.7263,155.93
SMP_01618,roboflow_sugarcane,train,MOSAIC,2,3,640,640,78.14,39.67,0.1974,25.04,-0.01,22.99,0.6676,96.71
SMP_01619,roboflow_sugarcane,train,MOSAIC,2,3,640,640,57.62,53.22,0.1054,27.87,13.33,32.54,0.6347,132.67
SMP_01620,roboflow_sugarcane,train,MOSAIC,2,3,640,640,40.58,22.07,0.2219,28.43,3.43,31.45,0.563,169.35
SMP_01621,roboflow_sugarcane,train,MOSAIC,2,3,640,640,59.79,42.15,0.18,21.94,6.04,31.78,0.7713,134.93
SMP_01622,roboflow_sugarcane,train,MOSAIC,2,3,640,640,46.6,69.56,0.1871,31.75,7.47,19.92,0.6582,170.74
SMP_01623,roboflow_sugarcane,train,MOSAIC,2,3,640,640,74.68,53.27,0.2426,14.58,10.05,36.71,0.6644,158.44
SMP_01624,roboflow_sugarcane,train,MOSAIC,2,3,640,640,86.08,50.0,0.2216,30.28,9.01,24.26,0.7402,174.64
SMP_01625,roboflow_sugarcane,train,MOSAIC,2,3,640,640,38.26,71.82,0.1841,27.28,5.54,31.03,0.6383,156.33
SMP_01626,roboflow_sugarcane,train,MOSAIC,2,3,640,640,41.85,19.97,0.1442,20.32,3.89,27.75,0.7959,112.79
SMP_01627,roboflow_sugarcane,train,MOSAIC,2,3,640,640,78.19,38.22,0.2664,21.78,13.76,15.74,0.7105,143.68
SMP_01628,roboflow_sugarcane,train,MOSAIC,2,3,640,640,80.74,43.19,0.133,28.29,1.06,22.91,0.7642,147.24
SMP_01629,roboflow_sugarcane,train,MOSAIC,2,3,640,640,47.69,58.3,0.2315,25.29,15.88,25.76,0.7447,141.17
SMP_01630,roboflow_sugarcane,train,MOSAIC,2,3,640,640,51.68,58.51,0.1201,22.09,0.43,21.05,0.7353,118.89
SMP_01631,roboflow_sugarcane,train,MOSAIC,2,3,640,640,84.45,37.61,0.2459,16.4,2.73,17.12,0.6469,134.51
SMP_01632,roboflow_sugarcane,train,MOSAIC,2,3,640,640,42.26,59.98,0.2505,12.61,10.67,23.24,0.6058,158.51
SMP_01633,roboflow_sugarcane,train,MOSAIC,2,3,640,640,58.74,43.16,0.1044,20.87,23.92,33.85,0.7481,142.54
SMP_01634,roboflow_sugarcane,train,MOSAIC,2,3,640,640,65.83,62.54,0.2225,10.85,-10.49,29.31,0.5717,70.38
SMP_01635,roboflow_sugarcane,train,MOSAIC,2,3,640,640,38.5,35.61,0.2183,25.86,11.93,22.67,0.5901,179.69
SMP_01636,roboflow_sugarcane,train,MOSAIC,2,3,640,640,75.77,46.52,0.2352,5.81,8.78,27.32,0.6629,128.12
SMP_01637,roboflow_sugarcane,train,MOSAIC,2,3,640,640,48.27,42.12,0.2183,22.46,1.37,17.83,0.6611,92.01
SMP_01638,roboflow_sugarcane,train,MOSAIC,2,3,640,640,58.8,60.67,0.1519,17.79,7.87,25.86,0.5939,141.2
SMP_01639,roboflow_sugarcane,train,MOSAIC,2,3,640,640,41.6,41.73,0.1891,16.48,-4.61,14.32,0.6671,122.36
SMP_01640,roboflow_sugarcane,train,MOSAIC,2,3,640,640,41.54,47.49,0.2832,17.79,-1.34,18.85,0.6724,114.11
SMP_01641,roboflow_sugarcane,train,MOSAIC,2,3,640,640,59.72,54.08,0.1446,-3.06,8.42,30.76,0.6539,146.45
SMP_01642,roboflow_sugarcane,train,MOSAIC,2,3,640,640,72.79,54.54,0.2161,16.46,-3.07,22.36,0.6925,183.23
SMP_01643,roboflow_sugarcane,train,MOSAIC,2,3,640,640,60.34,58.64,0.2576,13.06,6.21,23.2,0.5165,155.15
SMP_01644,roboflow_sugarcane,train,MOSAIC,2,3,640,640,37.26,50.53,0.1505,13.16,-0.31,25.33,0.7417,99.81
SMP_01645,roboflow_sugarcane,train,MOSAIC,2,3,640,640,86.7,42.98,0.1292,44.97,1.37,35.17,0.8041,133.82
SMP_01646,roboflow_sugarcane,train,MOSAIC,2,3,640,640,60.05,43.8,0.1367,8.89,13.61,3.87,0.6673,128.39
SMP_01647,roboflow_sugarcane,train,MOSAIC,2,3,640,640,46.5,48.31,0.2197,23.17,-4.32,20.32,0.6855,156.74
SMP_01648,roboflow_sugarcane,train,MOSAIC,2,3,640,640,86.12,51.0,0.1363,13.64,4.73,40.15,0.6587,84.03
SMP_01649,roboflow_sugarcane,train,MOSAIC,2,3,640,640,44.28,46.23,0.1932,12.7,8.83,32.82,0.7157,158.5
SMP_01650,roboflow_sugarcane,train,MOSAIC,2,3,640,640,68.89,48.23,0.2686,9.23,7.06,28.97,0.7386,113.62
SMP_01651,roboflow_sugarcane,train,MOSAIC,2,3,640,640,81.69,29.79,0.1974,29.03,0.27,27.41,0.6004,124.54
SMP_01652,roboflow_sugarcane,train,MOSAIC,2,3,640,640,73.58,56.01,0.1611,29.64,7.92,24.34,0.6465,169.01
SMP_01653,roboflow_sugarcane,train,MOSAIC,2,3,640,640,66.88,50.17,0.2063,15.04,-3.24,17.59,0.6179,151.46
SMP_01654,roboflow_sugarcane,train,MOSAIC,2,3,640,640,47.32,60.02,0.1966,27.3,1.1,23.3,0.7767,157.21
SMP_01655,roboflow_sugarcane,train,MOSAIC,2,3,640,640,73.3,48.0,0.2226,11.71,17.73,25.09,0.6797,170.59
SMP_01656,roboflow_sugarcane,train,MOSAIC,2,3,640,640,42.98,27.14,0.281,16.79,10.12,32.69,0.6588,132.52
SMP_01657,roboflow_sugarcane,train,MOSAIC,2,3,640,640,49.88,43.7,0.2198,25.43,5.02,27.92,0.7255,111.16
SMP_01658,roboflow_sugarcane,train,MOSAIC,2,3,640,640,80.3,45.6,0.3017,11.99,8.6,26.21,0.6535,149.41
SMP_01659,roboflow_sugarcane,train,MOSAIC,2,3,640,640,68.64,56.91,0.2228,14.09,-1.45,21.9,0.6351,166.19
SMP_01660,roboflow_sugarcane,train,MOSAIC,2,3,640,640,31.15,23.16,0.1616,20.2,7.25,23.0,0.5696,142.61
SMP_01661,roboflow_sugarcane,train,MOSAIC,2,3,640,640,81.6,48.49,0.3144,20.3,1.39,15.35,0.7691,181.33
SMP_01662,roboflow_sugarcane,train,MOSAIC,2,3,640,640,44.62,54.16,0.1938,11.37,0.36,27.2,0.7081,131.13
SMP_01663,roboflow_sugarcane,train,MOSAIC,2,3,640,640,38.51,40.06,0.1473,37.86,4.01,18.37,0.6476,134.57
SMP_01664,roboflow_sugarcane,train,MOSAIC,2,3,640,640,73.49,48.9,0.3162,13.25,0.19,23.73,0.8399,107.27
SMP_01665,roboflow_sugarcane,train,MOSAIC,2,3,640,640,42.23,40.48,0.1633,27.62,6.13,31.97,0.721,112.49
SMP_01666,roboflow_sugarcane,train,MOSAIC,2,3,640,640,77.71,39.25,0.1614,24.77,8.33,27.4,0.6291,147.97
SMP_01667,roboflow_sugarcane,train,MOSAIC,2,3,640,640,45.72,43.1,0.1724,13.56,2.82,27.83,0.8139,102.55
SMP_01668,roboflow_sugarcane,train,MOSAIC,2,3,640,640,61.55,39.47,0.2082,23.71,-17.81,33.18,0.6689,139.48
SMP_01669,roboflow_sugarcane,train,MOSAIC,2,3,640,640,73.35,56.2,0.2465,13.28,-1.95,29.93,0.6551,140.29
SMP_01670,roboflow_sugarcane,train,MOSAIC,2,3,640,640,83.95,39.18,0.0676,20.57,-3.65,25.03,0.677,159.22
SMP_01671,roboflow_sugarcane,train,MOSAIC,2,3,640,640,45.8,37.17,0.2463,26.59,7.96,13.85,0.7103,169.73
SMP_01672,roboflow_sugarcane,train,MOSAIC,2,3,640,640,46.83,69.22,0.1723,15.53,-0.84,23.32,0.6522,155.88
SMP_01673,roboflow_sugarcane,train,MOSAIC,2,3,640,640,56.03,59.53,0.1794,23.29,0.99,25.33,0.8065,206.11
SMP_01674,roboflow_sugarcane,train,MOSAIC,2,3,640,640,39.54,25.66,0.2858,15.39,11.72,25.88,0.6628,144.29
SMP_01675,roboflow_sugarcane,train,MOSAIC,2,3,640,640,71.91,38.82,0.2107,21.41,-1.24,16.14,0.6532,193.6
SMP_01676,roboflow_sugarcane,train,MOSAIC,2,3,640,640,43.12,50.91,0.2224,20.85,6.62,26.97,0.6031,68.6
SMP_01677,roboflow_sugarcane,train,MOSAIC,2,3,640,640,79.65,51.89,0.1976,17.07,0.06,30.26,0.6883,152.24
SMP_01678,roboflow_sugarcane,train,MOSAIC,2,3,640,640,42.61,30.11,0.2382,5.35,1.23,23.61,0.5404,129.33
SMP_01679,roboflow_sugarcane,train,MOSAIC,2,3,640,640,40.66,61.9,0.2809,26.25,-4.31,28.53,0.6085,151.14
SMP_01680,roboflow_sugarcane,train,MOSAIC,2,3,640,640,76.13,57.9,0.0762,35.92,0.83,21.82,0.7047,151.31
SMP_01681,roboflow_sugarcane,train,MOSAIC,2,3,640,640,38.55,53.78,0.2542,21.12,9.06,27.27,0.6909,165.83
SMP_01682,roboflow_sugarcane,train,MOSAIC,2,3,640,640,58.38,64.28,0.2774,15.1,-2.72,37.08,0.6996,163.12
SMP_01683,roboflow_sugarcane,train,MOSAIC,2,3,640,640,95.79,53.43,0.2251,21.66,-0.72,23.34,0.6738,147.31
SMP_01684,roboflow_sugarcane,train,MOSAIC,2,3,640,640,69.62,53.38,0.1661,29.17,22.52,18.94,0.6302,106.19
SMP_01685,roboflow_sugarcane,train,MOSAIC,2,3,640,640,65.41,66.69,0.1424,30.24,7.05,30.28,0.4634,159.21
SMP_01686,roboflow_sugarcane,train,MOSAIC,2,3,640,640,42.15,61.21,0.3181,27.29,7.71,24.2,0.6833,104.43
SMP_01687,roboflow_sugarcane,train,MOSAIC,2,3,640,640,32.25,37.9,0.1548,23.56,-0.01,21.14,0.5491,114.58
SMP_01688,roboflow_sugarcane,train,MOSAIC,2,3,640,640,40.95,55.6,0.2759,25.4,13.34,21.33,0.5945,155.17
SMP_01689,roboflow_sugarcane,train,MOSAIC,2,3,640,640,77.42,40.03,0.2195,20.95,14.64,27.26,0.7046,147.15
SMP_01690,roboflow_sugarcane,train,MOSAIC,2,3,640,640,63.9,54.05,0.3023,12.35,0.16,26.09,0.7103,111.92
SMP_01691,roboflow_sugarcane,train,MOSAIC,2,3,640,640,41.31,53.72,0.1841,16.97,13.55,33.53,0.7189,101.71
SMP_01692,roboflow_sugarcane,train,MOSAIC,2,3,640,640,54.35,31.4,0.1196,17.42,15.72,28.33,0.6371,144.71
SMP_01693,roboflow_sugarcane,train,MOSAIC,2,3,640,640,42.16,46.54,0.2001,22.34,-11.55,31.59,0.659,134.39
SMP_01694,roboflow_sugarcane,train,MOSAIC,2,3,640,640,75.98,51.18,0.1257,5.89,11.88,25.95,0.6883,125.12
SMP_01695,roboflow_sugarcane,train,MOSAIC,2,3,640,640,40.66,42.76,0.3339,24.09,-1.11,28.76,0.6864,160.45
SMP_01696,roboflow_sugarcane,train,MOSAIC,2,3,640,640,71.85,51.78,0.2315,3.9,15.6,25.53,0.6804,140.53
SMP_01697,roboflow_sugarcane,train,MOSAIC,2,3,640,640,37.01,57.67,0.2389,23.29,-1.4,36.69,0.6089,171.33
SMP_01698,roboflow_sugarcane,train,MOSAIC,2,3,640,640,64.8,47.63,0.2389,29.36,9.86,28.63,0.6387,159.02
SMP_01699,roboflow_sugarcane,train,MOSAIC,2,3,640,640,32.51,50.7,0.1653,27.16,-9.08,17.12,0.7057,94.35
SMP_01700,roboflow_sugarcane,train,MOSAIC,2,3,640,640,31.53,64.6,0.1934,12.83,13.92,24.7,0.7256,85.87
SMP_01701,roboflow_sugarcane,train,MOSAIC,2,3,640,640,61.64,53.68,0.2055,24.99,5.59,27.21,0.6964,166.04
SMP_01702,roboflow_sugarcane,train,MOSAIC,2,3,640,640,37.88,50.41,0.2972,25.63,15.33,25.76,0.6967,174.61
SMP_01703,roboflow_sugarcane,train,MOSAIC,2,3,640,640,72.16,36.5,0.1421,33.65,-0.73,30.84,0.8227,159.3
SMP_01704,roboflow_sugarcane,train,MOSAIC,2,3,640,640,60.62,56.05,0.1636,22.93,6.71,22.95,0.7767,115.95
SMP_01705,roboflow_sugarcane,train,MOSAIC,2,3,640,640,40.14,51.96,0.1819,28.21,17.15,26.03,0.6487,183.96
SMP_01706,roboflow_sugarcane,train,MOSAIC,2,3,640,640,61.94,63.4,0.1663,16.5,4.79,31.35,0.8154,157.27
SMP_01707,roboflow_sugarcane,train,MOSAIC,2,3,640,640,88.4,48.56,0.1271,13.18,8.44,17.5,0.7403,172.62
SMP_01708,roboflow_sugarcane,train,MOSAIC,2,3,640,640,39.23,26.2,0.0648,26.91,10.59,20.16,0.7977,161.69
SMP_01709,roboflow_sugarcane,train,MOSAIC,2,3,640,640,35.16,27.6,0.1087,27.03,-7.42,37.45,0.7279,128.34
SMP_01710,roboflow_sugarcane,train,MOSAIC,2,3,640,640,48.34,56.83,0.255,14.92,0.83,23.73,0.6312,142.82
SMP_01711,roboflow_sugarcane,train,MOSAIC,2,3,640,640,81.4,41.16,0.1996,10.31,14.1,31.01,0.7238,135.61
SMP_01712,roboflow_sugarcane,train,MOSAIC,2,3,640,640,54.86,53.24,0.2418,20.99,-11.38,32.43,0.6504,200.83
SMP_01713,roboflow_sugarcane,train,MOSAIC,2,3,640,640,59.08,49.37,0.1709,20.35,13.94,18.21,0.7378,152.02
SMP_01714,roboflow_sugarcane,train,MOSAIC,2,3,640,640,34.38,46.0,0.1951,21.87,0.29,20.84,0.5764,157.62
SMP_01715,roboflow_sugarcane,train,MOSAIC,2,3,640,640,73.48,46.84,0.2807,27.09,21.44,26.05,0.7063,142.4
SMP_01716,roboflow_sugarcane,train,MOSAIC,2,3,640,640,38.7,37.62,0.2776,28.23,8.5,21.95,0.7074,103.06
SMP_01717,roboflow_sugarcane,train,MOSAIC,2,3,640,640,38.11,47.81,0.2471,20.06,-1.4,28.41,0.7589,113.49
SMP_01718,roboflow_sugarcane,train,MOSAIC,2,3,640,640,40.64,40.99,0.2101,12.04,12.84,29.16,0.7473,139.2
SMP_01719,roboflow_sugarcane,train,MOSAIC,2,3,640,640,84.77,43.53,0.2259,14.19,16.47,27.23,0.6516,87.84
SMP_01720,roboflow_sugarcane,train,MOSAIC,2,3,640,640,37.07,44.12,0.2185,15.23,9.83,25.7,0.6419,122.7
SMP_01721,roboflow_sugarcane,train,MOSAIC,2,3,640,640,36.41,45.28,0.1917,19.04,1.43,29.45,0.6349,147.78
SMP_01722,roboflow_sugarcane,train,MOSAIC,2,3,640,640,62.77,59.07,0.1798,15.88,16.51,33.16,0.662,134.7
SMP_01723,roboflow_sugarcane,train,MOSAIC,2,3,640,640,49.98,46.44,0.2561,18.04,-2.43,33.81,0.6655,152.49
SMP_01724,roboflow_sugarcane,train,MOSAIC,2,3,640,640,45.07,60.28,0.1352,20.59,13.57,27.62,0.7478,162.96
SMP_01725,roboflow_sugarcane,train,MOSAIC,2,3,640,640,58.74,66.45,0.2744,14.86,-14.27,20.74,0.546,105.67
SMP_01726,roboflow_sugarcane,train,MOSAIC,2,3,640,640,41.72,58.26,0.1862,22.58,5.94,24.95,0.5767,143.86
SMP_01727,roboflow_sugarcane,train,MOSAIC,2,3,640,640,47.23,54.41,0.1343,34.62,0.53,30.06,0.5814,128.92
SMP_01728,roboflow_sugarcane,train,MOSAIC,2,3,640,640,84.03,51.92,0.1727,18.67,-5.98,32.59,0.6714,116.59
SMP_01729,roboflow_sugarcane,train,MOSAIC,2,3,640,640,32.73,58.38,0.1563,14.55,15.44,32.4,0.721,121.4
SMP_01730,roboflow_sugarcane,train,MOSAIC,2,3,640,640,39.68,49.07,0.1712,22.45,-12.18,24.94,0.7048,155.74
SMP_01731,roboflow_sugarcane,train,MOSAIC,2,3,640,640,80.98,59.81,0.1703,13.64,16.07,27.35,0.6124,97.46
SMP_01732,roboflow_sugarcane,train,MOSAIC,2,3,640,640,59.73,55.37,0.1683,18.82,-7.26,29.12,0.746,116.13
SMP_01733,roboflow_sugarcane,train,MOSAIC,2,3,640,640,43.43,43.68,0.1846,14.57,13.43,34.77,0.759,129.26
SMP_01734,roboflow_sugarcane,train,MOSAIC,2,3,640,640,46.58,58.75,0.1968,11.44,-1.23,21.47,0.733,157.8
SMP_01735,roboflow_sugarcane,train,MOSAIC,2,3,640,640,81.78,49.1,0.2382,12.97,-10.63,28.76,0.6474,125.05
SMP_01736,roboflow_sugarcane,train,MOSAIC,2,3,640,640,57.0,46.73,0.1878,14.71,1.38,22.91,0.6793,117.37
SMP_01737,roboflow_sugarcane,train,MOSAIC,2,3,640,640,42.64,42.29,0.2163,11.67,9.51,33.01,0.7507,128.73
SMP_01738,roboflow_sugarcane,train,MOSAIC,2,3,640,640,44.96,49.99,0.2004,30.23,-2.19,25.8,0.6773,183.32
SMP_01739,roboflow_sugarcane,train,MOSAIC,2,3,640,640,82.0,59.96,0.227,23.45,7.08,27.43,0.6898,199.45
SMP_01740,roboflow_sugarcane,train,MOSAIC,2,3,640,640,36.56,58.67,0.2023,27.53,10.52,20.97,0.707,146.66
SMP_01741,roboflow_sugarcane,train,MOSAIC,2,3,640,640,45.84,52.24,0.1677,9.13,16.94,23.43,0.6672,64.86
SMP_01742,roboflow_sugarcane,train,MOSAIC,2,3,640,640,68.67,55.2,0.1541,17.65,5.51,37.91,0.6458,167.39
SMP_01743,roboflow_sugarcane,train,MOSAIC,2,3,640,640,40.17,63.26,0.2105,23.35,14.33,29.69,0.7095,108.66
SMP_01744,roboflow_sugarcane,train,MOSAIC,2,3,640,640,51.76,46.2,0.2637,33.22,11.79,27.12,0.7287,153.74
SMP_01745,roboflow_sugarcane,train,MOSAIC,2,3,640,640,50.86,34.61,0.1885,13.98,4.26,34.23,0.5926,98.69
SMP_01746,roboflow_sugarcane,train,MOSAIC,2,3,640,640,35.8,63.61,0.165,9.71,14.18,35.05,0.6777,106.67
SMP_01747,roboflow_sugarcane,train,MOSAIC,2,3,640,640,33.65,41.64,0.1872,21.53,12.15,25.76,0.6166,138.75
SMP_01748,roboflow_sugarcane,train,MOSAIC,2,3,640,640,65.81,39.72,0.1719,14.61,3.67,21.42,0.6775,153.21
SMP_01749,roboflow_sugarcane,train,MOSAIC,2,3,640,640,33.52,26.45,0.1667,33.65,10.71,25.09,0.7719,66.11
SMP_01750,roboflow_sugarcane,train,MOSAIC,2,3,640,640,52.28,54.86,0.1278,24.34,7.17,23.83,0.7179,112.67
SMP_01751,roboflow_sugarcane,train,MOSAIC,2,3,640,640,31.46,28.54,0.1878,17.71,9.38,26.61,0.6682,166.67
SMP_01752,roboflow_sugarcane,train,MOSAIC,2,3,640,640,33.26,39.0,0.2118,17.74,20.06,27.63,0.8249,116.54
SMP_01753,roboflow_sugarcane,train,MOSAIC,2,3,640,640,64.11,55.06,0.1459,18.99,-1.43,41.14,0.5621,108.18
SMP_01754,roboflow_sugarcane,train,MOSAIC,2,3,640,640,57.88,56.66,0.1561,5.4,7.04,19.77,0.6416,128.74
SMP_01755,roboflow_sugarcane,train,MOSAIC,2,3,640,640,77.84,40.18,0.1526,20.34,5.24,18.15,0.6909,189.83
SMP_01756,roboflow_sugarcane,train,MOSAIC,2,3,640,640,35.18,46.39,0.1307,16.1,11.31,22.47,0.6105,166.24
SMP_01757,roboflow_sugarcane,train,MOSAIC,2,3,640,640,87.47,37.53,0.1522,25.06,1.38,7.79,0.5796,152.29
SMP_01758,roboflow_sugarcane,train,MOSAIC,2,3,640,640,76.76,41.42,0.1901,12.82,0.47,14.65,0.7512,136.92
SMP_01759,roboflow_sugarcane,train,MOSAIC,2,3,640,640,40.47,51.19,0.1329,25.46,4.49,18.05,0.792,161.87
SMP_01760,roboflow_sugarcane,train,MOSAIC,2,3,640,640,48.49,41.98,0.1931,24.34,8.8,32.8,0.6368,163.46
SMP_01761,roboflow_sugarcane,train,MOSAIC,2,3,640,640,25.76,45.07,0.1648,21.28,1.34,17.89,0.8394,121.47
SMP_01762,roboflow_sugarcane,train,MOSAIC,2,3,640,640,43.16,30.42,0.1536,30.03,-16.24,15.82,0.5121,116.93
SMP_01763,roboflow_sugarcane,train,MOSAIC,2,3,640,640,52.82,61.6,0.2189,4.92,-2.62,20.94,0.6881,133.76
SMP_01764,roboflow_sugarcane,train,MOSAIC,2,3,640,640,30.93,54.12,0.168,23.55,16.32,28.4,0.601,168.8
SMP_01765,roboflow_sugarcane,train,MOSAIC,2,3,640,640,79.52,57.51,0.1765,19.64,17.38,22.92,0.6783,167.89
SMP_01766,roboflow_sugarcane,train,MOSAIC,2,3,640,640,84.16,63.49,0.2649,19.41,1.03,23.95,0.6849,130.93
SMP_01767,roboflow_sugarcane,train,MOSAIC,2,3,640,640,53.11,38.1,0.154,12.15,19.38,22.56,0.6732,119.07
SMP_01768,roboflow_sugarcane,train,MOSAIC,2,3,640,640,40.58,43.7,0.2783,8.64,2.39,18.06,0.591,165.8
SMP_01769,roboflow_sugarcane,train,MOSAIC,2,3,640,640,66.44,25.26,0.1826,27.14,-7.28,20.46,0.6889,132.34
SMP_01770,roboflow_sugarcane,train,MOSAIC,2,3,640,640,57.08,85.69,0.1432,26.3,2.55,21.09,0.6803,172.26
SMP_01771,roboflow_sugarcane,train,MOSAIC,2,3,640,640,40.39,46.2,0.1723,34.39,10.8,29.8,0.6954,141.84
SMP_01772,roboflow_sugarcane,train,MOSAIC,2,3,640,640,41.82,60.46,0.2034,35.7,0.48,19.28,0.5776,157.76
SMP_01773,roboflow_sugarcane,train,MOSAIC,2,3,640,640,48.77,33.14,0.2627,7.61,9.83,32.12,0.7756,121.84
SMP_01774,roboflow_sugarcane,train,MOSAIC,2,3,640,640,69.38,59.96,0.2399,18.76,7.14,30.1,0.6309,185.96
SMP_01775,roboflow_sugarcane,train,MOSAIC,2,3,640,640,44.59,70.29,0.2032,22.01,2.71,16.61,0.7053,107.7
SMP_01776,roboflow_sugarcane,train,MOSAIC,2,3,640,640,77.87,47.28,0.263,27.7,11.21,28.32,0.7159,161.82
SMP_01777,roboflow_sugarcane,train,MOSAIC,2,3,640,640,88.12,35.87,0.1059,31.41,14.83,26.33,0.7173,113.91
SMP_01778,roboflow_sugarcane,train,MOSAIC,2,3,640,640,79.73,46.33,0.2125,11.77,6.45,34.16,0.6032,182.35
SMP_01779,roboflow_sugarcane,train,MOSAIC,2,3,640,640,38.49,21.28,0.2155,15.67,9.72,21.09,0.5417,103.13
SMP_01780,roboflow_sugarcane,train,MOSAIC,2,3,640,640,39.1,47.55,0.2161,30.97,-6.65,29.92,0.7989,195.66
SMP_01781,roboflow_sugarcane,train,MOSAIC,2,3,640,640,55.56,57.85,0.1195,6.62,16.13,30.78,0.7602,194.72
SMP_01782,roboflow_sugarcane,train,MOSAIC,2,3,640,640,78.24,47.57,0.1492,11.39,0.74,15.53,0.798,168.16
SMP_01783,roboflow_sugarcane,train,MOSAIC,2,3,640,640,53.8,44.59,0.1917,23.5,-1.89,33.86,0.6818,164.8
SMP_01784,roboflow_sugarcane,train,MOSAIC,2,3,640,640,60.2,54.33,0.2557,36.43,12.09,21.59,0.7395,162.37
SMP_01785,roboflow_sugarcane,train,MOSAIC,2,3,640,640,35.33,55.25,0.2958,6.58,1.93,28.81,0.6129,122.57
SMP_01786,roboflow_sugarcane,train,MOSAIC,2,3,640,640,39.07,28.08,0.1668,20.48,-0.55,24.68,0.7044,126.61
SMP_01787,roboflow_sugarcane,train,MOSAIC,2,3,640,640,75.17,49.07,0.1345,24.44,2.65,24.85,0.6809,155.81
SMP_01788,roboflow_sugarcane,train,MOSAIC,2,3,640,640,36.73,77.23,0.2408,31.76,-4.73,21.17,0.7001,181.3
SMP_01789,roboflow_sugarcane,train,MOSAIC,2,3,640,640,84.1,31.98,0.3307,23.57,-0.64,22.44,0.6776,163.58
SMP_01790,roboflow_sugarcane,train,MOSAIC,2,3,640,640,47.14,46.97,0.2553,5.27,13.18,28.7,0.7509,90.17
SMP_01791,roboflow_sugarcane,train,MOSAIC,2,3,640,640,51.72,71.3,0.1626,9.71,14.33,34.5,0.614,163.61
SMP_01792,roboflow_sugarcane,train,MOSAIC,2,3,640,640,74.47,61.25,0.3431,30.98,5.52,18.69,0.6513,126.38
SMP_01793,roboflow_sugarcane,train,MOSAIC,2,3,640,640,87.79,41.84,0.2343,23.52,-0.44,22.81,0.6828,163.23
SMP_01794,roboflow_sugarcane,train,MOSAIC,2,3,640,640,65.65,50.47,0.1604,10.99,8.31,27.57,0.7346,123.67
SMP_01795,roboflow_sugarcane,train,MOSAIC,2,3,640,640,51.37,47.97,0.2967,23.95,-10.17,27.25,0.7176,169.0
SMP_01796,roboflow_sugarcane,train,MOSAIC,2,3,640,640,50.94,39.02,0.1565,22.46,14.37,29.01,0.7707,162.54
SMP_01797,roboflow_sugarcane,train,MOSAIC,2,3,640,640,39.88,47.11,0.1689,0.04,4.44,32.97,0.8006,138.37
SMP_01798,roboflow_sugarcane,train,MOSAIC,2,3,640,640,86.77,44.64,0.2363,3.2,-3.27,15.71,0.7294,109.17
SMP_01799,roboflow_sugarcane,train,MOSAIC,2,3,640,640,70.81,49.35,0.1988,22.49,16.9,22.57,0.6975,179.03
SMP_01800,roboflow_sugarcane,train,MOSAIC,2,3,640,640,39.22,39.02,0.2019,36.28,5.34,32.27,0.5999,147.09
SMP_01801,roboflow_sugarcane,train,MOSAIC,2,3,640,640,54.09,32.68,0.2019,22.11,1.59,24.93,0.5718,137.65
SMP_01802,roboflow_sugarcane,train,MOSAIC,2,3,640,640,47.35,47.5,0.2557,0.4,21.4,19.1,0.5782,146.83
SMP_01803,roboflow_sugarcane,train,MOSAIC,2,3,640,640,45.61,68.58,0.0838,7.1,0.8,18.41,0.6079,104.52
SMP_01804,roboflow_sugarcane,train,MOSAIC,2,3,640,640,83.21,48.99,0.2142,25.01,10.99,25.92,0.7239,162.12
SMP_01805,roboflow_sugarcane,train,MOSAIC,2,3,640,640,74.77,44.02,0.1855,25.88,10.55,23.52,0.5821,132.85
SMP_01806,roboflow_sugarcane,train,MOSAIC,2,3,640,640,86.08,57.05,0.1624,18.45,-1.78,38.94,0.776,142.47
SMP_01807,roboflow_sugarcane,train,MOSAIC,2,3,640,640,42.36,46.1,0.1622,16.13,3.88,25.06,0.6813,147.71
SMP_01808,roboflow_sugarcane,train,MOSAIC,2,3,640,640,55.1,70.42,0.0681,26.35,2.98,21.42,0.5987,89.87
SMP_01809,roboflow_sugarcane,train,MOSAIC,2,3,640,640,80.72,47.95,0.1601,28.84,-9.13,33.49,0.7895,81.51
SMP_01810,roboflow_sugarcane,train,MOSAIC,2,3,640,640,37.31,56.41,0.2645,25.55,-10.71,25.53,0.7708,90.56
SMP_01811,roboflow_sugarcane,train,MOSAIC,2,3,640,640,74.27,38.94,0.2416,12.37,-12.41,30.65,0.7462,118.34
SMP_01812,roboflow_sugarcane,train,MOSAIC,2,3,640,640,46.28,54.04,0.1904,27.19,1.4,37.29,0.6872,133.71
SMP_01813,roboflow_sugarcane,train,MOSAIC,2,3,640,640,46.24,51.3,0.1294,17.18,-2.95,34.87,0.7228,91.13
SMP_01814,roboflow_sugarcane,train,MOSAIC,2,3,640,640,50.75,47.32,0.2411,15.19,-2.45,28.24,0.5563,100.08
SMP_01815,roboflow_sugarcane,train,MOSAIC,2,3,640,640,69.81,41.98,0.2655,14.87,1.63,30.36,0.6338,144.45
SMP_01816,roboflow_sugarcane,train,MOSAIC,2,3,640,640,33.77,40.34,0.2517,20.17,5.03,34.08,0.6382,105.4
SMP_01817,roboflow_sugarcane,train,MOSAIC,2,3,640,640,29.6,51.39,0.1516,24.56,2.5,20.26,0.5559,120.33
SMP_01818,roboflow_sugarcane,train,MOSAIC,2,3,640,640,35.95,55.55,0.1568,3.83,-0.64,18.17,0.6698,175.38
SMP_01819,roboflow_sugarcane,train,MOSAIC,2,3,640,640,74.96,46.47,0.2828,14.15,20.45,38.08,0.6995,151.19
SMP_01820,roboflow_sugarcane,train,MOSAIC,2,3,640,640,57.34,51.45,0.1395,16.31,3.39,18.49,0.6175,92.51
SMP_01821,roboflow_sugarcane,train,MOSAIC,2,3,640,640,64.02,47.55,0.2239,28.29,12.99,39.61,0.6645,144.46
SMP_01822,roboflow_sugarcane,train,MOSAIC,2,3,640,640,42.01,49.18,0.1111,13.07,-4.89,21.83,0.6437,153.18
SMP_01823,roboflow_sugarcane,train,MOSAIC,2,3,640,640,53.44,45.59,0.185,17.35,15.68,20.58,0.5916,168.59
SMP_01824,roboflow_sugarcane,train,MOSAIC,2,3,640,640,31.37,48.22,0.2293,26.48,0.61,30.76,0.7193,158.99
SMP_01825,roboflow_sugarcane,train,MOSAIC,2,3,640,640,60.52,80.38,0.1985,20.32,27.41,16.37,0.7465,156.24
SMP_01826,roboflow_sugarcane,train,MOSAIC,2,3,640,640,34.83,51.74,0.2262,32.26,-5.49,41.43,0.7368,142.24
SMP_01827,roboflow_sugarcane,train,MOSAIC,2,3,640,640,33.99,55.74,0.1387,18.8,-3.54,37.54,0.6795,154.59
SMP_01828,roboflow_sugarcane,train,MOSAIC,2,3,640,640,46.11,53.26,0.159,35.06,3.49,35.24,0.6125,168.44
SMP_01829,roboflow_sugarcane,train,MOSAIC,2,3,640,640,38.16,44.85,0.2241,36.5,2.16,16.85,0.6544,136.65
SMP_01830,roboflow_sugarcane,train,MOSAIC,2,3,640,640,70.91,63.53,0.2348,23.66,-4.38,33.77,0.7371,119.19
SMP_01831,roboflow_sugarcane,train,MOSAIC,2,3,640,640,81.12,44.51,0.211,23.35,16.79,33.14,0.7047,137.33
SMP_01832,roboflow_sugarcane,train,MOSAIC,2,3,640,640,68.29,60.66,0.2474,24.47,15.95,27.0,0.5999,128.9
SMP_01833,roboflow_sugarcane,train,MOSAIC,2,3,640,640,38.33,43.99,0.1171,26.53,2.28,31.05,0.6887,136.96
SMP_01834,roboflow_sugarcane,train,MOSAIC,2,3,640,640,79.62,36.48,0.1767,20.99,13.08,29.7,0.6778,82.3
SMP_01835,roboflow_sugarcane,train,MOSAIC,2,3,640,640,56.94,52.38,0.2911,29.35,16.38,18.73,0.6559,172.52
SMP_01836,roboflow_sugarcane,train,MOSAIC,2,3,640,640,33.72,34.74,0.2642,24.0,4.92,23.38,0.6814,147.36
SMP_01837,roboflow_sugarcane,train,MOSAIC,2,3,640,640,84.75,54.43,0.2317,31.09,-0.36,24.19,0.6211,175.3
SMP_01838,roboflow_sugarcane,train,MOSAIC,2,3,640,640,38.77,33.67,0.1922,8.38,15.25,16.9,0.7467,111.11
SMP_01839,roboflow_sugarcane,train,MOSAIC,2,3,640,640,63.49,44.17,0.2517,21.73,14.01,30.52,0.6972,156.08
SMP_01840,roboflow_sugarcane,train,MOSAIC,2,3,640,640,44.39,30.82,0.2215,28.12,-5.03,32.78,0.7529,134.81
SMP_01841,roboflow_sugarcane,train,MOSAIC,2,3,640,640,51.8,81.89,0.1241,10.87,16.33,28.72,0.5837,144.55
SMP_01842,roboflow_sugarcane,train,MOSAIC,2,3,640,640,80.45,28.15,0.2498,23.44,-3.16,37.24,0.6848,159.92
SMP_01843,roboflow_sugarcane,train,MOSAIC,2,3,640,640,59.12,48.12,0.1567,24.87,8.03,28.09,0.8032,165.84
SMP_01844,roboflow_sugarcane,train,MOSAIC,2,3,640,640,51.66,61.72,0.238,33.82,-1.53,26.13,0.6343,125.7
SMP_01845,roboflow_sugarcane,train,MOSAIC,2,3,640,640,42.05,60.44,0.1192,17.28,6.31,22.69,0.7538,125.56
SMP_01846,roboflow_sugarcane,train,MOSAIC,2,3,640,640,68.11,58.22,0.28,21.69,5.93,27.66,0.6902,151.14
SMP_01847,roboflow_sugarcane,train,MOSAIC,2,3,640,640,79.39,44.19,0.1863,15.55,22.86,9.83,0.7557,48.34
SMP_01848,roboflow_sugarcane,train,MOSAIC,2,3,640,640,33.2,64.21,0.1445,18.87,-7.98,36.58,0.6453,164.21
SMP_01849,roboflow_sugarcane,train,MOSAIC,2,3,640,640,56.24,58.96,0.1656,32.96,-1.16,28.35,0.7736,150.5
SMP_01850,roboflow_sugarcane,train,MOSAIC,2,3,640,640,41.17,50.55,0.1832,19.77,1.28,32.8,0.7192,146.65
SMP_01851,roboflow_sugarcane,train,MOSAIC,2,3,640,640,82.1,50.89,0.1997,14.33,7.63,32.88,0.613,147.18
SMP_01852,roboflow_sugarcane,train,MOSAIC,2,3,640,640,53.7,44.35,0.2659,18.54,2.5,30.42,0.7393,89.97
SMP_01853,roboflow_sugarcane,train,MOSAIC,2,3,640,640,51.62,37.08,0.2035,15.85,-12.58,19.87,0.7598,133.91
SMP_01854,roboflow_sugarcane,train,MOSAIC,2,3,640,640,73.36,62.85,0.0915,16.47,10.9,5.84,0.7701,148.82
SMP_01855,roboflow_sugarcane,train,MOSAIC,2,3,640,640,88.33,63.75,0.1385,15.69,15.68,39.1,0.5898,147.96
SMP_01856,roboflow_sugarcane,train,MOSAIC,2,3,640,640,68.41,37.39,0.3379,16.0,8.46,26.11,0.6947,205.4
SMP_01857,roboflow_sugarcane,train,MOSAIC,2,3,640,640,40.67,46.15,0.2068,10.51,1.35,23.97,0.8369,126.38
SMP_01858,roboflow_sugarcane,train,MOSAIC,2,3,640,640,50.7,46.28,0.2475,20.55,6.64,24.42,0.7042,153.89
SMP_01859,roboflow_sugarcane,train,MOSAIC,2,3,640,640,65.79,47.61,0.1846,12.17,-4.74,23.23,0.5425,97.31
SMP_01860,roboflow_sugarcane,train,MOSAIC,2,3,640,640,86.1,48.77,0.1498,29.13,13.49,25.91,0.7223,110.22
SMP_01861,roboflow_sugarcane,train,MOSAIC,2,3,640,640,37.93,59.36,0.1759,17.5,8.98,25.55,0.7467,183.95
SMP_01862,roboflow_sugarcane,train,MOSAIC,2,3,640,640,81.03,39.03,0.2064,23.27,0.73,26.7,0.7772,130.22
SMP_01863,roboflow_sugarcane,train,MOSAIC,2,3,640,640,83.84,37.84,0.177,23.29,5.66,24.54,0.6377,144.71
SMP_01864,roboflow_sugarcane,train,MOSAIC,2,3,640,640,34.13,62.84,0.2959,5.31,13.25,31.33,0.587,148.97
SMP_01865,roboflow_sugarcane,train,MOSAIC,2,3,640,640,83.32,42.45,0.1692,17.87,14.32,30.36,0.7626,184.9
SMP_01866,roboflow_sugarcane,train,MOSAIC,2,3,640,640,39.59,32.84,0.1473,33.75,4.41,22.79,0.6733,138.94
SMP_01867,roboflow_sugarcane,train,MOSAIC,2,3,640,640,60.34,42.18,0.2404,13.79,22.17,27.16,0.6647,122.27
SMP_01868,roboflow_sugarcane,train,MOSAIC,2,3,640,640,49.67,44.04,0.2466,38.17,15.94,19.01,0.6186,119.08
SMP_01869,roboflow_sugarcane,train,MOSAIC,2,3,640,640,50.81,66.66,0.2015,24.35,9.22,29.74,0.6994,146.34
SMP_01870,roboflow_sugarcane,train,MOSAIC,2,3,640,640,38.1,59.1,0.1699,24.14,1.84,36.14,0.635,164.74
SMP_01871,roboflow_sugarcane,train,MOSAIC,2,3,640,640,37.71,61.77,0.105,21.91,2.08,31.3,0.5663,121.45
SMP_01872,roboflow_sugarcane,train,MOSAIC,2,3,640,640,51.95,57.84,0.261,28.37,6.6,25.51,0.6297,118.25
SMP_01873,roboflow_sugarcane,train,MOSAIC,2,3,640,640,71.29,59.35,0.2434,28.81,4.12,20.2,0.6317,163.68
SMP_01874,roboflow_sugarcane,train,MOSAIC,2,3,640,640,33.97,39.74,0.178,19.85,18.6,30.11,0.5629,171.76
SMP_01875,roboflow_sugarcane,train,MOSAIC,2,3,640,640,51.48,45.62,0.203,16.56,-2.5,22.43,0.664,186.5
SMP_01876,roboflow_sugarcane,train,MOSAIC,2,3,640,640,37.83,36.12,0.1887,8.6,9.05,26.17,0.6028,144.71
SMP_01877,roboflow_sugarcane,train,MOSAIC,2,3,640,640,40.12,45.47,0.2814,26.51,-11.01,30.6,0.6612,153.79
SMP_01878,roboflow_sugarcane,train,MOSAIC,2,3,640,640,79.56,56.21,0.1481,20.53,8.02,21.18,0.7119,153.7
SMP_01879,roboflow_sugarcane,train,MOSAIC,2,3,640,640,56.3,49.61,0.169,13.25,11.98,26.63,0.7219,77.09
SMP_01880,roboflow_sugarcane,train,MOSAIC,2,3,640,640,63.34,63.74,0.1642,15.36,16.52,19.77,0.5716,176.83
SMP_01881,roboflow_sugarcane,train,MOSAIC,2,3,640,640,38.92,34.3,0.2155,19.45,0.27,24.06,0.7465,165.6
SMP_01882,roboflow_sugarcane,train,MOSAIC,2,3,640,640,74.0,54.0,0.2028,12.15,-0.7,23.32,0.7989,152.13
SMP_01883,roboflow_sugarcane,train,MOSAIC,2,3,640,640,38.73,33.02,0.21,20.39,13.19,33.35,0.7151,149.31
SMP_01884,roboflow_sugarcane,train,MOSAIC,2,3,640,640,61.5,49.13,0.156,7.04,14.56,27.3,0.793,145.32
SMP_01885,roboflow_sugarcane,train,MOSAIC,2,3,640,640,73.73,56.88,0.2742,15.74,3.18,22.03,0.7096,205.15
SMP_01886,roboflow_sugarcane,train,MOSAIC,2,3,640,640,70.27,45.43,0.1773,10.7,-10.68,23.54,0.6767,87.13
SMP_01887,roboflow_sugarcane,train,MOSAIC,2,3,640,640,52.49,54.61,0.2594,21.6,-3.47,32.16,0.6449,127.3
SMP_01888,roboflow_sugarcane,train,MOSAIC,2,3,640,640,30.38,36.48,0.357,12.18,4.26,16.64,0.7296,141.7
SMP_01889,roboflow_sugarcane,train,MOSAIC,2,3,640,640,39.28,28.04,0.1563,15.53,-6.34,21.18,0.5881,176.64
SMP_01890,roboflow_sugarcane,train,MOSAIC,2,3,640,640,54.7,54.68,0.2171,38.08,10.83,19.77,0.7237,152.11
SMP_01891,roboflow_sugarcane,train,MOSAIC,2,3,640,640,61.44,68.93,0.1934,26.92,-1.18,27.06,0.7938,120.91
SMP_01892,roboflow_sugarcane,train,MOSAIC,2,3,640,640,64.48,36.05,0.3015,24.81,4.42,26.81,0.7148,115.9
SMP_01893,roboflow_sugarcane,train,MOSAIC,2,3,640,640,58.96,62.67,0.186,30.38,13.76,25.16,0.5485,146.95
SMP_01894,roboflow_sugarcane,train,MOSAIC,2,3,640,640,40.06,48.52,0.2124,24.1,7.94,25.58,0.6572,130.18
SMP_01895,roboflow_sugarcane,train,MOSAIC,2,3,640,640,77.1,31.97,0.2113,8.77,20.55,18.0,0.7423,204.25
SMP_01896,roboflow_sugarcane,train,MOSAIC,2,3,640,640,51.83,34.42,0.195,9.47,16.18,20.44,0.6526,147.98
SMP_01897,roboflow_sugarcane,train,MOSAIC,2,3,640,640,42.16,48.19,0.2378,-1.68,-3.31,29.55,0.7278,119.82
SMP_01898,roboflow_sugarcane,train,MOSAIC,2,3,640,640,41.72,43.15,0.2047,21.62,9.74,17.29,0.5802,196.93
SMP_01899,roboflow_sugarcane,train,MOSAIC,2,3,640,640,42.71,32.25,0.2241,11.52,6.22,24.45,0.5407,112.31
SMP_01900,roboflow_sugarcane,train,MOSAIC,2,3,640,640,72.99,27.67,0.2107,15.44,14.5,31.8,0.6815,143.99
SMP_01901,roboflow_sugarcane,train,MOSAIC,2,3,640,640,66.5,37.84,0.1698,17.44,9.19,27.32,0.5278,122.34
SMP_01902,roboflow_sugarcane,train,MOSAIC,2,3,640,640,42.29,50.33,0.1866,15.13,1.0,21.94,0.765,119.61
SMP_01903,roboflow_sugarcane,train,MOSAIC,2,3,640,640,85.95,47.92,0.2278,19.72,8.81,30.35,0.627,151.7
SMP_01904,roboflow_sugarcane,train,MOSAIC,2,3,640,640,28.88,41.99,0.2276,17.74,2.05,21.71,0.7045,168.96
SMP_01905,roboflow_sugarcane,train,MOSAIC,2,3,640,640,66.09,50.42,0.2623,16.94,-0.17,26.37,0.7686,161.28
SMP_01906,roboflow_sugarcane,train,MOSAIC,2,3,640,640,71.07,60.48,0.293,7.62,4.11,21.37,0.683,117.12
SMP_01907,roboflow_sugarcane,train,MOSAIC,2,3,640,640,54.86,52.73,0.1739,21.93,6.99,17.12,0.6214,177.9
SMP_01908,roboflow_sugarcane,train,MOSAIC,2,3,640,640,34.47,46.54,0.2067,37.41,15.4,25.31,0.6321,155.01
SMP_01909,roboflow_sugarcane,train,MOSAIC,2,3,640,640,41.03,59.14,0.1903,22.21,1.03,33.28,0.6998,68.61
SMP_01910,roboflow_sugarcane,train,MOSAIC,2,3,640,640,63.02,36.48,0.1446,38.15,-10.33,32.87,0.6184,164.43
SMP_01911,roboflow_sugarcane,train,MOSAIC,2,3,640,640,40.7,45.3,0.2282,15.45,3.42,30.43,0.6687,175.61
SMP_01912,roboflow_sugarcane,train,MOSAIC,2,3,640,640,64.69,45.59,0.2389,17.98,7.05,30.33,0.6844,145.57
SMP_01913,roboflow_sugarcane,train,MOSAIC,2,3,640,640,39.33,33.16,0.1462,19.84,6.46,30.58,0.6522,158.03
SMP_01914,roboflow_sugarcane,train,MOSAIC,2,3,640,640,77.07,42.96,0.1813,18.64,2.97,24.8,0.5373,198.4
SMP_01915,roboflow_sugarcane,train,MOSAIC,2,3,640,640,82.21,23.1,0.1764,29.32,12.6,18.55,0.6992,64.83
SMP_01916,roboflow_sugarcane,train,MOSAIC,2,3,640,640,32.4,70.95,0.1246,2.47,7.5,27.01,0.7187,158.37
SMP_01917,roboflow_sugarcane,train,MOSAIC,2,3,640,640,60.88,36.75,0.1982,16.36,9.82,31.65,0.6147,113.81
SMP_01918,roboflow_sugarcane,train,MOSAIC,2,3,640,640,51.81,67.03,0.1427,33.31,-9.7,31.19,0.7025,175.43
SMP_01919,roboflow_sugarcane,train,MOSAIC,2,3,640,640,50.74,48.46,0.2079,16.03,3.61,27.42,0.6448,131.83
SMP_01920,roboflow_sugarcane,train,MOSAIC,2,3,640,640,42.85,54.78,0.2135,27.43,3.89,28.04,0.5576,152.39
SMP_01921,roboflow_sugarcane,train,MOSAIC,2,3,640,640,39.0,42.13,0.2197,24.83,18.47,17.61,0.6405,92.56
SMP_01922,roboflow_sugarcane,train,MOSAIC,2,3,640,640,47.69,50.5,0.2221,19.42,4.15,35.36,0.5548,165.19
SMP_01923,roboflow_sugarcane,train,MOSAIC,2,3,640,640,64.48,55.81,0.2765,22.53,-0.28,25.32,0.6929,104.81
SMP_01924,roboflow_sugarcane,train,MOSAIC,2,3,640,640,89.31,55.97,0.1596,19.32,-0.75,13.35,0.7315,131.9
SMP_01925,roboflow_sugarcane,train,MOSAIC,2,3,640,640,42.86,57.3,0.1621,2.99,12.83,25.18,0.878,177.71
SMP_01926,roboflow_sugarcane,train,MOSAIC,2,3,640,640,34.25,43.58,0.2328,23.68,0.36,26.48,0.7767,161.57
SMP_01927,roboflow_sugarcane,train,MOSAIC,2,3,640,640,58.74,42.24,0.1934,15.07,-1.82,29.22,0.7647,132.59
SMP_01928,roboflow_sugarcane,train,MOSAIC,2,3,640,640,37.23,28.87,0.2563,8.99,12.33,25.57,0.5569,96.89
SMP_01929,roboflow_sugarcane,train,MOSAIC,2,3,640,640,42.98,54.28,0.2281,23.1,8.14,22.54,0.7008,135.63
SMP_01930,roboflow_sugarcane,train,MOSAIC,2,3,640,640,35.42,60.99,0.2959,22.57,3.11,22.82,0.7128,125.16
SMP_01931,roboflow_sugarcane,train,MOSAIC,2,3,640,640,49.94,67.39,0.1954,27.85,-5.62,26.01,0.6442,125.11
SMP_01932,roboflow_sugarcane,train,MOSAIC,2,3,640,640,66.31,51.66,0.1259,17.91,9.43,24.9,0.5762,118.82
SMP_01933,roboflow_sugarcane,train,MOSAIC,2,3,640,640,42.5,38.8,0.217,26.87,11.62,37.96,0.7104,129.15
SMP_01934,roboflow_sugarcane,train,MOSAIC,2,3,640,640,44.81,27.63,0.1964,20.17,-2.63,24.04,0.551,133.54
SMP_01935,roboflow_sugarcane,train,MOSAIC,2,3,640,640,78.92,60.5,0.2267,22.76,7.92,21.39,0.6563,199.42
SMP_01936,roboflow_sugarcane,train,MOSAIC,2,3,640,640,69.33,26.44,0.2331,23.42,4.19,32.51,0.7176,107.96
SMP_01937,roboflow_sugarcane,train,MOSAIC,2,3,640,640,63.64,43.91,0.1733,9.35,-2.07,26.01,0.7026,175.62
SMP_01938,roboflow_sugarcane,train,MOSAIC,2,3,640,640,43.08,45.31,0.1495,23.02,1.45,31.46,0.6995,177.8
SMP_01939,roboflow_sugarcane,train,MOSAIC,2,3,640,640,47.28,47.17,0.1927,20.83,4.62,25.48,0.6654,72.57
SMP_01940,roboflow_sugarcane,train,MOSAIC,2,3,640,640,34.24,48.43,0.0809,17.83,-5.55,30.3,0.6282,116.12
SMP_01941,roboflow_sugarcane,train,MOSAIC,2,3,640,640,67.26,49.66,0.204,20.91,9.57,33.58,0.6439,138.06
SMP_01942,roboflow_sugarcane,train,MOSAIC,2,3,640,640,38.28,19.02,0.1796,40.4,-0.68,34.56,0.4927,145.07
SMP_01943,roboflow_sugarcane,train,MOSAIC,2,3,640,640,69.16,48.18,0.2431,4.64,-0.36,30.57,0.6014,95.99
SMP_01944,roboflow_sugarcane,train,MOSAIC,2,3,640,640,37.98,21.25,0.1007,18.95,9.04,13.55,0.7352,134.47
SMP_01945,roboflow_sugarcane,train,MOSAIC,2,3,640,640,72.96,56.79,0.2003,26.49,1.38,16.92,0.675,154.11
SMP_01946,roboflow_sugarcane,train,MOSAIC,2,3,640,640,68.88,41.34,0.2788,10.03,3.28,27.81,0.7644,96.51
SMP_01947,roboflow_sugarcane,train,MOSAIC,2,3,640,640,67.36,22.12,0.2338,22.97,4.16,17.25,0.6536,139.54
SMP_01948,roboflow_sugarcane,train,MOSAIC,2,3,640,640,36.42,38.23,0.249,22.42,-1.2,19.49,0.8215,113.24
SMP_01949,roboflow_sugarcane,train,MOSAIC,2,3,640,640,40.29,41.16,0.217,7.29,0.86,31.39,0.668,134.52
SMP_01950,roboflow_sugarcane,train,MOSAIC,2,3,640,640,77.53,62.29,0.1169,15.33,4.86,22.02,0.7711,117.11
SMP_01951,roboflow_sugarcane,train,MOSAIC,2,3,640,640,38.27,50.36,0.2083,34.27,4.88,22.59,0.742,129.02
SMP_01952,roboflow_sugarcane,train,MOSAIC,2,3,640,640,78.29,52.13,0.2204,7.27,9.22,23.63,0.7152,129.69
SMP_01953,roboflow_sugarcane,train,MOSAIC,2,3,640,640,38.35,62.17,0.1461,16.49,9.57,33.28,0.7748,190.94
SMP_01954,roboflow_sugarcane,train,MOSAIC,2,3,640,640,52.35,46.85,0.1937,18.68,14.75,33.58,0.7705,204.09
SMP_01955,roboflow_sugarcane,train,MOSAIC,2,3,640,640,43.86,57.05,0.0549,20.03,-7.05,40.02,0.6657,203.22
SMP_01956,roboflow_sugarcane,train,MOSAIC,2,3,640,640,32.31,56.21,0.1833,16.7,12.3,31.14,0.6691,71.17
SMP_01957,roboflow_sugarcane,train,MOSAIC,2,3,640,640,35.94,32.56,0.1782,20.66,2.28,35.47,0.712,159.59
SMP_01958,roboflow_sugarcane,train,MOSAIC,2,3,640,640,68.2,65.68,0.2701,19.72,10.27,21.77,0.7944,132.92
SMP_01959,roboflow_sugarcane,train,MOSAIC,2,3,640,640,64.88,30.96,0.1698,25.68,7.72,17.55,0.7195,109.37
SMP_01960,roboflow_sugarcane,train,MOSAIC,2,3,640,640,31.16,59.01,0.1867,26.76,0.38,29.63,0.7908,184.29
SMP_01961,roboflow_sugarcane,train,MOSAIC,2,3,640,640,38.86,29.8,0.196,23.52,17.16,24.85,0.7061,136.63
SMP_01962,roboflow_sugarcane,train,MOSAIC,2,3,640,640,84.98,55.21,0.1705,21.89,11.09,36.01,0.6332,169.39
SMP_01963,roboflow_sugarcane,train,MOSAIC,2,3,640,640,57.05,70.34,0.236,7.49,8.37,23.7,0.5821,171.62
SMP_01964,roboflow_sugarcane,train,MOSAIC,2,3,640,640,42.85,45.44,0.1004,20.93,22.52,22.32,0.7245,161.07
SMP_01965,roboflow_sugarcane,train,MOSAIC,2,3,640,640,47.5,44.92,0.2568,28.91,-2.79,24.22,0.6423,130.94
SMP_01966,roboflow_sugarcane,train,MOSAIC,2,3,640,640,51.33,55.33,0.1994,7.11,5.2,25.75,0.7319,131.31
SMP_01967,roboflow_sugarcane,train,MOSAIC,2,3,640,640,83.35,44.05,0.2651,9.46,9.5,26.2,0.694,144.51
SMP_01968,roboflow_sugarcane,train,MOSAIC,2,3,640,640,48.27,69.82,0.0626,31.94,-3.54,26.9,0.6488,184.61
SMP_01969,roboflow_sugarcane,train,MOSAIC,2,3,640,640,54.44,50.31,0.0782,8.02,-0.31,34.08,0.6146,172.21
SMP_01970,roboflow_sugarcane,train,MOSAIC,2,3,640,640,45.82,44.16,0.1854,19.18,12.97,19.09,0.6462,133.56
SMP_01971,roboflow_sugarcane,train,MOSAIC,2,3,640,640,53.79,41.52,0.2253,15.59,1.03,31.31,0.6039,138.49
SMP_01972,roboflow_sugarcane,train,MOSAIC,2,3,640,640,35.62,36.8,0.1723,31.45,11.98,30.2,0.6136,194.25
SMP_01973,roboflow_sugarcane,train,MOSAIC,2,3,640,640,64.58,40.47,0.2292,22.42,-0.04,27.91,0.5011,104.32
SMP_01974,roboflow_sugarcane,train,MOSAIC,2,3,640,640,38.75,43.79,0.2491,26.33,21.16,28.69,0.5223,84.54
SMP_01975,roboflow_sugarcane,train,MOSAIC,2,3,640,640,42.73,42.15,0.2333,20.45,-13.74,23.31,0.6896,114.91
SMP_01976,roboflow_sugarcane,train,MOSAIC,2,3,640,640,38.75,40.1,0.2052,35.96,13.07,17.65,0.8213,204.25
SMP_01977,roboflow_sugarcane,train,MOSAIC,2,3,640,640,65.13,73.19,0.2048,14.05,7.01,28.29,0.6964,105.44
SMP_01978,roboflow_sugarcane,train,MOSAIC,2,3,640,640,42.45,35.64,0.1693,22.75,-7.25,23.14,0.6937,113.07
SMP_01979,roboflow_sugarcane,train,MOSAIC,2,3,640,640,38.81,49.76,0.1972,30.06,3.22,29.48,0.7622,149.99
SMP_01980,roboflow_sugarcane,train,MOSAIC,2,3,640,640,76.08,55.11,0.1488,31.87,-10.41,24.08,0.6923,146.97
SMP_01981,roboflow_sugarcane,train,MOSAIC,2,3,640,640,35.95,55.56,0.1608,17.86,7.82,31.12,0.6904,175.51
SMP_01982,roboflow_sugarcane,train,MOSAIC,2,3,640,640,77.47,47.3,0.2257,3.8,0.23,32.36,0.584,179.37
SMP_01983,roboflow_sugarcane,train,MOSAIC,2,3,640,640,34.89,45.11,0.1769,16.93,-10.6,31.54,0.6784,128.01
SMP_01984,roboflow_sugarcane,train,MOSAIC,2,3,640,640,73.98,53.42,0.1631,33.95,6.33,33.52,0.6385,153.07
SMP_01985,roboflow_sugarcane,train,MOSAIC,2,3,640,640,36.29,51.2,0.2225,13.89,6.16,25.92,0.6705,147.18
SMP_01986,roboflow_sugarcane,train,MOSAIC,2,3,640,640,81.25,44.89,0.219,22.33,21.86,32.01,0.6437,117.91
SMP_01987,roboflow_sugarcane,train,MOSAIC,2,3,640,640,49.52,29.26,0.1892,17.54,11.62,23.78,0.644,157.26
SMP_01988,roboflow_sugarcane,train,MOSAIC,2,3,640,640,43.56,42.38,0.1926,19.42,-14.1,22.73,0.6654,144.8
SMP_01989,roboflow_sugarcane,train,MOSAIC,2,3,640,640,64.02,34.24,0.2208,30.5,0.77,26.5,0.6912,151.25
SMP_01990,roboflow_sugarcane,train,MOSAIC,2,3,640,640,75.33,39.99,0.2484,22.04,13.84,33.87,0.6128,122.8
SMP_01991,roboflow_sugarcane,train,RED ROT,2,2,640,640,89.58,48.4,0.2101,36.34,-8.01,24.78,0.6606,179.3
SMP_01992,roboflow_sugarcane,train,RED ROT,2,2,640,640,59.11,52.3,0.1404,27.81,-1.17,31.42,0.6726,109.64
SMP_01993,roboflow_sugarcane,train,RED ROT,2,2,640,640,53.43,69.37,0.1889,21.05,5.01,19.99,0.6905,116.32
SMP_01994,roboflow_sugarcane,train,RED ROT,2,2,640,640,95.61,41.55,0.1796,19.25,0.78,14.75,0.7615,202.67
SMP_01995,roboflow_sugarcane,train,RED ROT,2,2,640,640,79.94,57.3,0.1474,22.65,17.73,23.1,0.7535,129.04
SMP_01996,roboflow_sugarcane,train,RED ROT,2,2,640,640,70.44,51.67,0.2249,10.13,6.47,25.69,0.7562,143.67
SMP_01997,roboflow_sugarcane,train,RED ROT,2,2,640,640,93.23,63.55,0.2287,11.54,5.27,31.98,0.7324,136.49
SMP_01998,roboflow_sugarcane,train,RED ROT,2,2,640,640,53.52,54.91,0.2363,26.06,-2.33,24.61,0.8764,106.39
SMP_01999,roboflow_sugarcane,train,RED ROT,2,2,640,640,57.37,35.9,0.1505,27.36,-3.82,35.69,0.691,101.15
SMP_02000,roboflow_sugarcane,train,RED ROT,2,2,640,640,62.45,27.32,0.2079,9.42,5.83,29.01,0.6093,126.85
SMP_02001,roboflow_sugarcane,train,RED ROT,2,2,640,640,69.3,51.74,0.1997,26.88,4.36,24.6,0.8072,130.68
SMP_02002,roboflow_sugarcane,train,RED ROT,2,2,640,640,56.64,41.66,0.2154,18.59,-4.74,27.4,0.6913,115.86
SMP_02003,roboflow_sugarcane,train,RED ROT,2,2,640,640,97.16,36.24,0.2065,13.35,6.87,19.67,0.7991,154.92
SMP_02004,roboflow_sugarcane,train,RED ROT,2,2,640,640,81.81,32.79,0.1994,17.48,5.46,24.64,0.6686,169.36
SMP_02005,roboflow_sugarcane,train,RED ROT,2,2,640,640,74.77,49.93,0.1934,27.11,2.53,24.93,0.7909,150.77
SMP_02006,roboflow_sugarcane,train,RED ROT,2,2,640,640,62.71,66.09,0.2553,24.87,14.54,27.16,0.8499,128.9
SMP_02007,roboflow_sugarcane,train,RED ROT,2,2,640,640,46.75,43.1,0.1569,22.38,4.9,24.25,0.5801,171.49
SMP_02008,roboflow_sugarcane,train,RED ROT,2,2,640,640,87.06,55.08,0.1913,23.03,3.1,28.8,0.6199,159.89
SMP_02009,roboflow_sugarcane,train,RED ROT,2,2,640,640,85.28,46.77,0.2541,10.87,14.05,16.35,0.7342,187.82
SMP_02010,roboflow_sugarcane,train,RED ROT,2,2,640,640,92.5,32.53,0.1594,24.37,3.79,32.63,0.7484,122.77
SMP_02011,roboflow_sugarcane,train,RED ROT,2,2,640,640,58.41,56.82,0.162,16.34,1.79,25.87,0.6895,116.51
SMP_02012,roboflow_sugarcane,train,RED ROT,2,2,640,640,48.54,34.86,0.2367,36.17,-4.36,30.58,0.6934,165.03
SMP_02013,roboflow_sugarcane,train,RED ROT,2,2,640,640,91.49,48.26,0.1288,16.96,5.49,32.25,0.6263,141.3
SMP_02014,roboflow_sugarcane,train,RED ROT,2,2,640,640,82.92,43.9,0.233,37.81,12.46,27.11,0.767,148.4
SMP_02015,roboflow_sugarcane,train,RED ROT,2,2,640,640,46.87,58.72,0.1755,18.71,1.66,31.2,0.7673,210.34
SMP_02016,roboflow_sugarcane,train,RED ROT,2,2,640,640,84.14,35.3,0.2205,19.24,-5.63,28.16,0.7279,112.41
SMP_02017,roboflow_sugarcane,train,RED ROT,2,2,640,640,84.08,52.69,0.139,17.65,13.09,27.91,0.5848,153.95
SMP_02018,roboflow_sugarcane,train,RED ROT,2,2,640,640,60.0,37.92,0.2593,9.94,13.4,23.07,0.6966,146.57
SMP_02019,roboflow_sugarcane,train,RED ROT,2,2,640,640,65.49,41.87,0.1391,30.61,9.68,33.25,0.6719,178.07
SMP_02020,roboflow_sugarcane,train,RED ROT,2,2,640,640,76.42,4.38,0.2362,20.78,5.77,26.66,0.6753,79.14
SMP_02021,roboflow_sugarcane,train,RED ROT,2,2,640,640,84.59,73.11,0.1412,25.02,8.36,34.37,0.5698,128.66
SMP_02022,roboflow_sugarcane,train,RED ROT,2,2,640,640,90.58,54.61,0.2904,32.92,-7.4,19.3,0.6414,159.39
SMP_02023,roboflow_sugarcane,train,RED ROT,2,2,640,640,59.97,38.79,0.1964,18.95,0.34,22.44,0.692,142.51
SMP_02024,roboflow_sugarcane,train,RED ROT,2,2,640,640,56.48,34.5,0.2975,19.26,10.4,19.39,0.6912,145.21
SMP_02025,roboflow_sugarcane,train,RED ROT,2,2,640,640,88.18,42.05,0.1591,21.16,7.71,32.52,0.6757,121.26
SMP_02026,roboflow_sugarcane,train,RED ROT,2,2,640,640,74.56,56.6,0.1779,9.74,12.22,29.58,0.6422,159.39
SMP_02027,roboflow_sugarcane,train,RED ROT,2,2,640,640,65.01,25.29,0.2605,5.37,17.27,16.77,0.69,177.09
SMP_02028,roboflow_sugarcane,train,RED ROT,2,2,640,640,92.85,46.3,0.1287,7.97,-4.88,20.94,0.6148,192.15
SMP_02029,roboflow_sugarcane,train,RED ROT,2,2,640,640,71.18,69.25,0.165,29.93,8.87,19.2,0.7114,144.99
SMP_02030,roboflow_sugarcane,train,RED ROT,2,2,640,640,49.3,34.39,0.2248,17.39,2.93,32.17,0.7176,140.13
SMP_02031,roboflow_sugarcane,train,RED ROT,2,2,640,640,58.71,48.96,0.1491,26.28,1.43,33.25,0.624,149.32
SMP_02032,roboflow_sugarcane,train,RED ROT,2,2,640,640,87.59,74.44,0.2261,17.93,24.77,23.19,0.7424,117.43
SMP_02033,roboflow_sugarcane,train,RED ROT,2,2,640,640,48.52,55.59,0.2085,7.38,-7.56,13.59,0.6283,132.11
SMP_02034,roboflow_sugarcane,train,RED ROT,2,2,640,640,70.78,49.51,0.1243,26.93,3.54,14.11,0.6949,115.24
SMP_02035,roboflow_sugarcane,train,RED ROT,2,2,640,640,56.74,54.08,0.2484,12.89,3.11,33.86,0.7383,153.31
SMP_02036,roboflow_sugarcane,train,RED ROT,2,2,640,640,76.88,43.19,0.1369,24.64,5.38,33.41,0.6777,120.78
SMP_02037,roboflow_sugarcane,train,RED ROT,2,2,640,640,51.32,63.6,0.2386,27.39,-10.78,35.35,0.6431,143.53
SMP_02038,roboflow_sugarcane,train,RED ROT,2,2,640,640,89.93,43.21,0.2064,19.65,-2.85,25.25,0.6809,144.44
SMP_02039,roboflow_sugarcane,train,RED ROT,2,2,640,640,69.56,24.49,0.1772,23.79,5.39,13.66,0.7309,135.97
SMP_02040,roboflow_sugarcane,train,RED ROT,2,2,640,640,79.25,43.3,0.1447,8.62,-6.16,28.94,0.7071,188.53
SMP_02041,roboflow_sugarcane,train,RED ROT,2,2,640,640,55.43,36.4,0.2165,43.4,12.63,23.07,0.6485,167.22
SMP_02042,roboflow_sugarcane,train,RED ROT,2,2,640,640,61.67,44.63,0.1564,23.52,9.64,36.63,0.6521,159.03
SMP_02043,roboflow_sugarcane,train,RED ROT,2,2,640,640,47.12,44.89,0.2604,26.25,-7.7,30.12,0.6783,167.96
SMP_02044,roboflow_sugarcane,train,RED ROT,2,2,640,640,46.82,62.37,0.2622,27.47,3.16,27.2,0.7416,124.96
SMP_02045,roboflow_sugarcane,train,RED ROT,2,2,640,640,55.6,56.34,0.2821,18.89,8.0,23.62,0.7053,118.46
SMP_02046,roboflow_sugarcane,train,RED ROT,2,2,640,640,58.36,51.16,0.214,20.62,-6.01,34.06,0.6668,158.91
SMP_02047,roboflow_sugarcane,train,RED ROT,2,2,640,640,65.51,47.96,0.1798,28.68,-7.62,21.71,0.6563,114.77
SMP_02048,roboflow_sugarcane,train,RED ROT,2,2,640,640,69.64,35.29,0.1852,17.06,-2.66,17.68,0.5865,121.93
SMP_02049,roboflow_sugarcane,train,RED ROT,2,2,640,640,42.36,21.83,0.1815,23.13,26.5,26.49,0.8377,136.47
SMP_02050,roboflow_sugarcane,train,RED ROT,2,2,640,640,45.26,49.36,0.2124,23.74,13.75,32.53,0.6586,53.9
SMP_02051,roboflow_sugarcane,train,RED ROT,2,2,640,640,72.13,57.54,0.2218,14.12,0.13,35.85,0.6342,118.94
SMP_02052,roboflow_sugarcane,train,RED ROT,2,2,640,640,51.56,46.7,0.2616,23.55,-5.65,16.55,0.7726,166.1
SMP_02053,roboflow_sugarcane,train,RED ROT,2,2,640,640,33.8,41.58,0.201,6.45,-1.6,33.63,0.6485,144.47
SMP_02054,roboflow_sugarcane,train,RED ROT,2,2,640,640,44.7,53.57,0.1298,27.34,17.18,25.63,0.7015,158.83
SMP_02055,roboflow_sugarcane,train,RED ROT,2,2,640,640,69.08,47.0,0.1796,32.56,21.27,30.85,0.6714,162.75
SMP_02056,roboflow_sugarcane,train,RED ROT,2,2,640,640,27.69,68.23,0.2778,27.25,-1.49,17.43,0.6608,113.71
SMP_02057,roboflow_sugarcane,train,RED ROT,2,2,640,640,62.46,62.79,0.1222,31.98,7.49,23.7,0.7159,80.15
SMP_02058,roboflow_sugarcane,train,RED ROT,2,2,640,640,67.26,59.51,0.237,13.9,2.9,29.89,0.7074,143.9
SMP_02059,roboflow_sugarcane,train,RED ROT,2,2,640,640,31.45,57.09,0.1805,18.2,15.16,26.0,0.6112,132.75
SMP_02060,roboflow_sugarcane,train,RED ROT,2,2,640,640,30.86,32.52,0.1558,21.0,-3.75,25.27,0.6635,121.44
SMP_02061,roboflow_sugarcane,train,RED ROT,2,2,640,640,38.83,55.96,0.2198,21.03,12.83,23.97,0.7271,123.27
SMP_02062,roboflow_sugarcane,train,RED ROT,2,2,640,640,52.68,52.52,0.278,16.5,-5.72,26.03,0.714,173.47
SMP_02063,roboflow_sugarcane,train,RED ROT,2,2,640,640,96.67,55.28,0.217,12.69,12.58,26.14,0.6673,116.35
SMP_02064,roboflow_sugarcane,train,RED ROT,2,2,640,640,83.41,53.91,0.1869,33.82,-1.81,19.21,0.6143,156.31
SMP_02065,roboflow_sugarcane,train,RED ROT,2,2,640,640,85.32,53.43,0.1352,13.34,2.48,22.66,0.7699,163.31
SMP_02066,roboflow_sugarcane,train,RED ROT,2,2,640,640,69.33,80.41,0.1951,33.25,-0.16,29.56,0.7304,173.14
SMP_02067,roboflow_sugarcane,train,RED ROT,2,2,640,640,63.44,47.09,0.1334,23.96,20.69,25.21,0.8621,101.84
SMP_02068,roboflow_sugarcane,train,RED ROT,2,2,640,640,20.62,59.24,0.1845,21.62,12.95,28.97,0.6852,133.13
SMP_02069,roboflow_sugarcane,train,RED ROT,2,2,640,640,32.34,42.35,0.1968,24.34,1.71,25.0,0.723,215.41
SMP_02070,roboflow_sugarcane,train,RED ROT,2,2,640,640,63.99,57.49,0.082,32.19,-1.6,22.57,0.7017,221.14
SMP_02071,roboflow_sugarcane,train,RED ROT,2,2,640,640,59.11,59.27,0.2694,-1.0,15.51,32.14,0.5778,200.91
SMP_02072,roboflow_sugarcane,train,RED ROT,2,2,640,640,82.38,52.37,0.1381,22.87,-22.19,29.86,0.7,162.91
SMP_02073,roboflow_sugarcane,train,RED ROT,2,2,640,640,46.11,68.03,0.1907,21.19,8.83,25.35,0.5512,150.0
SMP_02074,roboflow_sugarcane,train,RED ROT,2,2,640,640,78.96,37.39,0.2267,21.49,-2.67,30.65,0.6243,118.63
SMP_02075,roboflow_sugarcane,train,RED ROT,2,2,640,640,42.59,42.15,0.2654,27.52,23.03,29.73,0.7007,90.4
SMP_02076,roboflow_sugarcane,train,RED ROT,2,2,640,640,42.54,50.55,0.1604,15.12,26.85,22.57,0.6785,168.9
SMP_02077,roboflow_sugarcane,train,RED ROT,2,2,640,640,66.05,58.57,0.0745,10.79,5.25,26.99,0.48,128.66
SMP_02078,roboflow_sugarcane,train,RED ROT,2,2,640,640,46.51,50.15,0.2539,8.93,2.08,28.26,0.6943,97.84
SMP_02079,roboflow_sugarcane,train,RED ROT,2,2,640,640,51.19,63.43,0.1375,12.74,5.54,28.93,0.5995,155.36
SMP_02080,roboflow_sugarcane,train,RED ROT,2,2,640,640,64.97,40.06,0.218,25.5,0.03,36.56,0.7278,229.78
SMP_02081,roboflow_sugarcane,train,RED ROT,2,2,640,640,38.74,34.31,0.2211,24.04,-1.36,29.87,0.6742,154.85
SMP_02082,roboflow_sugarcane,train,RED ROT,2,2,640,640,87.0,51.7,0.0374,27.07,6.88,29.94,0.7642,128.54
SMP_02083,roboflow_sugarcane,train,RED ROT,2,2,640,640,50.78,47.07,0.1193,16.32,9.99,19.48,0.5687,160.97
SMP_02084,roboflow_sugarcane,train,RED ROT,2,2,640,640,77.7,54.51,0.177,16.68,6.07,41.92,0.5518,121.27
SMP_02085,roboflow_sugarcane,train,RED ROT,2,2,640,640,79.74,47.67,0.0708,33.23,7.32,18.27,0.7579,128.47
SMP_02086,roboflow_sugarcane,train,RED ROT,2,2,640,640,42.9,43.92,0.1331,28.16,-0.06,22.69,0.7706,154.63
SMP_02087,roboflow_sugarcane,train,RED ROT,2,2,640,640,42.74,47.1,0.2061,26.02,-2.47,22.94,0.8579,93.14
SMP_02088,roboflow_sugarcane,train,RED ROT,2,2,640,640,73.07,48.35,0.1956,5.4,-2.55,24.11,0.7022,149.94
SMP_02089,roboflow_sugarcane,train,RED ROT,2,2,640,640,85.88,44.34,0.2151,35.66,11.18,20.74,0.699,137.0
SMP_02090,roboflow_sugarcane,train,RED ROT,2,2,640,640,86.21,45.56,0.2225,19.26,5.64,16.28,0.7026,138.96
SMP_02091,roboflow_sugarcane,train,RED ROT,2,2,640,640,57.57,43.16,0.1159,21.38,6.61,33.08,0.7333,124.21
SMP_02092,roboflow_sugarcane,train,RED ROT,2,2,640,640,52.33,58.28,0.1358,23.58,7.73,22.91,0.6827,187.24
SMP_02093,roboflow_sugarcane,train,RED ROT,2,2,640,640,41.79,50.33,0.2381,21.32,4.54,13.28,0.5471,109.23
SMP_02094,roboflow_sugarcane,train,RED ROT,2,2,640,640,35.22,75.08,0.2762,18.62,5.87,24.29,0.6525,128.41
SMP_02095,roboflow_sugarcane,train,RED ROT,2,2,640,640,42.97,49.93,0.1516,21.16,15.37,28.67,0.6484,151.65
SMP_02096,roboflow_sugarcane,train,RED ROT,2,2,640,640,85.47,41.39,0.2129,25.09,11.22,16.43,0.6407,186.95
SMP_02097,roboflow_sugarcane,train,RED ROT,2,2,640,640,61.3,80.05,0.2404,26.79,3.62,29.71,0.7344,103.78
SMP_02098,roboflow_sugarcane,train,RED ROT,2,2,640,640,68.38,52.96,0.2119,29.76,1.22,27.89,0.8054,155.57
SMP_02099,roboflow_sugarcane,train,RED ROT,2,2,640,640,82.21,59.88,0.1876,11.22,13.22,20.78,0.6754,134.03
SMP_02100,roboflow_sugarcane,train,RED ROT,2,2,640,640,93.68,55.11,0.168,15.63,7.66,27.71,0.6032,208.62
SMP_02101,roboflow_sugarcane,train,RED ROT,2,2,640,640,65.34,55.48,0.2993,26.82,2.54,35.75,0.6587,161.02
SMP_02102,roboflow_sugarcane,train,RED ROT,2,2,640,640,61.19,54.43,0.2048,7.44,-5.33,26.34,0.6024,134.42
SMP_02103,roboflow_sugarcane,train,RED ROT,2,2,640,640,57.48,34.77,0.2194,21.29,18.55,23.01,0.675,102.02
SMP_02104,roboflow_sugarcane,train,RED ROT,2,2,640,640,97.26,52.41,0.2162,13.71,-4.02,21.06,0.566,141.97
SMP_02105,roboflow_sugarcane,train,RED ROT,2,2,640,640,54.41,32.1,0.1594,24.41,7.28,36.89,0.6507,137.72
SMP_02106,roboflow_sugarcane,train,RED ROT,2,2,640,640,49.11,45.91,0.2025,13.24,19.6,24.75,0.7325,67.34
SMP_02107,roboflow_sugarcane,train,RED ROT,2,2,640,640,83.44,39.29,0.1839,17.12,2.27,24.57,0.6799,138.71
SMP_02108,roboflow_sugarcane,train,RED ROT,2,2,640,640,65.24,52.29,0.183,17.68,4.64,31.28,0.7131,185.83
SMP_02109,roboflow_sugarcane,train,RED ROT,2,2,640,640,64.4,52.01,0.2158,21.97,11.83,29.43,0.7157,158.1
SMP_02110,roboflow_sugarcane,train,RED ROT,2,2,640,640,101.1,53.77,0.1542,27.67,-4.55,17.73,0.6105,140.74
SMP_02111,roboflow_sugarcane,train,RED ROT,2,2,640,640,66.33,51.45,0.1398,28.26,-8.36,27.22,0.6755,138.8
SMP_02112,roboflow_sugarcane,train,RED ROT,2,2,640,640,87.89,40.72,0.2251,21.64,2.14,23.07,0.7576,127.89
SMP_02113,roboflow_sugarcane,train,RED ROT,2,2,640,640,94.01,44.87,0.1734,11.12,5.65,33.07,0.6976,121.44
SMP_02114,roboflow_sugarcane,train,RED ROT,2,2,640,640,49.64,59.04,0.1827,40.64,5.56,19.09,0.7052,153.24
SMP_02115,roboflow_sugarcane,train,RED ROT,2,2,640,640,59.84,60.81,0.1036,19.32,16.34,30.76,0.6615,127.41
SMP_02116,roboflow_sugarcane,train,RED ROT,2,2,640,640,49.31,34.24,0.2482,22.19,-2.57,14.23,0.6175,146.87
SMP_02117,roboflow_sugarcane,train,RED ROT,2,2,640,640,71.88,29.63,0.2262,21.94,3.85,29.89,0.6703,162.93
SMP_02118,roboflow_sugarcane,train,RED ROT,2,2,640,640,57.35,39.28,0.2354,22.83,17.06,30.65,0.6982,92.32
SMP_02119,roboflow_sugarcane,train,RED ROT,2,2,640,640,83.16,60.54,0.2194,13.22,2.78,20.6,0.6782,97.98
SMP_02120,roboflow_sugarcane,train,RED ROT,2,2,640,640,91.25,62.58,0.1242,23.51,20.9,31.2,0.6676,119.64
SMP_02121,roboflow_sugarcane,train,RED ROT,2,2,640,640,86.45,36.9,0.2114,34.57,3.13,25.25,0.6722,128.73
SMP_02122,roboflow_sugarcane,train,RED ROT,2,2,640,640,52.8,51.69,0.1695,3.93,-0.55,12.87,0.7258,115.31
SMP_02123,roboflow_sugarcane,train,RED ROT,2,2,640,640,84.47,70.01,0.1519,20.26,4.69,27.79,0.6668,117.62
SMP_02124,roboflow_sugarcane,train,RED ROT,2,2,640,640,82.6,52.98,0.225,11.03,7.08,21.17,0.6155,116.31
SMP_02125,roboflow_sugarcane,train,RED ROT,2,2,640,640,57.16,65.06,0.2829,27.91,1.71,31.58,0.6434,119.08
SMP_02126,roboflow_sugarcane,train,RED ROT,2,2,640,640,77.38,59.98,0.2747,29.13,8.19,33.86,0.7507,160.49
SMP_02127,roboflow_sugarcane,train,RED ROT,2,2,640,640,58.08,37.08,0.2311,18.98,3.81,23.52,0.693,124.74
SMP_02128,roboflow_sugarcane,train,RED ROT,2,2,640,640,93.59,45.72,0.1985,20.49,15.16,19.47,0.6028,169.16
SMP_02129,roboflow_sugarcane,train,RED ROT,2,2,640,640,44.66,48.42,0.1892,12.95,9.06,25.85,0.7054,174.8
SMP_02130,roboflow_sugarcane,train,RED ROT,2,2,640,640,79.89,49.25,0.1548,1.14,5.09,30.4,0.6252,157.73
SMP_02131,roboflow_sugarcane,train,RED ROT,2,2,640,640,84.89,59.0,0.1865,17.84,2.47,22.35,0.6843,98.91
SMP_02132,roboflow_sugarcane,train,RED ROT,2,2,640,640,63.38,52.9,0.2454,18.29,11.42,28.75,0.7518,117.64
SMP_02133,roboflow_sugarcane,train,RED ROT,2,2,640,640,75.6,12.77,0.2912,20.34,5.25,31.38,0.6279,161.82
SMP_02134,roboflow_sugarcane,train,RED ROT,2,2,640,640,86.15,32.25,0.1592,-6.23,1.38,32.75,0.6047,190.61
SMP_02135,roboflow_sugarcane,train,RED ROT,2,2,640,640,60.28,21.75,0.1002,6.2,-0.79,28.29,0.7107,85.85
SMP_02136,roboflow_sugarcane,train,RED ROT,2,2,640,640,70.51,50.1,0.1735,8.14,10.6,15.66,0.6721,166.79
SMP_02137,roboflow_sugarcane,train,RED ROT,2,2,640,640,93.62,50.89,0.2452,20.66,1.23,24.23,0.69,114.33
SMP_02138,roboflow_sugarcane,train,RED ROT,2,2,640,640,86.13,51.4,0.3036,24.68,2.6,24.74,0.7586,90.11
SMP_02139,roboflow_sugarcane,train,RED ROT,2,2,640,640,83.64,36.49,0.2655,10.7,9.43,26.53,0.6353,162.91
SMP_02140,roboflow_sugarcane,train,RED ROT,2,2,640,640,56.74,56.09,0.2643,17.79,13.57,10.55,0.7004,100.11
SMP_02141,roboflow_sugarcane,train,RED ROT,2,2,640,640,77.82,56.6,0.1575,15.37,9.76,21.21,0.6947,99.63
SMP_02142,roboflow_sugarcane,train,RED ROT,2,2,640,640,38.19,32.94,0.1589,36.26,11.82,24.91,0.5881,214.83
SMP_02143,roboflow_sugarcane,train,RED ROT,2,2,640,640,50.83,30.41,0.1338,16.92,10.68,28.65,0.7265,90.43
SMP_02144,roboflow_sugarcane,train,RED ROT,2,2,640,640,82.94,48.0,0.1667,16.58,5.07,39.55,0.712,105.74
SMP_02145,roboflow_sugarcane,train,RED ROT,2,2,640,640,65.0,69.5,0.2457,13.47,8.16,29.95,0.6672,139.1
SMP_02146,roboflow_sugarcane,train,RED ROT,2,2,640,640,51.96,68.4,0.2812,4.79,19.61,20.02,0.7476,119.39
SMP_02147,roboflow_sugarcane,train,RED ROT,2,2,640,640,74.49,54.76,0.2173,25.17,3.43,21.01,0.5501,150.53
SMP_02148,roboflow_sugarcane,train,RED ROT,2,2,640,640,45.53,39.24,0.1872,17.87,-3.74,21.92,0.6455,155.01
SMP_02149,roboflow_sugarcane,train,RED ROT,2,2,640,640,60.02,58.64,0.1467,16.89,-15.21,23.65,0.7261,110.93
SMP_02150,roboflow_sugarcane,train,RED ROT,2,2,640,640,78.62,42.57,0.1944,21.46,20.48,27.36,0.6355,205.33
SMP_02151,roboflow_sugarcane,train,RED ROT,2,2,640,640,66.15,38.79,0.2102,7.38,20.85,20.34,0.6133,94.28
SMP_02152,roboflow_sugarcane,train,RED ROT,2,2,640,640,83.38,22.27,0.1268,34.16,-2.93,24.69,0.7056,132.65
SMP_02153,roboflow_sugarcane,train,RED ROT,2,2,640,640,90.61,49.23,0.2461,5.44,15.29,24.8,0.6147,137.16
SMP_02154,roboflow_sugarcane,train,RED ROT,2,2,640,640,57.87,40.44,0.1788,34.21,13.26,28.03,0.7229,142.12
SMP_02155,roboflow_sugarcane,train,RED ROT,2,2,640,640,92.64,49.16,0.2431,19.88,10.13,23.56,0.744,163.27
SMP_02156,roboflow_sugarcane,train,RED ROT,2,2,640,640,52.72,20.41,0.1995,16.91,9.03,21.4,0.6658,163.16
SMP_02157,roboflow_sugarcane,train,RED ROT,2,2,640,640,72.86,50.04,0.2149,25.37,-0.96,21.78,0.6677,139.39
SMP_02158,roboflow_sugarcane,train,RED ROT,2,2,640,640,51.37,18.83,0.1649,17.23,6.03,28.35,0.6383,173.37
SMP_02159,roboflow_sugarcane,train,RED ROT,2,2,640,640,56.07,61.06,0.1828,27.45,7.78,21.65,0.6768,98.68
SMP_02160,roboflow_sugarcane,train,RED ROT,2,2,640,640,63.13,54.26,0.2321,22.46,5.56,30.2,0.6517,147.14
SMP_02161,roboflow_sugarcane,train,RED ROT,2,2,640,640,63.39,44.66,0.1934,25.7,4.56,28.2,0.7685,168.57
SMP_02162,roboflow_sugarcane,train,RED ROT,2,2,640,640,56.94,54.75,0.1448,28.32,15.4,19.46,0.7731,140.98
SMP_02163,roboflow_sugarcane,train,RED ROT,2,2,640,640,67.05,36.26,0.2056,18.61,13.13,33.43,0.6713,132.59
SMP_02164,roboflow_sugarcane,train,RED ROT,2,2,640,640,90.9,48.87,0.2193,27.72,11.99,26.48,0.7413,138.59
SMP_02165,roboflow_sugarcane,train,RED ROT,2,2,640,640,45.41,57.54,0.2686,24.14,12.46,22.0,0.7135,146.98
SMP_02166,roboflow_sugarcane,train,RED ROT,2,2,640,640,85.2,10.87,0.2576,30.67,6.83,36.98,0.6173,147.82
SMP_02167,roboflow_sugarcane,train,RED ROT,2,2,640,640,45.31,42.63,0.1968,17.06,14.33,25.93,0.5998,163.87
SMP_02168,roboflow_sugarcane,train,RED ROT,2,2,640,640,69.09,47.73,0.1726,30.93,-4.58,28.15,0.6519,163.32
SMP_02169,roboflow_sugarcane,train,RED ROT,2,2,640,640,45.61,45.64,0.1886,13.82,5.56,26.09,0.6194,133.85
SMP_02170,roboflow_sugarcane,train,RED ROT,2,2,640,640,59.25,65.49,0.1738,3.94,10.66,34.65,0.7001,147.83
SMP_02171,roboflow_sugarcane,train,RED ROT,2,2,640,640,68.38,34.51,0.2253,9.08,9.35,36.68,0.7143,129.87
SMP_02172,roboflow_sugarcane,train,RED ROT,2,2,640,640,44.58,40.55,0.2521,17.34,7.99,27.55,0.6298,89.18
SMP_02173,roboflow_sugarcane,train,RED ROT,2,2,640,640,68.9,25.01,0.262,22.1,12.42,26.43,0.7399,181.21
SMP_02174,roboflow_sugarcane,train,RED ROT,2,2,640,640,54.35,66.12,0.1794,20.13,16.53,31.61,0.7944,188.43
SMP_02175,roboflow_sugarcane,train,RED ROT,2,2,640,640,77.21,45.04,0.1744,26.29,-3.51,23.1,0.6457,148.04
SMP_02176,roboflow_sugarcane,train,RED ROT,2,2,640,640,80.31,42.74,0.179,10.4,7.4,27.48,0.7081,131.35
SMP_02177,roboflow_sugarcane,train,RED ROT,2,2,640,640,55.4,47.37,0.1034,33.8,-0.78,22.09,0.7152,124.42
SMP_02178,roboflow_sugarcane,train,RED ROT,2,2,640,640,73.88,55.63,0.1399,30.76,13.56,37.36,0.6811,184.52
SMP_02179,roboflow_sugarcane,train,RED ROT,2,2,640,640,79.12,52.17,0.1983,27.48,10.79,32.52,0.7926,119.54
SMP_02180,roboflow_sugarcane,train,RED ROT,2,2,640,640,78.09,79.77,0.219,30.12,-2.76,36.7,0.73,118.19
SMP_02181,roboflow_sugarcane,train,RED ROT,2,2,640,640,69.53,53.45,0.2246,7.58,4.95,23.06,0.731,75.16
SMP_02182,roboflow_sugarcane,train,RED ROT,2,2,640,640,48.41,42.42,0.161,25.59,-7.01,31.45,0.6517,159.79
SMP_02183,roboflow_sugarcane,train,RED ROT,2,2,640,640,90.59,41.26,0.1754,25.92,12.6,28.54,0.7451,187.67
SMP_02184,roboflow_sugarcane,train,RED ROT,2,2,640,640,80.3,43.29,0.1865,27.74,0.71,27.83,0.6605,156.68
SMP_02185,roboflow_sugarcane,train,RED ROT,2,2,640,640,70.41,29.98,0.1809,26.78,-4.04,35.93,0.7277,125.46
SMP_02186,roboflow_sugarcane,train,RED ROT,2,2,640,640,48.94,48.48,0.2344,23.56,2.24,20.53,0.5676,85.04
SMP_02187,roboflow_sugarcane,train,RED ROT,2,2,640,640,71.86,57.4,0.1346,23.24,9.67,22.37,0.7268,155.59
SMP_02188,roboflow_sugarcane,train,RED ROT,2,2,640,640,76.3,40.64,0.1425,29.54,7.3,22.8,0.7265,151.22
SMP_02189,roboflow_sugarcane,train,RED ROT,2,2,640,640,54.83,38.31,0.1851,15.01,1.09,17.34,0.6999,122.04
SMP_02190,roboflow_sugarcane,train,RED ROT,2,2,640,640,55.56,66.19,0.1317,22.94,4.16,14.05,0.5195,136.89
SMP_02191,roboflow_sugarcane,train,RED ROT,2,2,640,640,50.29,30.88,0.105,15.58,2.67,24.98,0.7438,160.49
SMP_02192,roboflow_sugarcane,train,RED ROT,2,2,640,640,42.64,23.19,0.1253,18.78,-2.47,30.47,0.7621,163.65
SMP_02193,roboflow_sugarcane,train,RED ROT,2,2,640,640,64.56,34.17,0.1879,-1.38,-9.93,24.66,0.5965,159.66
SMP_02194,roboflow_sugarcane,train,RED ROT,2,2,640,640,51.42,29.51,0.2315,13.04,4.95,21.09,0.747,180.97
SMP_02195,roboflow_sugarcane,train,RED ROT,2,2,640,640,87.47,52.63,0.2326,16.51,9.68,33.28,0.6028,149.34
SMP_02196,roboflow_sugarcane,train,RED ROT,2,2,640,640,88.76,43.67,0.2794,16.61,4.87,19.19,0.6374,161.76
SMP_02197,roboflow_sugarcane,train,RED ROT,2,2,640,640,70.2,45.36,0.2051,17.33,21.4,14.91,0.6653,130.21
SMP_02198,roboflow_sugarcane,train,RED ROT,2,2,640,640,68.43,61.84,0.2118,10.52,0.23,16.86,0.7487,111.87
SMP_02199,roboflow_sugarcane,train,RED ROT,2,2,640,640,88.7,39.7,0.1875,17.34,4.66,35.38,0.7208,157.05
SMP_02200,roboflow_sugarcane,train,RED ROT,2,2,640,640,72.51,57.3,0.1899,28.68,8.89,24.78,0.6771,154.57
SMP_02201,roboflow_sugarcane,train,RED ROT,2,2,640,640,80.01,66.14,0.304,17.61,8.53,33.63,0.6641,126.06
SMP_02202,roboflow_sugarcane,train,RED ROT,2,2,640,640,85.82,42.53,0.2131,30.39,2.95,33.32,0.7101,171.08
SMP_02203,roboflow_sugarcane,train,RED ROT,2,2,640,640,60.29,56.84,0.2174,29.86,4.57,14.4,0.6886,134.04
SMP_02204,roboflow_sugarcane,train,RED ROT,2,2,640,640,89.82,45.1,0.1427,15.3,4.33,26.37,0.7488,83.42
SMP_02205,roboflow_sugarcane,train,RED ROT,2,2,640,640,79.96,59.09,0.2205,24.56,10.47,30.64,0.6194,145.89
SMP_02206,roboflow_sugarcane,train,RED ROT,2,2,640,640,73.34,29.14,0.2329,9.5,-0.56,19.55,0.8123,100.57
SMP_02207,roboflow_sugarcane,train,RED ROT,2,2,640,640,56.15,28.25,0.2555,11.57,-14.47,18.27,0.743,46.53
SMP_02208,roboflow_sugarcane,train,RED ROT,2,2,640,640,71.36,43.3,0.2315,20.89,2.26,29.02,0.5468,134.08
SMP_02209,roboflow_sugarcane,train,RED ROT,2,2,640,640,77.16,37.33,0.1937,24.07,18.5,18.82,0.6919,160.69
SMP_02210,roboflow_sugarcane,train,RED ROT,2,2,640,640,85.51,41.8,0.1915,32.91,11.41,27.72,0.5954,129.1
SMP_02211,roboflow_sugarcane,train,RED ROT,2,2,640,640,67.42,45.37,0.1964,18.7,-7.55,30.52,0.6729,145.09
SMP_02212,roboflow_sugarcane,train,RED ROT,2,2,640,640,56.66,56.64,0.2054,21.4,10.4,31.33,0.5157,130.81
SMP_02213,roboflow_sugarcane,train,RED ROT,2,2,640,640,58.04,43.11,0.2634,20.78,6.67,30.84,0.584,131.57
SMP_02214,roboflow_sugarcane,train,RED ROT,2,2,640,640,69.82,38.11,0.2536,34.35,2.0,33.69,0.6755,91.25
SMP_02215,roboflow_sugarcane,train,RED ROT,2,2,640,640,54.84,43.78,0.2376,30.74,-3.62,19.96,0.6446,69.67
SMP_02216,roboflow_sugarcane,train,RED ROT,2,2,640,640,78.42,38.77,0.3015,23.08,-1.51,36.13,0.7526,145.85
SMP_02217,roboflow_sugarcane,train,RED ROT,2,2,640,640,69.6,36.79,0.0672,26.35,0.52,22.92,0.6514,123.8
SMP_02218,roboflow_sugarcane,train,RED ROT,2,2,640,640,78.55,28.64,0.177,22.8,19.68,19.52,0.7117,100.17
SMP_02219,roboflow_sugarcane,train,RED ROT,2,2,640,640,47.45,48.83,0.1994,28.6,10.12,32.45,0.7671,132.66
SMP_02220,roboflow_sugarcane,train,RED ROT,2,2,640,640,56.76,41.18,0.1664,26.89,-0.68,29.73,0.5838,100.27
SMP_02221,roboflow_sugarcane,train,RED ROT,2,2,640,640,85.86,59.6,0.1535,17.58,0.66,15.77,0.6022,138.44
SMP_02222,roboflow_sugarcane,train,RED ROT,2,2,640,640,51.57,30.63,0.1141,20.8,4.7,31.24,0.6342,59.88
SMP_02223,roboflow_sugarcane,train,RED ROT,2,2,640,640,66.62,41.49,0.1844,21.29,1.53,27.7,0.6747,177.73
SMP_02224,roboflow_sugarcane,train,RED ROT,2,2,640,640,52.61,69.75,0.2447,21.21,5.13,26.2,0.7281,170.48
SMP_02225,roboflow_sugarcane,train,RED ROT,2,2,640,640,76.32,36.72,0.2387,15.94,3.83,23.15,0.5796,112.8
SMP_02226,roboflow_sugarcane,train,RED ROT,2,2,640,640,82.03,45.16,0.1624,22.7,5.78,33.86,0.593,154.11
SMP_02227,roboflow_sugarcane,train,RED ROT,2,2,640,640,44.37,33.41,0.211,15.93,-10.99,35.5,0.6839,121.89
SMP_02228,roboflow_sugarcane,train,RED ROT,2,2,640,640,47.28,31.82,0.2679,15.32,11.4,29.89,0.5773,208.6
SMP_02229,roboflow_sugarcane,train,RED ROT,2,2,640,640,68.28,66.57,0.124,19.05,0.52,18.51,0.6314,95.68
SMP_02230,roboflow_sugarcane,train,RED ROT,2,2,640,640,86.68,50.05,0.1921,22.16,12.25,18.66,0.6253,175.29
SMP_02231,roboflow_sugarcane,train,RED ROT,2,2,640,640,94.6,49.6,0.2143,29.81,22.57,21.04,0.6536,169.27
SMP_02232,roboflow_sugarcane,train,RED ROT,2,2,640,640,107.05,27.64,0.2005,25.68,-6.62,31.78,0.7885,107.1
SMP_02233,roboflow_sugarcane,train,RED ROT,2,2,640,640,70.71,52.3,0.2425,28.88,5.79,24.06,0.6314,174.32
SMP_02234,roboflow_sugarcane,train,RED ROT,2,2,640,640,93.04,61.89,0.1251,34.18,1.64,29.73,0.6115,128.11
SMP_02235,roboflow_sugarcane,train,RED ROT,2,2,640,640,63.73,61.79,0.1497,15.32,8.16,22.43,0.6376,117.38
SMP_02236,roboflow_sugarcane,train,RED ROT,2,2,640,640,78.46,56.02,0.2341,25.69,-11.86,34.41,0.63,149.36
SMP_02237,roboflow_sugarcane,train,RED ROT,2,2,640,640,59.14,34.45,0.1149,26.01,2.13,19.08,0.724,134.13
SMP_02238,roboflow_sugarcane,train,RED ROT,2,2,640,640,54.25,51.76,0.2406,22.05,-1.55,24.67,0.7108,144.56
SMP_02239,roboflow_sugarcane,train,RED ROT,2,2,640,640,60.96,56.01,0.2225,27.14,18.02,24.58,0.6324,120.22
SMP_02240,roboflow_sugarcane,train,RED ROT,2,2,640,640,74.28,26.47,0.2371,20.7,19.87,30.11,0.6698,141.51
SMP_02241,roboflow_sugarcane,train,RED ROT,2,2,640,640,50.36,34.54,0.1765,25.37,2.71,28.16,0.6326,171.61
SMP_02242,roboflow_sugarcane,train,RED ROT,2,2,640,640,65.25,58.66,0.2255,8.67,-4.18,34.89,0.6913,110.01
SMP_02243,roboflow_sugarcane,train,RED ROT,2,2,640,640,59.07,58.51,0.1414,20.02,-1.71,33.78,0.7559,151.28
SMP_02244,roboflow_sugarcane,train,RED ROT,2,2,640,640,83.93,29.42,0.1793,25.67,5.31,21.8,0.7533,122.06
SMP_02245,roboflow_sugarcane,train,RED ROT,2,2,640,640,57.77,57.54,0.2018,28.23,-6.21,26.26,0.7102,120.9
SMP_02246,roboflow_sugarcane,train,RED ROT,2,2,640,640,59.74,49.14,0.1551,13.11,9.15,25.95,0.6395,213.7
SMP_02247,roboflow_sugarcane,train,RED ROT,2,2,640,640,28.98,57.37,0.2109,19.35,3.43,22.76,0.6301,186.65
SMP_02248,roboflow_sugarcane,train,RED ROT,2,2,640,640,60.66,40.39,0.1428,11.49,7.85,16.76,0.5807,122.74
SMP_02249,roboflow_sugarcane,train,RED ROT,2,2,640,640,42.64,55.74,0.2134,16.9,8.16,25.88,0.6725,123.93
SMP_02250,roboflow_sugarcane,train,RED ROT,2,2,640,640,70.0,58.13,0.2871,22.53,16.04,31.24,0.6323,117.07
SMP_02251,roboflow_sugarcane,train,RED ROT,2,2,640,640,33.87,43.78,0.1372,28.28,10.08,27.16,0.7491,165.14
SMP_02252,roboflow_sugarcane,train,RED ROT,2,2,640,640,42.06,48.21,0.1989,27.23,7.34,28.03,0.5819,100.22
SMP_02253,roboflow_sugarcane,train,RED ROT,2,2,640,640,66.48,40.22,0.1191,21.78,6.99,34.61,0.7319,152.97
SMP_02254,roboflow_sugarcane,train,RED ROT,2,2,640,640,36.39,67.82,0.1584,14.79,-10.83,20.76,0.5792,211.98
SMP_02255,roboflow_sugarcane,train,RED ROT,2,2,640,640,33.01,46.56,0.2351,18.89,6.44,21.23,0.6082,146.21
SMP_02256,roboflow_sugarcane,train,RED ROT,2,2,640,640,48.0,36.94,0.1785,40.3,9.9,23.43,0.6259,171.97
SMP_02257,roboflow_sugarcane,train,RED ROT,2,2,640,640,67.18,39.41,0.2371,8.81,4.03,32.47,0.6197,168.55
SMP_02258,roboflow_sugarcane,train,RED ROT,2,2,640,640,28.32,49.52,0.2178,10.34,18.32,31.37,0.7562,126.49
SMP_02259,roboflow_sugarcane,train,RED ROT,2,2,640,640,69.32,57.04,0.1968,21.4,-6.88,27.59,0.6753,99.88
SMP_02260,roboflow_sugarcane,train,RED ROT,2,2,640,640,77.83,31.97,0.1485,25.65,-0.92,34.58,0.7611,172.3
SMP_02261,roboflow_sugarcane,train,RED ROT,2,2,640,640,51.92,70.17,0.2343,26.91,-0.08,20.44,0.6841,171.42
SMP_02262,roboflow_sugarcane,train,RED ROT,2,2,640,640,82.8,51.7,0.2152,22.31,5.07,23.46,0.6244,199.49
SMP_02263,roboflow_sugarcane,train,RED ROT,2,2,640,640,53.98,53.6,0.1236,7.84,-0.17,28.18,0.582,141.37
SMP_02264,roboflow_sugarcane,train,RED ROT,2,2,640,640,57.29,46.83,0.1518,18.24,-4.92,24.78,0.6539,110.83
SMP_02265,roboflow_sugarcane,train,RED ROT,2,2,640,640,55.93,48.23,0.0615,5.87,2.15,31.08,0.6362,144.48
SMP_02266,roboflow_sugarcane,train,RED ROT,2,2,640,640,52.54,46.22,0.1317,23.16,13.12,36.37,0.7146,119.18
SMP_02267,roboflow_sugarcane,train,RED ROT,2,2,640,640,77.34,60.21,0.1843,23.65,11.03,25.45,0.7495,167.03
SMP_02268,roboflow_sugarcane,train,RED ROT,2,2,640,640,36.88,47.9,0.1472,18.99,-0.56,28.46,0.7776,163.15
SMP_02269,roboflow_sugarcane,train,RED ROT,2,2,640,640,85.61,57.2,0.1584,10.54,2.01,31.57,0.7126,161.37
SMP_02270,roboflow_sugarcane,train,RED ROT,2,2,640,640,36.13,42.79,0.2695,13.45,-1.22,30.59,0.6129,120.93
SMP_02271,roboflow_sugarcane,train,RED ROT,2,2,640,640,41.57,50.35,0.2514,7.01,-5.09,36.62,0.7275,135.66
SMP_02272,roboflow_sugarcane,train,RED ROT,2,2,640,640,36.19,38.35,0.1653,19.59,8.42,28.5,0.7283,91.45
SMP_02273,roboflow_sugarcane,train,RED ROT,2,2,640,640,47.3,62.6,0.2397,45.35,-5.25,26.32,0.6221,112.2
SMP_02274,roboflow_sugarcane,train,RED ROT,2,2,640,640,58.4,38.0,0.2607,19.18,10.3,20.17,0.6948,121.62
SMP_02275,roboflow_sugarcane,train,RED ROT,2,2,640,640,49.64,44.1,0.2309,16.64,19.55,28.1,0.6427,106.87
SMP_02276,roboflow_sugarcane,train,RED ROT,2,2,640,640,71.59,44.22,0.2149,21.74,8.01,20.49,0.6194,126.48
SMP_02277,roboflow_sugarcane,train,RED ROT,2,2,640,640,47.37,43.75,0.2549,10.8,9.98,20.25,0.7473,146.52
SMP_02278,roboflow_sugarcane,train,RED ROT,2,2,640,640,90.06,56.67,0.2385,11.07,9.75,28.48,0.6885,107.93
SMP_02279,roboflow_sugarcane,train,RED ROT,2,2,640,640,85.13,44.2,0.1393,15.05,1.09,24.02,0.7503,110.91
SMP_02280,roboflow_sugarcane,train,RED ROT,2,2,640,640,48.18,64.73,0.1906,27.08,7.96,11.48,0.6686,147.0
SMP_02281,roboflow_sugarcane,train,RED ROT,2,2,640,640,45.04,38.18,0.1724,22.67,7.5,39.93,0.6369,136.5
SMP_02282,roboflow_sugarcane,train,RED ROT,2,2,640,640,76.56,50.03,0.2576,18.73,-0.01,17.28,0.5477,153.6
SMP_02283,roboflow_sugarcane,train,RED ROT,2,2,640,640,49.36,38.69,0.171,25.99,-15.13,24.47,0.7998,168.74
SMP_02284,roboflow_sugarcane,train,RED ROT,2,2,640,640,36.93,53.05,0.1624,33.67,-3.38,18.88,0.756,158.99
SMP_02285,roboflow_sugarcane,train,RED ROT,2,2,640,640,63.88,47.81,0.2513,25.89,-2.54,24.47,0.6206,168.28
SMP_02286,roboflow_sugarcane,train,RED ROT,2,2,640,640,36.62,46.14,0.213,11.86,9.01,23.36,0.5208,156.54
SMP_02287,roboflow_sugarcane,train,RED ROT,2,2,640,640,57.41,62.26,0.3056,4.93,-6.83,21.96,0.7535,48.04
SMP_02288,roboflow_sugarcane,train,RED ROT,2,2,640,640,57.23,40.15,0.1569,6.05,19.97,25.42,0.7035,115.19
SMP_02289,roboflow_sugarcane,train,RED ROT,2,2,640,640,43.12,55.04,0.1741,26.95,18.03,19.63,0.738,97.75
SMP_02290,roboflow_sugarcane,train,RED ROT,2,2,640,640,74.75,38.77,0.2561,13.94,13.42,29.22,0.5402,139.61
SMP_02291,roboflow_sugarcane,train,RED ROT,2,2,640,640,39.29,49.35,0.136,26.55,0.92,28.61,0.591,129.13
SMP_02292,roboflow_sugarcane,train,RED ROT,2,2,640,640,66.48,33.65,0.266,16.36,-11.63,26.4,0.6879,167.54
SMP_02293,roboflow_sugarcane,train,RED ROT,2,2,640,640,60.04,40.05,0.1396,23.1,11.66,29.25,0.6334,89.81
SMP_02294,roboflow_sugarcane,train,RED ROT,2,2,640,640,33.81,47.01,0.2305,25.61,-0.98,32.2,0.645,99.39
SMP_02295,roboflow_sugarcane,train,RED ROT,2,2,640,640,42.45,69.78,0.1078,13.74,11.3,17.56,0.5401,124.32
SMP_02296,roboflow_sugarcane,train,RED ROT,2,2,640,640,38.4,49.21,0.2023,26.58,9.81,35.65,0.6495,155.69
SMP_02297,roboflow_sugarcane,train,RED ROT,2,2,640,640,81.81,67.86,0.1315,14.72,1.48,36.03,0.6945,129.93
SMP_02298,roboflow_sugarcane,train,RED ROT,2,2,640,640,35.71,50.64,0.2963,14.38,-4.76,31.15,0.7269,159.58
SMP_02299,roboflow_sugarcane,train,RED ROT,2,2,640,640,46.51,43.35,0.1464,26.57,6.5,24.04,0.708,135.25
SMP_02300,roboflow_sugarcane,train,RED ROT,2,2,640,640,37.14,66.47,0.1586,25.06,-7.56,38.76,0.6496,141.4
SMP_02301,roboflow_sugarcane,train,RED ROT,2,2,640,640,72.97,53.24,0.2268,23.68,7.25,32.72,0.7358,147.31
SMP_02302,roboflow_sugarcane,train,RED ROT,2,2,640,640,62.75,40.29,0.17,11.18,8.76,17.03,0.6508,75.86
SMP_02303,roboflow_sugarcane,train,RED ROT,2,2,640,640,52.9,53.65,0.235,16.93,-0.28,23.74,0.8132,156.01
SMP_02304,roboflow_sugarcane,train,RED ROT,2,2,640,640,81.17,44.49,0.1645,25.51,-7.03,29.63,0.7046,132.48
SMP_02305,roboflow_sugarcane,train,RED ROT,2,2,640,640,34.09,24.13,0.1606,38.27,18.03,18.39,0.676,158.03
SMP_02306,roboflow_sugarcane,train,RED ROT,2,2,640,640,77.07,59.23,0.1986,34.49,0.72,32.62,0.6819,194.0
SMP_02307,roboflow_sugarcane,train,RED ROT,2,2,640,640,39.67,61.14,0.1392,16.26,3.34,24.82,0.6194,179.52
SMP_02308,roboflow_sugarcane,train,RED ROT,2,2,640,640,50.77,70.06,0.2198,14.73,13.73,20.08,0.7335,137.85
SMP_02309,roboflow_sugarcane,train,RED ROT,2,2,640,640,33.0,53.07,0.2439,33.84,0.45,24.94,0.626,159.55
SMP_02310,roboflow_sugarcane,train,RED ROT,2,2,640,640,62.93,45.02,0.2276,24.81,-1.09,22.67,0.7541,118.1
SMP_02311,roboflow_sugarcane,train,RED ROT,2,2,640,640,51.39,58.02,0.2322,16.26,21.08,15.68,0.6946,100.09
SMP_02312,roboflow_sugarcane,train,RED ROT,2,2,640,640,57.85,58.2,0.1038,21.01,-0.86,25.76,0.6233,110.77
SMP_02313,roboflow_sugarcane,train,RED ROT,2,2,640,640,37.69,67.66,0.1769,10.01,14.73,23.49,0.7089,163.43
SMP_02314,roboflow_sugarcane,train,RED ROT,2,2,640,640,49.6,47.46,0.1886,28.07,6.22,26.69,0.6339,122.37
SMP_02315,roboflow_sugarcane,train,RED ROT,2,2,640,640,34.65,46.01,0.2727,31.2,6.06,19.52,0.6273,140.47
SMP_02316,roboflow_sugarcane,train,RED ROT,2,2,640,640,30.52,39.41,0.1709,32.32,0.95,26.97,0.693,138.38
SMP_02317,roboflow_sugarcane,train,RED ROT,2,2,640,640,48.16,54.45,0.0849,29.01,3.4,40.49,0.7014,214.85
SMP_02318,roboflow_sugarcane,train,RED ROT,2,2,640,640,54.97,29.42,0.1498,17.44,19.3,18.5,0.6485,95.49
SMP_02319,roboflow_sugarcane,train,RED ROT,2,2,640,640,93.54,57.31,0.1669,27.15,11.84,26.39,0.6469,136.26
SMP_02320,roboflow_sugarcane,train,RED ROT,2,2,640,640,54.42,55.05,0.0922,31.69,-5.9,27.92,0.6532,157.69
SMP_02321,roboflow_sugarcane,train,RED ROT,2,2,640,640,81.85,55.02,0.2484,27.56,-2.93,26.4,0.7208,150.17
SMP_02322,roboflow_sugarcane,train,RED ROT,2,2,640,640,82.39,49.66,0.1215,26.83,8.06,25.85,0.7257,131.97
SMP_02323,roboflow_sugarcane,train,RED ROT,2,2,640,640,41.85,66.4,0.2223,21.53,10.11,26.47,0.7191,123.67
SMP_02324,roboflow_sugarcane,train,RED ROT,2,2,640,640,34.05,58.46,0.1454,12.75,11.13,23.42,0.6345,169.97
SMP_02325,roboflow_sugarcane,train,RED ROT,2,2,640,640,48.68,40.72,0.2753,34.84,4.39,36.08,0.8292,106.26
SMP_02326,roboflow_sugarcane,train,RED ROT,2,2,640,640,85.11,40.93,0.1862,19.71,-1.8,28.48,0.5219,147.02
SMP_02327,roboflow_sugarcane,train,RED ROT,2,2,640,640,79.37,37.44,0.176,29.71,-1.48,22.26,0.6154,117.13
SMP_02328,roboflow_sugarcane,train,RED ROT,2,2,640,640,54.91,54.62,0.2264,39.82,-13.4,33.27,0.7156,119.26
SMP_02329,roboflow_sugarcane,train,RED ROT,2,2,640,640,49.0,36.0,0.1496,27.27,18.07,21.66,0.7866,125.55
SMP_02330,roboflow_sugarcane,train,RED ROT,2,2,640,640,43.84,61.0,0.2288,29.4,-16.03,19.19,0.7027,135.67
SMP_02331,roboflow_sugarcane,train,RED ROT,2,2,640,640,49.92,63.88,0.1759,12.52,3.07,23.47,0.6577,127.54
SMP_02332,roboflow_sugarcane,train,RED ROT,2,2,640,640,49.54,37.45,0.1703,14.18,-9.17,34.61,0.7625,143.76
SMP_02333,roboflow_sugarcane,train,RED ROT,2,2,640,640,58.35,45.77,0.1956,30.12,0.32,19.29,0.6455,160.55
SMP_02334,roboflow_sugarcane,train,RED ROT,2,2,640,640,72.21,48.2,0.1455,15.6,9.61,24.28,0.6229,155.84
SMP_02335,roboflow_sugarcane,train,RED ROT,2,2,640,640,39.8,58.61,0.1905,9.27,-13.29,22.49,0.7363,143.13
SMP_02336,roboflow_sugarcane,train,RED ROT,2,2,640,640,64.33,67.31,0.217,6.71,7.82,31.14,0.7819,141.68
SMP_02337,roboflow_sugarcane,train,RED ROT,2,2,640,640,84.23,27.77,0.0846,18.27,11.97,19.55,0.5698,145.79
SMP_02338,roboflow_sugarcane,train,RED ROT,2,2,640,640,57.21,44.18,0.2546,18.17,1.66,29.78,0.7958,141.7
SMP_02339,roboflow_sugarcane,train,RED ROT,2,2,640,640,49.53,44.81,0.2408,27.98,26.91,18.0,0.7434,148.29
SMP_02340,roboflow_sugarcane,train,RED ROT,2,2,640,640,77.04,31.19,0.1073,12.09,-12.96,32.56,0.7376,95.07
SMP_02341,roboflow_sugarcane,train,RED ROT,2,2,640,640,49.25,42.18,0.0995,31.02,-8.7,29.35,0.7404,99.94
SMP_02342,roboflow_sugarcane,train,RED ROT,2,2,640,640,56.87,53.13,0.2421,10.3,2.57,30.4,0.7255,143.46
SMP_02343,roboflow_sugarcane,train,RED ROT,2,2,640,640,91.68,44.66,0.2382,10.51,2.74,27.08,0.7116,153.03
SMP_02344,roboflow_sugarcane,train,RED ROT,2,2,640,640,57.36,29.46,0.2312,21.11,5.92,19.6,0.6628,85.43
SMP_02345,roboflow_sugarcane,train,RED ROT,2,2,640,640,67.88,82.49,0.1287,20.43,12.43,30.77,0.5919,152.07
SMP_02346,roboflow_sugarcane,train,RED ROT,2,2,640,640,59.88,51.19,0.2914,24.64,-5.05,29.53,0.6168,116.69
SMP_02347,roboflow_sugarcane,train,RED ROT,2,2,640,640,54.88,49.34,0.1622,10.59,-5.87,21.43,0.6991,154.45
SMP_02348,roboflow_sugarcane,train,RED ROT,2,2,640,640,57.74,34.82,0.212,22.82,-0.56,18.57,0.6866,106.47
SMP_02349,roboflow_sugarcane,train,RED ROT,2,2,640,640,79.45,51.13,0.2126,6.57,13.25,26.42,0.6264,200.43
SMP_02350,roboflow_sugarcane,train,RED ROT,2,2,640,640,62.64,46.03,0.2796,2.44,11.48,26.89,0.6379,151.07
SMP_02351,roboflow_sugarcane,train,RED ROT,2,2,640,640,56.02,25.34,0.2063,34.62,4.44,30.38,0.6769,172.54
SMP_02352,roboflow_sugarcane,train,RED ROT,2,2,640,640,80.49,35.16,0.2208,28.37,0.93,22.25,0.6346,133.75
SMP_02353,roboflow_sugarcane,train,RED ROT,2,2,640,640,49.67,57.54,0.1961,19.97,3.78,28.31,0.6279,164.03
SMP_02354,roboflow_sugarcane,train,RED ROT,2,2,640,640,74.84,71.33,0.1402,3.82,7.9,31.88,0.737,157.62
SMP_02355,roboflow_sugarcane,train,RED ROT,2,2,640,640,90.44,52.41,0.0841,16.34,5.79,13.53,0.6082,124.08
SMP_02356,roboflow_sugarcane,train,RED ROT,2,2,640,640,64.14,61.24,0.2016,23.59,-6.27,12.02,0.6777,133.02
SMP_02357,roboflow_sugarcane,train,RED ROT,2,2,640,640,60.08,46.13,0.1294,16.32,-6.83,27.07,0.715,185.95
SMP_02358,roboflow_sugarcane,train,RED ROT,2,2,640,640,87.31,46.96,0.2175,32.49,2.93,27.71,0.6859,176.08
SMP_02359,roboflow_sugarcane,train,RED ROT,2,2,640,640,47.39,61.09,0.2074,25.03,10.8,22.22,0.6537,98.57
SMP_02360,roboflow_sugarcane,train,RED ROT,2,2,640,640,66.38,67.95,0.2062,12.61,-3.49,17.12,0.7909,171.88
SMP_02361,roboflow_sugarcane,train,RED ROT,2,2,640,640,60.64,63.61,0.1474,7.23,8.26,36.93,0.7412,132.12
SMP_02362,roboflow_sugarcane,train,RED ROT,2,2,640,640,90.94,35.2,0.2518,27.0,-9.31,26.4,0.8097,134.45
SMP_02363,roboflow_sugarcane,train,RED ROT,2,2,640,640,69.12,47.2,0.2237,26.73,5.57,26.67,0.6463,131.03
SMP_02364,roboflow_sugarcane,train,RED ROT,2,2,640,640,48.97,51.33,0.1409,26.05,-1.25,23.01,0.692,166.9
SMP_02365,roboflow_sugarcane,train,RED ROT,2,2,640,640,87.46,44.88,0.3034,33.48,-11.72,25.1,0.7509,178.13
SMP_02366,roboflow_sugarcane,train,RED ROT,2,2,640,640,62.35,52.65,0.1895,23.66,0.63,24.36,0.8165,164.14
SMP_02367,roboflow_sugarcane,train,RED ROT,2,2,640,640,55.11,57.85,0.1333,20.75,-5.11,34.24,0.7517,138.49
SMP_02368,roboflow_sugarcane,train,RED ROT,2,2,640,640,80.96,60.03,0.1621,26.12,2.79,40.9,0.6533,143.88
SMP_02369,roboflow_sugarcane,train,RED ROT,2,2,640,640,69.23,68.23,0.1246,29.88,8.3,21.27,0.683,131.86
SMP_02370,roboflow_sugarcane,train,RED ROT,2,2,640,640,59.17,44.05,0.268,25.5,8.65,32.55,0.6794,103.46
SMP_02371,roboflow_sugarcane,train,RED ROT,2,2,640,640,78.39,31.63,0.254,20.25,-10.82,35.67,0.6889,148.02
SMP_02372,roboflow_sugarcane,train,RED ROT,2,2,640,640,95.14,52.3,0.237,27.75,9.6,21.03,0.6597,179.32
SMP_02373,roboflow_sugarcane,train,RED ROT,2,2,640,640,75.13,70.61,0.2276,20.77,8.3,22.63,0.6921,171.07
SMP_02374,roboflow_sugarcane,train,RED ROT,2,2,640,640,55.7,42.28,0.2624,16.1,1.61,18.83,0.4704,130.3
SMP_02375,roboflow_sugarcane,train,RED ROT,2,2,640,640,85.63,56.24,0.1879,20.97,-5.15,22.44,0.6118,135.82
SMP_02376,roboflow_sugarcane,train,RED ROT,2,2,640,640,79.04,56.35,0.2211,17.45,1.73,20.8,0.7315,143.73
SMP_02377,roboflow_sugarcane,train,RED ROT,2,2,640,640,65.22,50.3,0.1594,19.31,17.89,24.68,0.8221,139.67
SMP_02378,roboflow_sugarcane,train,RED ROT,2,2,640,640,41.01,48.08,0.1923,13.23,9.77,18.35,0.6968,125.61
SMP_02379,roboflow_sugarcane,train,RED ROT,2,2,640,640,68.9,36.92,0.2225,27.99,12.78,29.61,0.6531,153.88
SMP_02380,roboflow_sugarcane,train,RED ROT,2,2,640,640,68.91,20.62,0.0459,21.71,-2.91,31.05,0.5986,117.24
SMP_02381,roboflow_sugarcane,train,RED ROT,2,2,640,640,64.76,34.66,0.169,25.68,0.74,23.4,0.6268,151.79
SMP_02382,roboflow_sugarcane,train,RED ROT,2,2,640,640,54.15,43.32,0.2082,23.86,-5.38,19.58,0.6766,181.56
SMP_02383,roboflow_sugarcane,train,RED ROT,2,2,640,640,58.67,61.17,0.1961,12.78,-0.32,27.22,0.7018,123.32
SMP_02384,roboflow_sugarcane,train,RED ROT,2,2,640,640,76.16,46.76,0.1774,30.59,15.87,27.62,0.6291,145.55
SMP_02385,roboflow_sugarcane,train,RED ROT,2,2,640,640,52.27,41.77,0.2295,18.2,1.41,21.74,0.6783,149.04
SMP_02386,roboflow_sugarcane,train,RED ROT,2,2,640,640,48.79,37.31,0.1646,17.11,-0.51,23.5,0.7173,162.12
SMP_02387,roboflow_sugarcane,train,RED ROT,2,2,640,640,86.53,55.88,0.1389,21.72,6.91,23.21,0.7478,121.35
SMP_02388,roboflow_sugarcane,train,RED ROT,2,2,640,640,60.99,64.3,0.2592,21.87,0.4,30.76,0.6948,93.34
SMP_02389,roboflow_sugarcane,train,RED ROT,2,2,640,640,97.3,60.76,0.2521,40.81,5.74,27.18,0.6496,201.08
SMP_02390,roboflow_sugarcane,train,RED ROT,2,2,640,640,43.26,55.27,0.17,24.77,0.45,15.04,0.5789,162.17
SMP_02391,roboflow_sugarcane,train,RED ROT,2,2,640,640,38.74,30.29,0.1966,16.12,6.53,40.33,0.6588,115.38
SMP_02392,roboflow_sugarcane,train,RED ROT,2,2,640,640,77.65,43.78,0.2423,35.18,1.96,23.4,0.7379,90.72
SMP_02393,roboflow_sugarcane,train,RED ROT,2,2,640,640,55.79,71.37,0.2022,6.96,-3.94,30.52,0.6947,125.12
SMP_02394,roboflow_sugarcane,train,RED ROT,2,2,640,640,63.75,61.46,0.2265,16.14,13.43,26.37,0.7142,152.17
SMP_02395,roboflow_sugarcane,train,RED ROT,2,2,640,640,71.01,29.55,0.2238,15.55,19.54,22.99,0.7367,111.7
SMP_02396,roboflow_sugarcane,train,RED ROT,2,2,640,640,66.53,47.33,0.184,19.97,8.98,31.73,0.7677,150.72
SMP_02397,roboflow_sugarcane,train,RED ROT,2,2,640,640,74.15,52.36,0.2258,22.77,-7.01,36.83,0.7215,143.46
SMP_02398,roboflow_sugarcane,train,RED ROT,2,2,640,640,93.83,38.85,0.1518,23.49,3.17,19.28,0.7095,148.26
SMP_02399,roboflow_sugarcane,train,RED ROT,2,2,640,640,81.13,20.29,0.2197,23.34,6.96,21.3,0.5012,196.03
SMP_02400,roboflow_sugarcane,train,RED ROT,2,2,640,640,61.32,49.19,0.1963,25.04,-8.48,35.28,0.7201,180.29
SMP_02401,roboflow_sugarcane,train,RED ROT,2,2,640,640,74.61,38.55,0.182,19.52,0.71,38.41,0.8106,113.52
SMP_02402,roboflow_sugarcane,train,RED ROT,2,2,640,640,55.48,38.59,0.1377,30.32,-6.24,28.24,0.5838,106.66
SMP_02403,roboflow_sugarcane,train,RED ROT,2,2,640,640,89.56,43.74,0.2066,7.1,-3.24,34.1,0.7534,114.6
SMP_02404,roboflow_sugarcane,train,RED ROT,2,2,640,640,55.56,46.4,0.2019,-0.42,7.72,23.16,0.7593,122.4
SMP_02405,roboflow_sugarcane,train,RED ROT,2,2,640,640,89.28,47.89,0.158,25.93,4.6,16.0,0.7016,168.22
SMP_02406,roboflow_sugarcane,train,RED ROT,2,2,640,640,56.54,37.39,0.1202,17.35,-3.76,25.59,0.5739,132.36
SMP_02407,roboflow_sugarcane,train,RED ROT,2,2,640,640,87.42,45.36,0.1178,33.74,4.46,34.57,0.5805,131.92
SMP_02408,roboflow_sugarcane,train,RED ROT,2,2,640,640,85.74,26.91,0.1873,28.34,2.1,21.67,0.6923,183.51
SMP_02409,roboflow_sugarcane,train,RED ROT,2,2,640,640,64.01,51.73,0.2153,24.71,12.06,35.72,0.788,147.82
SMP_02410,roboflow_sugarcane,train,RED ROT,2,2,640,640,57.28,13.72,0.2925,16.11,-11.59,33.49,0.5633,156.8
SMP_02411,roboflow_sugarcane,train,RED ROT,2,2,640,640,90.71,44.53,0.1977,25.41,-0.93,27.04,0.66,99.89
SMP_02412,roboflow_sugarcane,train,RED ROT,2,2,640,640,52.05,59.03,0.1187,16.83,17.14,43.23,0.7316,139.52
SMP_02413,roboflow_sugarcane,train,RED ROT,2,2,640,640,58.74,35.29,0.1897,20.48,-4.31,25.09,0.6528,126.47
SMP_02414,roboflow_sugarcane,train,RED ROT,2,2,640,640,67.26,56.6,0.2626,17.39,-3.65,18.2,0.6635,103.5
SMP_02415,roboflow_sugarcane,train,RED ROT,2,2,640,640,77.36,61.87,0.1659,22.07,0.86,24.04,0.782,132.54
SMP_02416,roboflow_sugarcane,train,RED ROT,2,2,640,640,91.53,8.31,0.2559,17.99,15.15,28.26,0.7247,119.82
SMP_02417,roboflow_sugarcane,train,RED ROT,2,2,640,640,58.86,46.18,0.2088,28.01,8.22,22.0,0.7135,160.23
SMP_02418,roboflow_sugarcane,train,RED ROT,2,2,640,640,66.08,13.49,0.2323,23.62,-3.5,21.88,0.5938,140.86
SMP_02419,roboflow_sugarcane,train,RED ROT,2,2,640,640,80.72,46.58,0.2929,15.93,4.32,28.88,0.6351,139.7
SMP_02420,roboflow_sugarcane,train,RED ROT,2,2,640,640,51.94,47.91,0.1081,16.42,2.19,31.13,0.6903,96.0
SMP_02421,roboflow_sugarcane,train,RED ROT,2,2,640,640,66.97,18.21,0.2448,9.84,8.6,27.78,0.6785,166.51
SMP_02422,roboflow_sugarcane,train,RED ROT,2,2,640,640,75.77,71.1,0.1953,4.38,4.66,25.75,0.7026,90.28
SMP_02423,roboflow_sugarcane,train,RED ROT,2,2,640,640,72.02,51.43,0.1525,27.46,6.57,22.58,0.7812,122.98
SMP_02424,roboflow_sugarcane,train,RED ROT,2,2,640,640,38.33,37.81,0.195,17.15,2.43,21.72,0.6806,131.38
SMP_02425,roboflow_sugarcane,train,RED ROT,2,2,640,640,53.25,65.58,0.2845,10.26,15.58,24.44,0.7157,155.25
SMP_02426,roboflow_sugarcane,train,RED ROT,2,2,640,640,86.39,26.45,0.2667,23.56,4.66,18.46,0.456,132.31
SMP_02427,roboflow_sugarcane,train,RED ROT,2,2,640,640,76.77,33.25,0.1,14.23,-0.01,22.43,0.6442,113.92
SMP_02428,roboflow_sugarcane,train,RED ROT,2,2,640,640,50.44,20.41,0.1615,19.45,13.48,27.85,0.7202,167.7
SMP_02429,roboflow_sugarcane,train,RED ROT,2,2,640,640,54.22,69.61,0.2471,9.66,9.72,19.07,0.6374,89.56
SMP_02430,roboflow_sugarcane,train,RED ROT,2,2,640,640,61.72,51.99,0.1989,25.19,-2.28,13.59,0.6132,162.06
SMP_02431,roboflow_sugarcane,train,RED ROT,2,2,640,640,77.52,55.91,0.1991,20.7,-26.52,23.23,0.8315,156.07
SMP_02432,roboflow_sugarcane,train,RED ROT,2,2,640,640,69.59,51.61,0.1216,24.0,9.32,18.82,0.73,134.64
SMP_02433,roboflow_sugarcane,train,RED ROT,2,2,640,640,54.66,54.89,0.1627,16.58,1.51,22.82,0.6418,142.44
SMP_02434,roboflow_sugarcane,train,RED ROT,2,2,640,640,55.87,48.94,0.1321,21.98,5.34,31.09,0.7589,128.43
SMP_02435,roboflow_sugarcane,train,RED ROT,2,2,640,640,69.43,51.25,0.1173,8.36,14.46,31.04,0.6511,111.52
SMP_02436,roboflow_sugarcane,train,RED ROT,2,2,640,640,98.06,49.29,0.1371,38.2,-2.62,25.66,0.5845,105.77
SMP_02437,roboflow_sugarcane,train,RED ROT,2,2,640,640,88.68,40.7,0.1536,23.32,-4.0,29.47,0.6418,109.72
SMP_02438,roboflow_sugarcane,train,RED ROT,2,2,640,640,70.08,47.44,0.1619,33.66,-6.17,37.81,0.6256,103.23
SMP_02439,roboflow_sugarcane,train,RED ROT,2,2,640,640,89.82,51.28,0.1579,17.87,22.63,24.48,0.6358,169.98
SMP_02440,roboflow_sugarcane,train,RED ROT,2,2,640,640,88.64,49.33,0.251,11.6,14.53,20.18,0.6034,161.45
SMP_02441,roboflow_sugarcane,train,RED ROT,2,2,640,640,44.54,30.27,0.1546,16.07,10.37,30.02,0.6784,133.17
SMP_02442,roboflow_sugarcane,train,RED ROT,2,2,640,640,76.74,31.86,0.2713,19.65,-10.42,22.98,0.7283,69.74
SMP_02443,roboflow_sugarcane,train,RED ROT,2,2,640,640,35.02,60.99,0.1758,19.07,-6.39,19.5,0.6662,122.05
SMP_02444,roboflow_sugarcane,train,RED ROT,2,2,640,640,61.52,44.32,0.222,34.89,10.62,24.51,0.6636,158.92
SMP_02445,roboflow_sugarcane,train,RED ROT,2,2,640,640,77.02,55.02,0.2236,13.15,8.21,28.36,0.7093,141.21
SMP_02446,roboflow_sugarcane,train,RED ROT,2,2,640,640,61.22,34.89,0.1551,15.16,2.83,28.18,0.6626,112.4
SMP_02447,roboflow_sugarcane,train,RED ROT,2,2,640,640,78.88,30.32,0.1836,25.7,-5.82,17.7,0.7209,129.25
SMP_02448,roboflow_sugarcane,train,RED ROT,2,2,640,640,60.28,37.88,0.1749,7.31,13.44,28.59,0.6672,164.36
SMP_02449,roboflow_sugarcane,train,RED ROT,2,2,640,640,50.31,45.33,0.2186,19.68,19.34,17.24,0.7469,199.22
SMP_02450,roboflow_sugarcane,train,RED ROT,2,2,640,640,51.81,40.02,0.1936,21.13,8.51,18.25,0.6725,173.78
SMP_02451,roboflow_sugarcane,train,RED ROT,2,2,640,640,58.7,63.53,0.1626,23.47,-1.05,34.04,0.6196,131.66
SMP_02452,roboflow_sugarcane,train,RED ROT,2,2,640,640,43.08,50.15,0.206,22.79,17.19,15.67,0.7419,109.71
SMP_02453,roboflow_sugarcane,train,RED ROT,2,2,640,640,91.14,70.19,0.217,35.9,6.35,11.57,0.7866,122.84
SMP_02454,roboflow_sugarcane,train,RED ROT,2,2,640,640,54.44,52.85,0.2925,12.92,18.04,28.63,0.6245,178.4
SMP_02455,roboflow_sugarcane,train,RED ROT,2,2,640,640,55.87,19.05,0.2034,14.85,2.14,22.4,0.732,136.9
SMP_02456,roboflow_sugarcane,train,RED ROT,2,2,640,640,41.06,60.67,0.2005,24.88,21.5,23.65,0.6032,68.82
SMP_02457,roboflow_sugarcane,train,RED ROT,2,2,640,640,39.54,29.89,0.2214,21.81,1.41,34.92,0.5477,81.86
SMP_02458,roboflow_sugarcane,train,RED ROT,2,2,640,640,76.78,50.77,0.1525,22.81,-0.29,32.4,0.7365,110.68
SMP_02459,roboflow_sugarcane,train,RED ROT,2,2,640,640,58.68,38.7,0.1137,8.76,11.63,31.61,0.7132,54.03
SMP_02460,roboflow_sugarcane,train,RED ROT,2,2,640,640,68.13,73.71,0.1844,37.45,4.41,26.17,0.6947,167.37
SMP_02461,roboflow_sugarcane,train,RED ROT,2,2,640,640,57.9,65.28,0.2536,23.61,8.1,29.08,0.6857,209.14
SMP_02462,roboflow_sugarcane,train,RED ROT,2,2,640,640,47.88,39.1,0.2617,7.34,-3.15,23.09,0.7431,168.55
SMP_02463,roboflow_sugarcane,train,RED ROT,2,2,640,640,50.76,46.47,0.106,24.89,-3.01,22.35,0.6298,171.3
SMP_02464,roboflow_sugarcane,train,RED ROT,2,2,640,640,77.37,50.94,0.2333,11.17,1.95,25.97,0.7853,169.94
SMP_02465,roboflow_sugarcane,train,RED ROT,2,2,640,640,82.31,58.36,0.0908,27.43,7.87,29.64,0.7287,104.36
SMP_02466,roboflow_sugarcane,train,RED ROT,2,2,640,640,58.43,48.35,0.223,9.48,-1.22,35.31,0.5952,135.77
SMP_02467,roboflow_sugarcane,train,RED ROT,2,2,640,640,77.19,35.7,0.22,28.05,13.55,32.44,0.6118,142.33
SMP_02468,roboflow_sugarcane,train,RED ROT,2,2,640,640,96.98,39.39,0.1138,10.23,4.14,30.03,0.6123,193.9
SMP_02469,roboflow_sugarcane,train,RED ROT,2,2,640,640,57.27,47.95,0.25,12.21,18.66,25.3,0.7209,120.52
SMP_02470,roboflow_sugarcane,train,RED ROT,2,2,640,640,74.35,62.81,0.2872,21.1,-3.42,24.43,0.705,162.07
SMP_02471,roboflow_sugarcane,train,RED ROT,2,2,640,640,57.75,53.13,0.1969,15.11,7.74,27.37,0.6373,118.54
SMP_02472,roboflow_sugarcane,train,RED ROT,2,2,640,640,74.98,38.72,0.207,15.56,8.67,27.06,0.6812,105.44
SMP_02473,roboflow_sugarcane,train,RED ROT,2,2,640,640,62.96,55.78,0.274,7.76,7.17,19.58,0.7486,107.48
SMP_02474,roboflow_sugarcane,train,RED ROT,2,2,640,640,68.62,43.36,0.1437,17.36,4.61,23.74,0.7375,91.67
SMP_02475,roboflow_sugarcane,train,RED ROT,2,2,640,640,65.65,58.68,0.1449,27.07,11.78,26.17,0.6856,137.78
SMP_02476,roboflow_sugarcane,train,RED ROT,2,2,640,640,79.67,78.32,0.158,35.03,-4.89,29.86,0.7296,164.63
SMP_02477,roboflow_sugarcane,train,RED ROT,2,2,640,640,59.58,43.69,0.2019,26.62,7.26,25.62,0.7963,217.7
SMP_02478,roboflow_sugarcane,train,RED ROT,2,2,640,640,53.9,57.62,0.2017,25.48,-2.89,37.55,0.723,163.72
SMP_02479,roboflow_sugarcane,train,RED ROT,2,2,640,640,87.21,39.06,0.1723,6.49,0.37,22.34,0.5779,116.41
SMP_02480,roboflow_sugarcane,train,RED ROT,2,2,640,640,66.73,46.65,0.185,19.77,7.15,27.46,0.682,172.89
SMP_02481,roboflow_sugarcane,train,RED ROT,2,2,640,640,60.7,48.35,0.173,14.79,12.59,25.26,0.7141,165.98
SMP_02482,roboflow_sugarcane,train,RED ROT,2,2,640,640,95.93,45.68,0.1754,7.91,-5.99,28.49,0.7596,137.13
SMP_02483,roboflow_sugarcane,train,RED ROT,2,2,640,640,90.16,77.56,0.1616,9.82,18.21,26.05,0.6467,110.59
SMP_02484,roboflow_sugarcane,train,RED ROT,2,2,640,640,51.89,44.32,0.162,25.34,13.02,24.15,0.752,89.03
SMP_02485,roboflow_sugarcane,train,RED ROT,2,2,640,640,52.16,55.04,0.1,15.54,5.35,29.34,0.6584,116.26
SMP_02486,roboflow_sugarcane,train,RED ROT,2,2,640,640,56.74,24.84,0.1888,8.2,-3.54,21.09,0.63,143.85
SMP_02487,roboflow_sugarcane,train,RED ROT,2,2,640,640,80.85,53.18,0.1022,14.91,17.23,18.11,0.5939,183.37
SMP_02488,roboflow_sugarcane,train,RED ROT,2,2,640,640,81.43,61.7,0.2375,22.32,8.7,31.76,0.6171,117.46
SMP_02489,roboflow_sugarcane,train,RED ROT,2,2,640,640,65.63,41.67,0.172,14.61,8.69,26.13,0.6908,145.28
SMP_02490,roboflow_sugarcane,train,RED ROT,2,2,640,640,71.41,17.88,0.194,10.32,-0.42,35.04,0.679,157.07
SMP_02491,roboflow_sugarcane,train,RED ROT,2,2,640,640,81.15,47.54,0.1813,12.64,6.55,26.04,0.6455,120.85
SMP_02492,roboflow_sugarcane,train,RED ROT,2,2,640,640,77.03,48.21,0.1878,27.08,-0.01,17.29,0.6816,104.03
SMP_02493,roboflow_sugarcane,train,RED ROT,2,2,640,640,102.69,56.69,0.2632,3.38,14.72,28.54,0.7363,141.48
SMP_02494,roboflow_sugarcane,train,RED ROT,2,2,640,640,84.26,72.13,0.1324,17.86,14.92,15.24,0.829,109.64
SMP_02495,roboflow_sugarcane,train,RED ROT,2,2,640,640,89.45,43.44,0.1188,19.08,3.77,16.36,0.6697,95.47
SMP_02496,roboflow_sugarcane,train,RED ROT,2,2,640,640,48.49,37.72,0.206,13.95,0.32,26.12,0.7987,186.6
SMP_02497,roboflow_sugarcane,train,RED ROT,2,2,640,640,57.45,34.0,0.1752,12.33,11.33,27.22,0.6841,123.14
SMP_02498,roboflow_sugarcane,train,RED ROT,2,2,640,640,83.61,50.38,0.218,27.87,10.21,26.8,0.6333,155.93
SMP_02499,roboflow_sugarcane,train,RED ROT,2,2,640,640,76.42,53.75,0.2358,27.84,-4.33,21.44,0.7832,149.76
SMP_02500,roboflow_sugarcane,train,RED ROT,2,2,640,640,69.43,41.45,0.1447,20.84,2.67,21.24,0.6336,104.58
SMP_02501,roboflow_sugarcane,train,RED ROT,2,2,640,640,65.37,57.34,0.2302,15.65,22.54,42.18,0.671,148.8
SMP_02502,roboflow_sugarcane,train,RED ROT,2,2,640,640,55.51,53.58,0.1489,20.9,4.94,19.23,0.6521,150.65
SMP_02503,roboflow_sugarcane,train,RED ROT,2,2,640,640,85.03,48.52,0.2037,23.24,6.88,21.18,0.8844,145.95
SMP_02504,roboflow_sugarcane,train,RED ROT,2,2,640,640,68.35,37.17,0.1382,19.11,9.36,34.71,0.636,142.05
SMP_02505,roboflow_sugarcane,train,RED ROT,2,2,640,640,48.31,42.22,0.2066,23.45,0.53,21.17,0.617,156.69
SMP_02506,roboflow_sugarcane,train,RED ROT,2,2,640,640,61.68,18.84,0.199,17.17,11.13,24.44,0.7811,154.72
SMP_02507,roboflow_sugarcane,train,RED ROT,2,2,640,640,51.18,50.83,0.1449,-5.21,8.02,26.26,0.6514,159.36
SMP_02508,roboflow_sugarcane,train,RED ROT,2,2,640,640,41.99,48.32,0.1321,18.45,14.0,23.94,0.5822,104.41
SMP_02509,roboflow_sugarcane,train,RED ROT,2,2,640,640,79.62,50.26,0.2375,25.48,-8.48,32.9,0.7489,89.33
SMP_02510,roboflow_sugarcane,train,RED ROT,2,2,640,640,58.62,54.05,0.1773,20.25,7.83,32.08,0.6095,124.6
SMP_02511,roboflow_sugarcane,train,RED ROT,2,2,640,640,48.66,52.63,0.2506,22.75,6.68,30.67,0.6562,137.76
SMP_02512,roboflow_sugarcane,train,RED ROT,2,2,640,640,71.69,46.68,0.1728,17.83,-6.34,34.74,0.732,165.01
SMP_02513,roboflow_sugarcane,train,RED ROT,2,2,640,640,41.41,48.58,0.2651,18.46,2.87,25.3,0.701,199.74
SMP_02514,roboflow_sugarcane,train,RED ROT,2,2,640,640,77.68,31.15,0.1526,21.37,8.15,33.62,0.6277,118.81
SMP_02515,roboflow_sugarcane,train,RED ROT,2,2,640,640,49.14,41.0,0.2736,35.55,5.4,28.82,0.6687,176.1
SMP_02516,roboflow_sugarcane,train,RED ROT,2,2,640,640,64.31,48.61,0.2087,26.74,4.8,20.56,0.6198,143.39
SMP_02517,roboflow_sugarcane,train,RED ROT,2,2,640,640,52.39,39.17,0.22,25.68,4.89,28.96,0.7624,122.29
SMP_02518,roboflow_sugarcane,train,RED ROT,2,2,640,640,55.02,58.32,0.1498,21.64,1.28,23.37,0.703,152.66
SMP_02519,roboflow_sugarcane,train,RED ROT,2,2,640,640,73.74,40.1,0.2365,9.35,21.04,16.95,0.5364,152.5
SMP_02520,roboflow_sugarcane,train,RED ROT,2,2,640,640,38.85,50.6,0.2382,29.81,7.63,16.95,0.5124,148.89
SMP_02521,roboflow_sugarcane,train,RED ROT,2,2,640,640,70.43,49.4,0.1838,27.26,7.48,20.22,0.7205,182.74
SMP_02522,roboflow_sugarcane,train,RED ROT,2,2,640,640,62.02,56.96,0.0933,22.93,-5.62,35.37,0.6865,123.76
SMP_02523,roboflow_sugarcane,train,RED ROT,2,2,640,640,81.8,58.81,0.1443,19.65,2.48,9.67,0.739,152.35
SMP_02524,roboflow_sugarcane,train,RED ROT,2,2,640,640,52.77,56.33,0.1443,24.37,0.77,24.41,0.5877,88.95
SMP_02525,roboflow_sugarcane,train,RED ROT,2,2,640,640,74.78,22.73,0.2225,18.15,4.75,29.27,0.6762,95.48
SMP_02526,roboflow_sugarcane,train,RED ROT,2,2,640,640,91.5,62.33,0.1767,25.82,2.43,25.13,0.7173,138.91
SMP_02527,roboflow_sugarcane,train,RED ROT,2,2,640,640,69.34,66.33,0.1777,13.3,0.06,23.92,0.5968,117.53
SMP_02528,roboflow_sugarcane,train,RED ROT,2,2,640,640,47.28,42.21,0.1717,4.72,3.17,21.16,0.6096,178.11
SMP_02529,roboflow_sugarcane,train,RED ROT,2,2,640,640,89.66,50.84,0.2735,10.39,-3.66,34.86,0.6509,166.35
SMP_02530,roboflow_sugarcane,train,RED ROT,2,2,640,640,87.73,37.31,0.2023,21.13,9.76,23.29,0.8283,155.42
SMP_02531,roboflow_sugarcane,train,RED ROT,2,2,640,640,62.06,24.62,0.2099,17.59,11.44,18.63,0.6461,137.42
SMP_02532,roboflow_sugarcane,train,RED ROT,2,2,640,640,84.62,39.14,0.169,18.82,8.98,23.04,0.7277,110.91
SMP_02533,roboflow_sugarcane,train,RED ROT,2,2,640,640,64.69,41.52,0.1985,9.63,11.85,27.6,0.7471,51.5
SMP_02534,roboflow_sugarcane,train,RED ROT,2,2,640,640,76.66,43.74,0.1512,22.42,11.28,21.39,0.654,116.86
SMP_02535,roboflow_sugarcane,train,RED ROT,2,2,640,640,64.88,36.49,0.2172,11.71,-5.27,28.47,0.6938,151.69
SMP_02536,roboflow_sugarcane,train,RED ROT,2,2,640,640,54.55,39.2,0.1427,23.97,16.94,25.74,0.5411,106.48
SMP_02537,roboflow_sugarcane,train,RED ROT,2,2,640,640,55.72,47.87,0.2372,8.68,11.95,28.21,0.8149,183.77
SMP_02538,roboflow_sugarcane,train,RED ROT,2,2,640,640,92.77,38.76,0.1633,13.29,-10.27,34.42,0.6855,145.27
SMP_02539,roboflow_sugarcane,train,RED ROT,2,2,640,640,68.25,54.52,0.2474,12.21,-1.08,15.29,0.6682,161.44
SMP_02540,roboflow_sugarcane,train,RED ROT,2,2,640,640,74.79,56.18,0.2954,24.59,-4.86,23.49,0.5832,183.72
SMP_02541,roboflow_sugarcane,train,RED ROT,2,2,640,640,45.51,76.56,0.2001,16.3,8.47,20.67,0.6349,111.47
SMP_02542,roboflow_sugarcane,train,RED ROT,2,2,640,640,80.86,61.51,0.2656,23.4,0.73,21.65,0.8518,133.13
SMP_02543,roboflow_sugarcane,train,RED ROT,2,2,640,640,57.49,50.92,0.2376,29.12,5.19,26.73,0.6668,159.73
SMP_02544,roboflow_sugarcane,train,RED ROT,2,2,640,640,49.76,40.56,0.1284,34.24,18.88,25.89,0.6363,94.66
SMP_02545,roboflow_sugarcane,train,RED ROT,2,2,640,640,73.3,51.52,0.2055,21.85,16.55,15.82,0.6414,152.37
SMP_02546,roboflow_sugarcane,train,RED ROT,2,2,640,640,77.4,51.92,0.2251,11.18,-2.66,18.78,0.4761,177.1
SMP_02547,roboflow_sugarcane,train,RED ROT,2,2,640,640,54.92,41.84,0.2299,30.01,8.66,32.65,0.6756,158.52
SMP_02548,roboflow_sugarcane,train,RED ROT,2,2,640,640,29.55,57.4,0.2089,32.09,19.62,17.8,0.7065,148.86
SMP_02549,roboflow_sugarcane,train,RED ROT,2,2,640,640,91.66,31.22,0.2083,19.52,-2.32,30.13,0.6162,98.55
SMP_02550,roboflow_sugarcane,train,RED ROT,2,2,640,640,71.47,45.07,0.2003,30.55,12.74,14.42,0.6985,138.2
SMP_02551,roboflow_sugarcane,train,RED ROT,2,2,640,640,72.61,54.67,0.2067,22.67,3.65,16.23,0.6988,101.84
SMP_02552,roboflow_sugarcane,train,RED ROT,2,2,640,640,89.4,44.55,0.1388,6.73,-2.53,29.08,0.4375,139.48
SMP_02553,roboflow_sugarcane,train,RED ROT,2,2,640,640,87.84,45.52,0.1882,14.95,17.11,34.96,0.6961,142.62
SMP_02554,roboflow_sugarcane,train,RED ROT,2,2,640,640,60.14,46.35,0.1274,15.96,1.57,31.78,0.7163,118.11
SMP_02555,roboflow_sugarcane,train,RED ROT,2,2,640,640,46.44,37.97,0.1751,17.09,3.8,22.86,0.613,180.0
SMP_02556,roboflow_sugarcane,train,RED ROT,2,2,640,640,73.12,62.09,0.1705,12.53,2.16,21.49,0.7322,99.87
SMP_02557,roboflow_sugarcane,train,RED ROT,2,2,640,640,37.12,35.78,0.1673,12.28,13.43,28.55,0.598,213.41
SMP_02558,roboflow_sugarcane,train,RED ROT,2,2,640,640,51.6,51.82,0.1474,30.77,12.87,16.21,0.6907,162.64
SMP_02559,roboflow_sugarcane,train,RED ROT,2,2,640,640,40.27,52.96,0.2135,6.11,-0.94,28.66,0.6904,165.66
SMP_02560,roboflow_sugarcane,train,RED ROT,2,2,640,640,79.48,36.62,0.1841,14.21,5.93,22.66,0.7498,144.1
SMP_02561,roboflow_sugarcane,train,RED ROT,2,2,640,640,70.63,48.88,0.179,24.97,7.95,35.75,0.7194,93.13
SMP_02562,roboflow_sugarcane,train,RED ROT,2,2,640,640,72.68,37.08,0.1296,15.54,12.8,27.78,0.6609,120.81
SMP_02563,roboflow_sugarcane,train,RED ROT,2,2,640,640,62.4,64.69,0.1851,23.2,0.14,24.95,0.867,130.5
SMP_02564,roboflow_sugarcane,train,RED ROT,2,2,640,640,60.01,34.33,0.2573,16.79,16.06,27.36,0.7811,135.17
SMP_02565,roboflow_sugarcane,train,RED ROT,2,2,640,640,89.8,40.15,0.258,23.5,11.52,23.84,0.6124,119.58
SMP_02566,roboflow_sugarcane,train,RED ROT,2,2,640,640,95.77,33.31,0.2187,11.7,-2.6,28.97,0.6613,190.31
SMP_02567,roboflow_sugarcane,train,RED ROT,2,2,640,640,98.66,31.71,0.1852,5.13,8.88,20.7,0.6702,112.3
SMP_02568,roboflow_sugarcane,train,RED ROT,2,2,640,640,75.08,67.09,0.2279,16.79,8.91,32.44,0.5749,131.91
SMP_02569,roboflow_sugarcane,train,RED ROT,2,2,640,640,81.94,54.51,0.1666,5.69,-0.67,23.83,0.6155,111.08
SMP_02570,roboflow_sugarcane,train,RED ROT,2,2,640,640,63.38,49.68,0.185,19.47,8.41,30.99,0.726,134.82
SMP_02571,roboflow_sugarcane,train,RED ROT,2,2,640,640,82.25,40.12,0.1629,10.91,5.02,30.59,0.685,82.29
SMP_02572,roboflow_sugarcane,train,RED ROT,2,2,640,640,86.81,58.89,0.2454,11.0,-7.25,26.91,0.5949,125.78
SMP_02573,roboflow_sugarcane,train,RED ROT,2,2,640,640,72.74,38.11,0.239,31.78,-20.57,30.15,0.6675,172.39
SMP_02574,roboflow_sugarcane,train,RED ROT,2,2,640,640,52.17,57.52,0.1983,22.19,21.39,23.34,0.6066,143.52
SMP_02575,roboflow_sugarcane,train,RED ROT,2,2,640,640,81.67,37.53,0.2866,7.71,4.01,29.86,0.6416,95.76
SMP_02576,roboflow_sugarcane,train,RED ROT,2,2,640,640,42.38,40.27,0.2206,19.61,5.86,16.38,0.88,148.3
SMP_02577,roboflow_sugarcane,train,RED ROT,2,2,640,640,48.02,57.1,0.2178,18.86,-3.21,19.67,0.6972,155.32
SMP_02578,roboflow_sugarcane,train,RED ROT,2,2,640,640,41.52,58.37,0.2125,3.45,0.21,24.92,0.7351,148.65
SMP_02579,roboflow_sugarcane,train,RED ROT,2,2,640,640,53.64,55.17,0.1369,22.78,22.35,14.65,0.7496,150.82
SMP_02580,roboflow_sugarcane,train,RED ROT,2,2,640,640,49.26,35.4,0.1553,27.62,24.34,26.53,0.6947,186.84
SMP_02581,roboflow_sugarcane,train,RED ROT,2,2,640,640,64.93,42.64,0.1973,16.62,-9.84,38.72,0.6924,176.28
SMP_02582,roboflow_sugarcane,train,RED ROT,2,2,640,640,73.36,49.88,0.1977,17.66,5.46,21.73,0.7251,118.57
SMP_02583,roboflow_sugarcane,train,RED ROT,2,2,640,640,64.94,37.81,0.2295,15.54,19.94,26.27,0.686,123.65
SMP_02584,roboflow_sugarcane,train,RED ROT,2,2,640,640,60.74,64.45,0.1666,23.08,6.58,20.25,0.6974,116.61
SMP_02585,roboflow_sugarcane,train,RED ROT,2,2,640,640,46.6,19.18,0.2035,18.0,10.47,32.48,0.673,145.17
SMP_02586,roboflow_sugarcane,train,RED ROT,2,2,640,640,78.63,38.66,0.2044,18.32,3.64,24.66,0.646,160.52
SMP_02587,roboflow_sugarcane,train,RED ROT,2,2,640,640,88.22,41.89,0.2064,13.52,9.12,25.92,0.5629,98.57
SMP_02588,roboflow_sugarcane,train,RED ROT,2,2,640,640,37.0,13.87,0.2008,36.33,16.56,24.73,0.6147,148.03
SMP_02589,roboflow_sugarcane,train,RED ROT,2,2,640,640,38.24,31.25,0.1298,17.92,9.17,24.45,0.6566,117.82
SMP_02590,roboflow_sugarcane,train,RED ROT,2,2,640,640,60.81,55.5,0.0869,25.6,-4.73,18.62,0.665,107.55
SMP_02591,roboflow_sugarcane,train,RED ROT,2,2,640,640,76.39,48.36,0.1529,22.12,-0.05,27.08,0.7642,144.61
SMP_02592,roboflow_sugarcane,train,RED ROT,2,2,640,640,47.29,66.88,0.1734,-0.48,11.19,24.44,0.6981,196.33
SMP_02593,roboflow_sugarcane,train,RED ROT,2,2,640,640,37.81,66.54,0.1411,17.03,4.46,17.07,0.7037,140.52
SMP_02594,roboflow_sugarcane,train,RED ROT,2,2,640,640,87.86,53.2,0.1972,10.78,0.64,14.97,0.5773,171.02
SMP_02595,roboflow_sugarcane,train,RED ROT,2,2,640,640,87.76,51.76,0.2545,27.81,-3.72,25.0,0.6656,146.97
SMP_02596,roboflow_sugarcane,train,RED ROT,2,2,640,640,92.29,48.79,0.2363,9.87,-2.97,24.18,0.6107,137.43
SMP_02597,roboflow_sugarcane,train,RED ROT,2,2,640,640,70.31,16.14,0.2233,23.96,-0.72,18.09,0.8031,155.94
SMP_02598,roboflow_sugarcane,train,RED ROT,2,2,640,640,43.63,31.27,0.2493,27.97,8.65,30.97,0.6142,123.01
SMP_02599,roboflow_sugarcane,train,RED ROT,2,2,640,640,88.54,49.21,0.1538,22.24,0.86,22.87,0.7104,96.33
SMP_02600,roboflow_sugarcane,train,RED ROT,2,2,640,640,46.68,55.39,0.1772,20.03,6.42,29.34,0.8706,100.64
SMP_02601,roboflow_sugarcane,train,RED ROT,2,2,640,640,69.96,51.48,0.2307,16.83,6.26,20.96,0.7116,136.35
SMP_02602,roboflow_sugarcane,train,RED ROT,2,2,640,640,81.56,37.29,0.1763,19.01,11.15,23.74,0.4548,152.1
SMP_02603,roboflow_sugarcane,train,RED ROT,2,2,640,640,49.67,59.25,0.179,9.28,-1.58,22.36,0.7536,147.11
SMP_02604,roboflow_sugarcane,train,RED ROT,2,2,640,640,77.97,65.79,0.2931,21.42,17.93,23.7,0.6736,121.33
SMP_02605,roboflow_sugarcane,train,RED ROT,2,2,640,640,72.81,59.26,0.2048,28.41,-9.07,27.34,0.5731,140.36
SMP_02606,roboflow_sugarcane,train,RED ROT,2,2,640,640,85.96,59.88,0.2882,13.02,2.4,24.36,0.6885,124.97
SMP_02607,roboflow_sugarcane,train,RED ROT,2,2,640,640,39.76,41.29,0.1088,20.15,1.6,29.75,0.7265,102.21
SMP_02608,roboflow_sugarcane,train,RED ROT,2,2,640,640,75.63,60.91,0.1685,19.17,-1.32,19.04,0.5906,85.95
SMP_02609,roboflow_sugarcane,train,RED ROT,2,2,640,640,63.61,49.75,0.2204,22.5,-12.63,21.65,0.7119,130.08
SMP_02610,roboflow_sugarcane,train,RED ROT,2,2,640,640,42.56,54.14,0.2047,15.71,14.71,28.03,0.7063,163.33
SMP_02611,roboflow_sugarcane,train,RED ROT,2,2,640,640,67.76,52.39,0.0972,7.93,11.63,31.4,0.7725,138.07
SMP_02612,roboflow_sugarcane,train,RED ROT,2,2,640,640,52.43,46.54,0.1885,11.04,8.99,26.52,0.6822,96.92
SMP_02613,roboflow_sugarcane,train,RED ROT,2,2,640,640,48.97,37.68,0.3237,1.45,-0.81,30.47,0.7119,172.94
SMP_02614,roboflow_sugarcane,train,RED ROT,2,2,640,640,82.78,47.01,0.2123,26.21,0.95,20.65,0.5701,117.94
SMP_02615,roboflow_sugarcane,train,RED ROT,2,2,640,640,85.59,59.84,0.2302,23.18,2.31,23.08,0.7096,70.6
SMP_02616,roboflow_sugarcane,train,RED ROT,2,2,640,640,44.88,42.7,0.1678,19.88,3.08,29.43,0.7029,136.44
SMP_02617,roboflow_sugarcane,train,RED ROT,2,2,640,640,84.9,58.72,0.2122,14.42,11.36,23.82,0.6569,173.42
SMP_02618,roboflow_sugarcane,train,RED ROT,2,2,640,640,40.99,56.84,0.1994,18.7,1.04,23.25,0.7188,144.69
SMP_02619,roboflow_sugarcane,train,RED ROT,2,2,640,640,61.01,44.41,0.2559,19.77,-1.85,23.7,0.7523,107.46
SMP_02620,roboflow_sugarcane,train,RED ROT,2,2,640,640,83.67,64.67,0.2544,15.83,6.17,18.74,0.6377,110.45
SMP_02621,roboflow_sugarcane,train,RED ROT,2,2,640,640,86.48,43.73,0.2204,16.13,5.34,19.69,0.6549,173.83
SMP_02622,roboflow_sugarcane,train,RED ROT,2,2,640,640,56.13,66.11,0.2035,30.48,9.03,21.86,0.8375,120.61
SMP_02623,roboflow_sugarcane,train,RED ROT,2,2,640,640,59.22,53.21,0.116,9.99,16.11,34.57,0.557,100.52
SMP_02624,roboflow_sugarcane,train,RED ROT,2,2,640,640,65.59,47.81,0.1143,27.94,1.74,23.45,0.7623,105.04
SMP_02625,roboflow_sugarcane,train,RED ROT,2,2,640,640,77.64,37.35,0.2041,7.08,12.46,23.88,0.8534,129.5
SMP_02626,roboflow_sugarcane,train,RED ROT,2,2,640,640,44.08,46.94,0.2437,32.86,6.14,29.99,0.5721,178.82
SMP_02627,roboflow_sugarcane,train,RED ROT,2,2,640,640,48.08,45.55,0.2666,0.88,13.2,25.96,0.7895,159.79
SMP_02628,roboflow_sugarcane,train,RED ROT,2,2,640,640,86.99,32.9,0.1555,23.72,14.86,23.12,0.737,143.73
SMP_02629,roboflow_sugarcane,train,RED ROT,2,2,640,640,85.04,45.39,0.1245,14.73,-1.06,25.47,0.7503,213.56
SMP_02630,roboflow_sugarcane,train,RED ROT,2,2,640,640,64.56,38.35,0.2466,18.66,20.84,20.55,0.6976,156.36
SMP_02631,roboflow_sugarcane,train,RED ROT,2,2,640,640,43.2,55.03,0.1593,18.92,6.45,18.81,0.6367,222.31
SMP_02632,roboflow_sugarcane,train,RED ROT,2,2,640,640,46.37,63.68,0.1211,24.84,-4.18,31.79,0.6195,126.89
SMP_02633,roboflow_sugarcane,train,RED ROT,2,2,640,640,62.26,33.28,0.1753,4.31,-4.11,27.88,0.6595,140.17
SMP_02634,roboflow_sugarcane,train,RED ROT,2,2,640,640,62.51,68.55,0.1744,19.75,16.79,14.38,0.7604,117.54
SMP_02635,roboflow_sugarcane,train,RED ROT,2,2,640,640,71.33,46.46,0.266,21.48,15.51,30.79,0.7903,143.71
SMP_02636,roboflow_sugarcane,train,RED ROT,2,2,640,640,77.34,36.3,0.2433,14.71,13.77,24.73,0.7977,134.38
SMP_02637,roboflow_sugarcane,train,RED ROT,2,2,640,640,44.83,57.09,0.1631,19.11,0.67,24.43,0.6611,232.99
SMP_02638,roboflow_sugarcane,train,RED ROT,2,2,640,640,50.84,42.64,0.2699,14.69,2.01,31.54,0.6096,132.87
SMP_02639,roboflow_sugarcane,train,RED ROT,2,2,640,640,36.19,47.02,0.2063,24.44,-7.61,20.1,0.6779,173.31
SMP_02640,roboflow_sugarcane,train,RED ROT,2,2,640,640,45.47,43.15,0.253,22.91,2.66,26.33,0.8125,139.22
SMP_02641,roboflow_sugarcane,train,RED ROT,2,2,640,640,63.03,38.2,0.2664,21.74,6.37,34.59,0.6787,159.63
SMP_02642,roboflow_sugarcane,train,RED ROT,2,2,640,640,73.81,56.69,0.1869,25.3,17.0,24.24,0.6476,150.84
SMP_02643,roboflow_sugarcane,train,RED ROT,2,2,640,640,87.45,44.56,0.2286,29.98,2.8,23.47,0.7912,154.31
SMP_02644,roboflow_sugarcane,train,RED ROT,2,2,640,640,48.96,30.76,0.1797,12.07,2.33,35.87,0.5897,140.29
SMP_02645,roboflow_sugarcane,train,RED ROT,2,2,640,640,54.59,54.61,0.2465,37.78,7.32,22.74,0.6414,89.52
SMP_02646,roboflow_sugarcane,train,RED ROT,2,2,640,640,32.98,33.53,0.2045,23.14,11.8,30.14,0.5976,167.05
SMP_02647,roboflow_sugarcane,train,RED ROT,2,2,640,640,62.56,34.16,0.248,15.99,17.42,18.31,0.7815,84.26
SMP_02648,roboflow_sugarcane,train,RED ROT,2,2,640,640,44.44,62.31,0.2762,38.4,-0.6,30.76,0.7178,183.9
SMP_02649,roboflow_sugarcane,train,RED ROT,2,2,640,640,64.88,33.64,0.2274,16.68,3.63,22.68,0.7492,156.74
SMP_02650,roboflow_sugarcane,train,RED ROT,2,2,640,640,63.29,20.2,0.1953,10.31,6.1,31.48,0.6112,148.97
SMP_02651,roboflow_sugarcane,train,RED ROT,2,2,640,640,43.08,55.47,0.1962,15.92,2.87,22.7,0.7733,141.53
SMP_02652,roboflow_sugarcane,train,RED ROT,2,2,640,640,80.11,44.35,0.0521,15.54,0.04,29.14,0.4772,180.44
SMP_02653,roboflow_sugarcane,train,RED ROT,2,2,640,640,69.06,45.39,0.1644,28.68,2.94,14.45,0.5903,181.05
SMP_02654,roboflow_sugarcane,train,RED ROT,2,2,640,640,65.37,44.23,0.2466,19.1,-4.75,25.34,0.6915,95.06
SMP_02655,roboflow_sugarcane,train,RED ROT,2,2,640,640,43.23,50.78,0.2485,20.8,0.15,26.48,0.7435,70.09
SMP_02656,roboflow_sugarcane,train,RED ROT,2,2,640,640,53.75,38.97,0.1633,20.51,-4.86,20.07,0.6325,158.4
SMP_02657,roboflow_sugarcane,train,RED ROT,2,2,640,640,72.26,65.71,0.2082,29.33,5.1,26.21,0.5419,141.16
SMP_02658,roboflow_sugarcane,train,RED ROT,2,2,640,640,39.83,30.29,0.1905,17.42,1.87,42.03,0.6172,122.24
SMP_02659,roboflow_sugarcane,train,RED ROT,2,2,640,640,76.23,53.34,0.2345,18.36,0.64,19.89,0.6014,144.88
SMP_02660,roboflow_sugarcane,train,RED ROT,2,2,640,640,40.19,55.71,0.3104,14.49,5.13,28.72,0.8757,110.75
SMP_02661,roboflow_sugarcane,train,RED ROT,2,2,640,640,54.73,38.88,0.2354,16.63,-14.79,22.45,0.7282,155.65
SMP_02662,roboflow_sugarcane,train,RED ROT,2,2,640,640,71.32,35.72,0.1665,24.2,2.46,33.23,0.6085,116.16
SMP_02663,roboflow_sugarcane,train,RED ROT,2,2,640,640,44.4,60.21,0.1961,25.83,6.56,27.59,0.5696,135.82
SMP_02664,roboflow_sugarcane,train,RED ROT,2,2,640,640,58.28,36.11,0.2701,33.6,12.8,23.0,0.6226,155.18
SMP_02665,roboflow_sugarcane,train,RED ROT,2,2,640,640,81.15,40.72,0.1296,19.17,9.87,26.76,0.6913,122.75
SMP_02666,roboflow_sugarcane,train,RED ROT,2,2,640,640,72.97,58.65,0.1692,17.89,15.16,36.16,0.6463,127.49
SMP_02667,roboflow_sugarcane,train,RED ROT,2,2,640,640,52.17,48.42,0.2355,23.18,-6.47,23.13,0.8308,136.92
SMP_02668,roboflow_sugarcane,train,RED ROT,2,2,640,640,35.88,26.43,0.2647,16.25,13.37,31.35,0.6279,148.37
SMP_02669,roboflow_sugarcane,train,RED ROT,2,2,640,640,72.53,68.96,0.2304,14.87,7.39,19.56,0.7233,181.94
SMP_02670,roboflow_sugarcane,train,RED ROT,2,2,640,640,87.59,41.64,0.1697,22.59,0.7,28.49,0.6306,128.32
SMP_02671,roboflow_sugarcane,train,RED ROT,2,2,640,640,75.85,43.17,0.2268,16.87,5.86,25.43,0.7385,163.14
SMP_02672,roboflow_sugarcane,train,RED ROT,2,2,640,640,72.34,51.07,0.2207,17.68,30.0,33.16,0.6492,157.83
SMP_02673,roboflow_sugarcane,train,RED ROT,2,2,640,640,61.65,55.5,0.2175,24.85,6.16,25.67,0.7531,149.22
SMP_02674,roboflow_sugarcane,train,RED ROT,2,2,640,640,67.81,71.53,0.1951,22.48,5.64,33.64,0.7101,167.13
SMP_02675,roboflow_sugarcane,train,RED ROT,2,2,640,640,38.79,28.08,0.2026,36.0,11.87,21.18,0.8069,187.05
SMP_02676,roboflow_sugarcane,train,RED ROT,2,2,640,640,38.81,57.91,0.1546,27.37,3.25,18.81,0.6948,142.89
SMP_02677,roboflow_sugarcane,train,RED ROT,2,2,640,640,63.41,56.92,0.324,13.86,-1.34,20.2,0.7194,161.62
SMP_02678,roboflow_sugarcane,train,RED ROT,2,2,640,640,44.51,46.35,0.2078,16.8,16.23,28.81,0.5913,123.74
SMP_02679,roboflow_sugarcane,train,RED ROT,2,2,640,640,73.8,57.45,0.2274,9.02,-6.51,19.52,0.5744,130.76
SMP_02680,roboflow_sugarcane,train,RED ROT,2,2,640,640,79.01,59.21,0.1891,12.22,5.35,12.65,0.7282,110.68
SMP_02681,roboflow_sugarcane,train,RED ROT,2,2,640,640,61.12,31.42,0.2423,30.1,4.48,23.97,0.6708,131.95
SMP_02682,roboflow_sugarcane,train,RED ROT,2,2,640,640,40.63,69.0,0.1351,17.78,-1.66,26.97,0.7337,148.87
SMP_02683,roboflow_sugarcane,train,RED ROT,2,2,640,640,85.17,29.29,0.1127,8.91,-5.54,23.3,0.6446,141.29
SMP_02684,roboflow_sugarcane,train,RED ROT,2,2,640,640,39.36,34.38,0.1985,4.42,3.98,19.22,0.6976,133.66
SMP_02685,roboflow_sugarcane,train,RED ROT,2,2,640,640,71.42,44.86,0.3027,8.23,7.93,33.0,0.627,134.06
SMP_02686,roboflow_sugarcane,train,RED ROT,2,2,640,640,86.26,71.1,0.2604,13.58,13.38,30.86,0.713,137.71
SMP_02687,roboflow_sugarcane,train,RED ROT,2,2,640,640,42.82,44.3,0.1596,20.03,-1.17,28.04,0.615,137.07
SMP_02688,roboflow_sugarcane,train,RED ROT,2,2,640,640,38.13,47.62,0.2258,16.83,-1.28,33.8,0.6882,187.38
SMP_02689,roboflow_sugarcane,train,RED ROT,2,2,640,640,60.99,65.18,0.1682,25.59,17.21,20.59,0.6391,140.0
SMP_02690,roboflow_sugarcane,train,RED ROT,2,2,640,640,69.45,44.4,0.2213,12.51,1.26,24.73,0.7692,110.39
SMP_02691,roboflow_sugarcane,train,RED ROT,2,2,640,640,94.32,33.86,0.2252,29.81,2.33,33.02,0.6302,197.35
SMP_02692,roboflow_sugarcane,train,RED ROT,2,2,640,640,87.39,42.99,0.2463,18.91,14.75,26.97,0.639,140.1
SMP_02693,roboflow_sugarcane,train,RED ROT,2,2,640,640,74.8,64.45,0.1217,23.67,-8.17,36.21,0.6604,136.54
SMP_02694,roboflow_sugarcane,train,RED ROT,2,2,640,640,85.55,48.85,0.1367,15.84,-4.61,15.5,0.7441,114.45
SMP_02695,roboflow_sugarcane,train,RED ROT,2,2,640,640,37.22,71.17,0.1962,28.14,16.14,15.09,0.6772,117.71
SMP_02696,roboflow_sugarcane,train,RED ROT,2,2,640,640,55.81,56.86,0.1484,9.38,0.19,23.02,0.6679,188.74
SMP_02697,roboflow_sugarcane,train,RED ROT,2,2,640,640,42.17,40.26,0.1445,10.13,0.73,29.5,0.6555,113.69
SMP_02698,roboflow_sugarcane,train,RED ROT,2,2,640,640,73.12,48.61,0.2136,12.24,1.4,30.27,0.6964,118.59
SMP_02699,roboflow_sugarcane,train,RED ROT,2,2,640,640,86.93,37.76,0.1542,29.41,2.44,24.57,0.6381,159.68
SMP_02700,roboflow_sugarcane,train,RED ROT,2,2,640,640,67.57,39.98,0.3129,18.1,1.33,32.19,0.6242,94.74
SMP_02701,roboflow_sugarcane,train,RED ROT,2,2,640,640,77.22,101.75,0.1733,12.41,6.14,28.49,0.6664,171.96
SMP_02702,roboflow_sugarcane,train,RED ROT,2,2,640,640,73.14,60.22,0.1865,18.43,15.02,26.39,0.6391,159.78
SMP_02703,roboflow_sugarcane,train,RED ROT,2,2,640,640,45.13,58.33,0.2149,21.38,-1.43,33.98,0.6467,136.7
SMP_02704,roboflow_sugarcane,train,RED ROT,2,2,640,640,86.36,40.52,0.1246,11.38,0.27,26.39,0.5331,153.39
SMP_02705,roboflow_sugarcane,train,RED ROT,2,2,640,640,75.89,66.84,0.2254,21.28,5.26,21.64,0.7719,188.49
SMP_02706,roboflow_sugarcane,train,RED ROT,2,2,640,640,68.07,61.19,0.2171,18.91,17.57,24.69,0.6813,165.48
SMP_02707,roboflow_sugarcane,train,RED ROT,2,2,640,640,67.11,70.58,0.1825,15.95,2.64,19.88,0.6791,167.87
SMP_02708,roboflow_sugarcane,train,RED ROT,2,2,640,640,72.33,70.0,0.2137,9.87,-2.19,24.81,0.6229,157.47
SMP_02709,roboflow_sugarcane,train,RED ROT,2,2,640,640,62.18,30.25,0.2214,27.11,-11.16,21.09,0.6478,135.36
SMP_02710,roboflow_sugarcane,train,RED ROT,2,2,640,640,65.1,34.68,0.2718,16.25,-1.09,18.0,0.6007,138.02
SMP_02711,roboflow_sugarcane,train,RED ROT,2,2,640,640,40.63,35.95,0.325,-3.48,-1.94,23.13,0.6185,147.13
SMP_02712,roboflow_sugarcane,train,RED ROT,2,2,640,640,55.54,36.67,0.1469,22.85,-4.53,16.97,0.6627,159.92
SMP_02713,roboflow_sugarcane,train,RED ROT,2,2,640,640,77.03,51.88,0.1351,23.05,5.56,30.49,0.6888,128.81
SMP_02714,roboflow_sugarcane,train,RED ROT,2,2,640,640,77.97,41.2,0.2051,27.46,2.9,29.82,0.7143,157.16
SMP_02715,roboflow_sugarcane,train,RED ROT,2,2,640,640,69.45,72.87,0.0961,23.31,16.41,32.1,0.7358,134.13
SMP_02716,roboflow_sugarcane,train,RED ROT,2,2,640,640,52.31,70.86,0.2325,21.11,6.72,22.81,0.7639,148.2
SMP_02717,roboflow_sugarcane,train,RED ROT,2,2,640,640,67.82,47.92,0.2057,16.11,13.07,28.72,0.7244,143.84
SMP_02718,roboflow_sugarcane,train,RED ROT,2,2,640,640,79.53,71.46,0.2184,16.13,3.63,19.15,0.6747,153.33
SMP_02719,roboflow_sugarcane,train,RED ROT,2,2,640,640,49.7,65.86,0.1848,25.41,-2.03,22.58,0.7104,151.88
SMP_02720,roboflow_sugarcane,train,RED ROT,2,2,640,640,77.78,42.59,0.2128,18.75,9.95,32.15,0.6688,141.48
SMP_02721,roboflow_sugarcane,train,RED ROT,2,2,640,640,47.03,23.89,0.2236,8.5,-4.03,33.05,0.6138,116.21
SMP_02722,roboflow_sugarcane,train,RED ROT,2,2,640,640,87.07,45.38,0.21,17.25,14.26,26.74,0.8237,182.82
SMP_02723,roboflow_sugarcane,train,RED ROT,2,2,640,640,83.6,40.26,0.1327,19.57,-0.98,30.07,0.746,128.02
SMP_02724,roboflow_sugarcane,train,RED ROT,2,2,640,640,53.99,50.48,0.2086,4.07,10.92,24.6,0.7152,176.29
SMP_02725,roboflow_sugarcane,train,RED ROT,2,2,640,640,89.66,49.07,0.2927,25.97,8.01,32.03,0.6929,106.49
SMP_02726,roboflow_sugarcane,train,RED ROT,2,2,640,640,70.2,48.76,0.212,20.01,-2.77,20.54,0.7277,108.27
SMP_02727,roboflow_sugarcane,train,RED ROT,2,2,640,640,44.48,54.28,0.2069,9.1,14.68,26.72,0.7012,173.79
SMP_02728,roboflow_sugarcane,train,RED ROT,2,2,640,640,71.8,33.45,0.278,17.62,20.36,33.1,0.6883,193.81
SMP_02729,roboflow_sugarcane,train,RED ROT,2,2,640,640,46.38,52.94,0.1627,19.18,-0.99,22.96,0.7543,158.44
SMP_02730,roboflow_sugarcane,train,RED ROT,2,2,640,640,80.77,42.72,0.2445,27.57,-0.24,25.92,0.6828,99.28
SMP_02731,roboflow_sugarcane,train,RED ROT,2,2,640,640,66.56,50.4,0.1735,27.34,5.55,28.6,0.7671,175.46
SMP_02732,roboflow_sugarcane,train,RED ROT,2,2,640,640,44.98,59.49,0.2543,28.62,11.94,31.64,0.6901,112.88
SMP_02733,roboflow_sugarcane,train,RED ROT,2,2,640,640,86.29,33.31,0.2399,23.01,14.8,21.55,0.578,108.65
SMP_02734,roboflow_sugarcane,train,RED ROT,2,2,640,640,45.5,44.62,0.1794,14.77,2.13,28.25,0.7137,145.55
SMP_02735,roboflow_sugarcane,train,RED ROT,2,2,640,640,81.66,46.58,0.1867,12.74,6.1,31.88,0.6385,126.73
SMP_02736,roboflow_sugarcane,train,RED ROT,2,2,640,640,51.28,41.83,0.2489,14.39,2.19,31.86,0.6102,165.4
SMP_02737,roboflow_sugarcane,train,RED ROT,2,2,640,640,67.96,58.8,0.1072,19.47,1.7,25.74,0.6348,156.79
SMP_02738,roboflow_sugarcane,train,RED ROT,2,2,640,640,75.97,39.36,0.1779,19.8,0.75,23.91,0.5727,131.32
SMP_02739,roboflow_sugarcane,train,RED ROT,2,2,640,640,55.13,41.34,0.231,28.23,-5.91,25.93,0.7341,160.2
SMP_02740,roboflow_sugarcane,train,RED ROT,2,2,640,640,68.08,39.48,0.1846,17.97,11.91,21.76,0.7093,208.28
SMP_02741,roboflow_sugarcane,train,RED ROT,2,2,640,640,46.76,61.1,0.2067,3.81,5.82,29.22,0.6966,132.63
SMP_02742,roboflow_sugarcane,train,RED ROT,2,2,640,640,46.65,42.09,0.0979,10.46,17.21,26.81,0.5966,151.46
SMP_02743,roboflow_sugarcane,train,RED ROT,2,2,640,640,52.09,53.52,0.1573,12.19,11.59,11.35,0.7154,159.41
SMP_02744,roboflow_sugarcane,train,RED ROT,2,2,640,640,87.94,71.71,0.234,12.19,1.8,28.18,0.8224,158.89
SMP_02745,roboflow_sugarcane,train,RED ROT,2,2,640,640,52.43,47.1,0.1624,-2.45,-4.13,23.07,0.6931,203.99
SMP_02746,roboflow_sugarcane,train,RED ROT,2,2,640,640,47.0,61.34,0.1349,32.56,19.94,26.98,0.6394,175.68
SMP_02747,roboflow_sugarcane,train,RED ROT,2,2,640,640,60.03,68.06,0.2531,2.54,-8.59,35.11,0.6007,111.83
SMP_02748,roboflow_sugarcane,train,RED ROT,2,2,640,640,56.7,60.33,0.2258,15.41,2.26,20.54,0.6275,112.61
SMP_02749,roboflow_sugarcane,train,RED ROT,2,2,640,640,65.86,47.8,0.1456,25.27,2.39,23.63,0.8025,137.87
SMP_02750,roboflow_sugarcane,train,RED ROT,2,2,640,640,31.78,55.71,0.2069,24.72,-0.18,24.61,0.6482,158.22
SMP_02751,roboflow_sugarcane,train,RED ROT,2,2,640,640,72.38,32.55,0.1472,8.24,-1.81,18.18,0.5662,172.28
SMP_02752,roboflow_sugarcane,train,RED ROT,2,2,640,640,66.81,38.64,0.1924,29.65,-4.77,26.6,0.7022,172.01
SMP_02753,roboflow_sugarcane,train,RED ROT,2,2,640,640,39.6,40.74,0.2088,28.49,-0.8,28.6,0.6481,140.31
SMP_02754,roboflow_sugarcane,train,RED ROT,2,2,640,640,41.66,74.89,0.1596,18.55,4.59,23.69,0.6094,158.91
SMP_02755,roboflow_sugarcane,train,RED ROT,2,2,640,640,85.15,38.25,0.2371,20.22,7.45,29.31,0.7244,189.48
SMP_02756,roboflow_sugarcane,train,RED ROT,2,2,640,640,38.39,38.07,0.2449,12.69,0.8,34.93,0.6561,156.81
SMP_02757,roboflow_sugarcane,train,RED ROT,2,2,640,640,47.47,35.47,0.2132,22.02,0.76,21.86,0.6931,152.57
SMP_02758,roboflow_sugarcane,train,RED ROT,2,2,640,640,55.91,54.72,0.2207,21.81,-3.34,25.08,0.6865,170.69
SMP_02759,roboflow_sugarcane,train,RED ROT,2,2,640,640,57.65,49.71,0.1274,16.11,6.34,24.24,0.7836,148.22
SMP_02760,roboflow_sugarcane,train,RED ROT,2,2,640,640,36.56,61.04,0.2681,25.16,5.38,36.64,0.7106,161.89
SMP_02761,roboflow_sugarcane,train,RED ROT,2,2,640,640,80.44,56.06,0.1954,22.65,8.04,29.44,0.7156,198.07
SMP_02762,roboflow_sugarcane,train,RED ROT,2,2,640,640,74.51,31.44,0.1532,45.71,0.67,32.42,0.6112,107.03
SMP_02763,roboflow_sugarcane,train,RED ROT,2,2,640,640,79.21,38.31,0.2073,12.79,-2.29,24.88,0.5661,136.53
SMP_02764,roboflow_sugarcane,train,RED ROT,2,2,640,640,57.43,64.38,0.2373,30.66,4.84,36.79,0.8614,123.55
SMP_02765,roboflow_sugarcane,train,RED ROT,2,2,640,640,84.78,45.56,0.2256,13.18,9.16,32.02,0.7313,121.99
SMP_02766,roboflow_sugarcane,train,RED ROT,2,2,640,640,48.62,62.25,0.1458,24.22,-2.1,20.63,0.6059,124.49
SMP_02767,roboflow_sugarcane,train,RED ROT,2,2,640,640,45.0,46.2,0.2379,-0.8,-0.02,18.84,0.7592,77.38
SMP_02768,roboflow_sugarcane,train,RED ROT,2,2,640,640,47.5,36.39,0.197,15.9,-4.8,26.34,0.6839,128.16
SMP_02769,roboflow_sugarcane,train,RED ROT,2,2,640,640,30.31,44.36,0.2251,23.78,-4.37,29.14,0.6587,173.13
SMP_02770,roboflow_sugarcane,train,RED ROT,2,2,640,640,68.36,36.38,0.1599,21.92,0.63,23.81,0.6337,104.51
SMP_02771,roboflow_sugarcane,train,RED ROT,2,2,640,640,28.83,41.21,0.2523,3.96,-1.73,21.6,0.6986,89.06
SMP_02772,roboflow_sugarcane,train,RED ROT,2,2,640,640,39.95,50.41,0.2091,16.7,11.4,31.81,0.7735,123.74
SMP_02773,roboflow_sugarcane,train,RED ROT,2,2,640,640,44.55,54.14,0.2594,31.81,5.24,28.18,0.753,117.87
SMP_02774,roboflow_sugarcane,train,RED ROT,2,2,640,640,56.88,28.92,0.1233,28.23,15.12,25.53,0.8307,166.65
SMP_02775,roboflow_sugarcane,train,RED ROT,2,2,640,640,40.1,47.79,0.1299,27.68,15.2,21.61,0.6653,193.26
SMP_02776,roboflow_sugarcane,train,RED ROT,2,2,640,640,84.53,40.96,0.188,38.82,5.12,25.6,0.6827,208.51
SMP_02777,roboflow_sugarcane,train,RED ROT,2,2,640,640,77.66,40.22,0.2734,6.04,-11.03,21.47,0.7468,119.5
SMP_02778,roboflow_sugarcane,train,RED ROT,2,2,640,640,62.77,49.59,0.2981,16.84,8.19,31.51,0.7272,159.36
SMP_02779,roboflow_sugarcane,train,RED ROT,2,2,640,640,97.54,41.39,0.1556,20.25,14.15,30.47,0.8367,141.31
SMP_02780,roboflow_sugarcane,train,RED ROT,2,2,640,640,94.83,64.59,0.2027,14.15,10.06,20.33,0.839,154.48
SMP_02781,roboflow_sugarcane,train,RED ROT,2,2,640,640,71.09,62.26,0.2078,21.0,7.79,20.5,0.6579,158.63
SMP_02782,roboflow_sugarcane,train,RED ROT,2,2,640,640,60.14,62.18,0.2359,30.41,3.02,33.84,0.5385,139.3
SMP_02783,roboflow_sugarcane,train,RED ROT,2,2,640,640,34.23,42.06,0.2442,20.88,-4.42,30.82,0.4868,112.4
SMP_02784,roboflow_sugarcane,train,RED ROT,2,2,640,640,36.85,36.45,0.1443,2.37,10.0,30.16,0.711,117.73
SMP_02785,roboflow_sugarcane,train,RED ROT,2,2,640,640,68.08,48.98,0.2032,25.42,3.44,32.85,0.6531,147.68
SMP_02786,roboflow_sugarcane,train,RED ROT,2,2,640,640,82.75,46.2,0.0996,19.88,7.5,20.19,0.7316,152.85
SMP_02787,roboflow_sugarcane,train,RED ROT,2,2,640,640,57.27,40.69,0.2405,2.57,0.3,24.71,0.6395,122.65
SMP_02788,roboflow_sugarcane,train,RED ROT,2,2,640,640,87.03,33.89,0.1831,15.08,20.99,37.38,0.7957,135.1
SMP_02789,roboflow_sugarcane,train,RED ROT,2,2,640,640,80.5,47.5,0.1397,6.11,6.91,35.11,0.5912,176.67
SMP_02790,roboflow_sugarcane,train,RED ROT,2,2,640,640,48.76,43.15,0.2166,17.7,1.96,29.52,0.6438,141.4
SMP_02791,roboflow_sugarcane,train,RED ROT,2,2,640,640,56.85,56.26,0.1815,15.97,-4.09,27.25,0.644,155.19
SMP_02792,roboflow_sugarcane,train,RED ROT,2,2,640,640,75.8,55.98,0.2631,7.8,-6.19,29.32,0.7173,186.63
SMP_02793,roboflow_sugarcane,train,RED ROT,2,2,640,640,60.32,61.21,0.1554,22.01,9.97,25.56,0.6461,145.49
SMP_02794,roboflow_sugarcane,train,RED ROT,2,2,640,640,58.22,32.89,0.3111,11.34,0.34,21.82,0.652,127.53
SMP_02795,roboflow_sugarcane,train,RED ROT,2,2,640,640,37.92,52.81,0.2427,30.59,1.4,21.15,0.765,126.16
SMP_02796,roboflow_sugarcane,train,RED ROT,2,2,640,640,57.19,39.27,0.2644,21.35,0.66,39.1,0.7566,160.24
SMP_02797,roboflow_sugarcane,train,RED ROT,2,2,640,640,36.47,33.36,0.1486,17.91,-3.74,22.49,0.7044,95.65
SMP_02798,roboflow_sugarcane,train,RED ROT,2,2,640,640,59.33,42.86,0.2894,30.03,2.68,32.28,0.6057,186.36
SMP_02799,roboflow_sugarcane,train,RED ROT,2,2,640,640,51.32,60.82,0.1394,22.08,5.45,13.07,0.7088,175.93
SMP_02800,roboflow_sugarcane,train,RED ROT,2,2,640,640,58.13,43.53,0.1895,22.77,-3.05,22.87,0.7379,100.98
SMP_02801,roboflow_sugarcane,train,RED ROT,2,2,640,640,59.99,66.79,0.2652,19.48,7.66,25.32,0.6714,125.97
SMP_02802,roboflow_sugarcane,train,RED ROT,2,2,640,640,46.77,54.59,0.2253,17.49,-4.79,22.71,0.6256,125.68
SMP_02803,roboflow_sugarcane,train,RED ROT,2,2,640,640,41.22,43.27,0.138,23.23,1.47,21.38,0.6436,156.99
SMP_02804,roboflow_sugarcane,train,RED ROT,2,2,640,640,66.9,61.92,0.2568,32.19,7.92,31.64,0.6989,118.79
SMP_02805,roboflow_sugarcane,train,RED ROT,2,2,640,640,45.94,53.34,0.217,-7.36,4.89,28.08,0.7759,69.54
SMP_02806,roboflow_sugarcane,train,RED ROT,2,2,640,640,87.02,36.81,0.1792,34.95,-8.13,22.73,0.6169,178.55
SMP_02807,roboflow_sugarcane,train,RED ROT,2,2,640,640,62.12,70.31,0.1229,11.94,-17.29,22.19,0.7098,72.58
SMP_02808,roboflow_sugarcane,train,RED ROT,2,2,640,640,51.16,51.11,0.2217,21.54,9.54,17.86,0.7529,191.71
SMP_02809,roboflow_sugarcane,train,RED ROT,2,2,640,640,56.0,48.23,0.1918,6.26,10.52,19.35,0.7117,129.51
SMP_02810,roboflow_sugarcane,train,RED ROT,2,2,640,640,29.52,37.73,0.2078,31.93,8.5,19.6,0.7494,140.11
SMP_02811,roboflow_sugarcane,train,RED ROT,2,2,640,640,34.07,62.15,0.1207,8.94,3.18,23.31,0.6422,132.74
SMP_02812,roboflow_sugarcane,train,RED ROT,2,2,640,640,59.88,54.21,0.1791,28.98,3.02,44.4,0.6669,127.84
SMP_02813,roboflow_sugarcane,train,RED ROT,2,2,640,640,35.48,55.55,0.224,18.07,4.15,22.71,0.5838,142.85
SMP_02814,roboflow_sugarcane,train,RED ROT,2,2,640,640,60.59,41.91,0.2938,18.7,9.68,23.31,0.6341,133.21
SMP_02815,roboflow_sugarcane,train,RED ROT,2,2,640,640,40.02,58.01,0.1897,9.93,3.93,22.66,0.6224,115.44
SMP_02816,roboflow_sugarcane,train,RED ROT,2,2,640,640,52.21,58.94,0.2722,29.75,7.99,28.72,0.6108,159.4
SMP_02817,roboflow_sugarcane,train,RED ROT,2,2,640,640,74.45,39.97,0.2394,18.82,15.51,18.34,0.7249,134.57
SMP_02818,roboflow_sugarcane,train,RED ROT,2,2,640,640,88.02,31.0,0.2117,25.74,-2.74,19.96,0.5635,200.97
SMP_02819,roboflow_sugarcane,train,RED ROT,2,2,640,640,51.78,54.98,0.1494,3.47,3.52,32.58,0.5903,114.5
SMP_02820,roboflow_sugarcane,train,RED ROT,2,2,640,640,86.86,29.12,0.1515,12.87,-1.87,27.59,0.7355,156.56
SMP_02821,roboflow_sugarcane,train,RED ROT,2,2,640,640,72.96,49.82,0.2309,22.01,1.85,27.03,0.6624,125.51
SMP_02822,roboflow_sugarcane,train,RED ROT,2,2,640,640,70.17,42.63,0.1737,7.38,4.19,31.34,0.6044,122.6
SMP_02823,roboflow_sugarcane,train,RED ROT,2,2,640,640,44.37,62.62,0.1692,22.89,-2.04,26.24,0.7136,140.34
SMP_02824,roboflow_sugarcane,train,RED ROT,2,2,640,640,73.76,43.29,0.191,14.71,-7.99,18.85,0.6638,160.85
SMP_02825,roboflow_sugarcane,train,RED ROT,2,2,640,640,82.97,61.29,0.1918,13.78,-5.45,28.97,0.6981,165.7
SMP_02826,roboflow_sugarcane,train,RED ROT,2,2,640,640,88.57,41.83,0.245,24.1,8.55,29.38,0.694,136.95
SMP_02827,roboflow_sugarcane,train,RED ROT,2,2,640,640,43.8,60.0,0.1747,21.37,-0.35,16.88,0.6627,188.1
SMP_02828,roboflow_sugarcane,train,RED ROT,2,2,640,640,44.73,72.72,0.2401,11.01,3.25,27.83,0.6215,165.9
SMP_02829,roboflow_sugarcane,train,RED ROT,2,2,640,640,52.26,35.18,0.222,28.99,5.4,29.91,0.6591,149.69
SMP_02830,roboflow_sugarcane,train,RED ROT,2,2,640,640,71.02,51.5,0.1163,24.04,12.26,30.17,0.7025,162.16
SMP_02831,roboflow_sugarcane,train,RED ROT,2,2,640,640,52.68,80.99,0.2147,3.88,2.73,31.02,0.7092,110.92
SMP_02832,roboflow_sugarcane,train,RED ROT,2,2,640,640,41.11,48.8,0.0666,17.57,6.97,28.47,0.702,175.05
SMP_02833,roboflow_sugarcane,train,RED ROT,2,2,640,640,64.18,48.74,0.1552,22.99,-4.06,31.98,0.6566,102.32
SMP_02834,roboflow_sugarcane,train,RED ROT,2,2,640,640,62.12,57.46,0.2232,19.11,3.71,20.01,0.7037,154.31
SMP_02835,roboflow_sugarcane,train,RED ROT,2,2,640,640,72.53,48.49,0.1995,-6.59,-2.82,35.28,0.5772,138.99
SMP_02836,roboflow_sugarcane,train,RED ROT,2,2,640,640,56.11,27.51,0.1116,20.51,3.87,14.67,0.7082,98.13
SMP_02837,roboflow_sugarcane,train,RED ROT,2,2,640,640,70.02,61.59,0.144,26.06,6.02,31.15,0.7366,104.75
SMP_02838,roboflow_sugarcane,train,RED ROT,2,2,640,640,104.63,23.96,0.0696,19.35,3.13,20.27,0.4639,141.17
SMP_02839,roboflow_sugarcane,train,RED ROT,2,2,640,640,69.04,43.0,0.1329,20.44,1.61,33.48,0.7535,138.37
SMP_02840,roboflow_sugarcane,train,RED ROT,2,2,640,640,88.09,62.49,0.229,28.16,7.15,30.33,0.7894,119.24
SMP_02841,roboflow_sugarcane,train,RED ROT,2,2,640,640,43.07,43.72,0.1721,7.33,1.77,22.7,0.7131,129.18
SMP_02842,roboflow_sugarcane,train,RED ROT,2,2,640,640,72.68,39.68,0.2085,25.89,1.69,24.37,0.5295,97.34
SMP_02843,roboflow_sugarcane,train,RED ROT,2,2,640,640,56.69,58.55,0.2007,22.72,-3.42,23.33,0.6878,97.87
SMP_02844,roboflow_sugarcane,train,RED ROT,2,2,640,640,72.75,37.79,0.2016,7.01,9.05,30.39,0.6246,131.98
SMP_02845,roboflow_sugarcane,train,RED ROT,2,2,640,640,79.89,33.33,0.2512,25.58,4.66,17.55,0.6837,86.67
SMP_02846,roboflow_sugarcane,train,RED ROT,2,2,640,640,74.97,51.29,0.1899,34.45,1.16,24.59,0.7069,134.98
SMP_02847,roboflow_sugarcane,train,RED ROT,2,2,640,640,48.43,45.8,0.2455,22.67,-3.31,28.9,0.7268,154.56
SMP_02848,roboflow_sugarcane,train,RED ROT,2,2,640,640,60.71,33.08,0.0761,24.44,23.69,14.58,0.6959,135.15
SMP_02849,roboflow_sugarcane,train,RED ROT,2,2,640,640,79.81,55.64,0.2556,11.48,-19.13,18.24,0.662,156.05
SMP_02850,roboflow_sugarcane,train,RED ROT,2,2,640,640,79.81,53.57,0.1355,15.05,-1.07,33.24,0.7802,118.97
SMP_02851,roboflow_sugarcane,train,RED ROT,2,2,640,640,83.56,43.68,0.1464,11.86,1.14,14.64,0.6203,81.2
SMP_02852,roboflow_sugarcane,train,RED ROT,2,2,640,640,56.47,44.5,0.1648,23.17,12.36,20.19,0.5906,156.98
SMP_02853,roboflow_sugarcane,train,RED ROT,2,2,640,640,83.06,53.64,0.2542,15.86,2.48,35.87,0.6611,132.85
SMP_02854,roboflow_sugarcane,train,RED ROT,2,2,640,640,56.55,62.28,0.1555,15.36,6.46,28.22,0.6554,107.71
SMP_02855,roboflow_sugarcane,train,RED ROT,2,2,640,640,49.88,44.61,0.1672,25.63,1.47,33.73,0.6215,129.74
SMP_02856,roboflow_sugarcane,train,RED ROT,2,2,640,640,78.08,55.86,0.1519,33.36,19.75,21.27,0.7182,117.35
SMP_02857,roboflow_sugarcane,train,RED ROT,2,2,640,640,56.05,54.78,0.2128,19.3,8.16,17.59,0.6437,164.24
SMP_02858,roboflow_sugarcane,train,RED ROT,2,2,640,640,30.9,58.55,0.2372,7.4,-0.2,26.59,0.7291,111.15
SMP_02859,roboflow_sugarcane,train,RED ROT,2,2,640,640,69.95,48.47,0.2852,20.32,10.63,28.66,0.565,115.13
SMP_02860,roboflow_sugarcane,train,RED ROT,2,2,640,640,52.83,37.05,0.32,21.53,3.02,16.09,0.6269,139.06
SMP_02861,roboflow_sugarcane,train,RED ROT,2,2,640,640,62.98,42.45,0.2325,26.65,19.61,26.03,0.7513,141.42
SMP_02862,roboflow_sugarcane,train,RED ROT,2,2,640,640,69.14,52.11,0.2183,17.41,15.81,21.0,0.6404,133.21
SMP_02863,roboflow_sugarcane,train,RED ROT,2,2,640,640,59.2,69.82,0.1391,27.05,7.36,26.4,0.6269,79.94
SMP_02864,roboflow_sugarcane,train,RED ROT,2,2,640,640,53.24,42.19,0.2955,25.82,3.11,32.07,0.7841,91.86
SMP_02865,roboflow_sugarcane,train,RED ROT,2,2,640,640,57.23,57.66,0.2108,17.62,-0.08,24.35,0.7777,145.17
SMP_02866,roboflow_sugarcane,train,RED ROT,2,2,640,640,74.21,44.06,0.1855,26.56,12.06,33.07,0.5998,106.82
SMP_02867,roboflow_sugarcane,train,RED ROT,2,2,640,640,108.05,49.33,0.2194,27.44,16.62,24.59,0.6639,157.13
SMP_02868,roboflow_sugarcane,train,RED ROT,2,2,640,640,72.18,66.18,0.1682,11.27,2.67,31.43,0.6867,71.14
SMP_02869,roboflow_sugarcane,train,RED ROT,2,2,640,640,91.74,57.17,0.0831,27.68,8.59,31.19,0.7082,126.4
SMP_02870,roboflow_sugarcane,train,RED ROT,2,2,640,640,71.38,33.1,0.2286,19.04,9.04,29.84,0.5826,103.95
SMP_02871,roboflow_sugarcane,train,RED ROT,2,2,640,640,65.6,41.13,0.2671,18.02,12.12,27.33,0.5897,96.45
SMP_02872,roboflow_sugarcane,train,RED ROT,2,2,640,640,48.21,63.07,0.2278,19.14,-1.23,36.54,0.7059,93.48
SMP_02873,roboflow_sugarcane,train,RED ROT,2,2,640,640,57.45,49.7,0.1996,29.93,8.55,27.3,0.7464,131.18
SMP_02874,roboflow_sugarcane,train,RED ROT,2,2,640,640,70.67,34.21,0.2007,29.91,22.95,30.4,0.6517,118.43
SMP_02875,roboflow_sugarcane,train,RED ROT,2,2,640,640,69.45,38.17,0.2086,23.81,5.77,17.2,0.6451,121.68
SMP_02876,roboflow_sugarcane,train,RED ROT,2,2,640,640,76.11,56.44,0.2071,22.16,8.63,30.41,0.6897,105.44
SMP_02877,roboflow_sugarcane,train,RED ROT,2,2,640,640,42.16,59.93,0.197,19.17,8.03,32.1,0.6894,165.25
SMP_02878,roboflow_sugarcane,train,RED ROT,2,2,640,640,74.88,48.21,0.2013,41.59,9.43,23.63,0.6944,139.82
SMP_02879,roboflow_sugarcane,train,RED ROT,2,2,640,640,79.43,77.7,0.2778,14.52,-4.26,33.55,0.8455,129.12
SMP_02880,roboflow_sugarcane,train,RED ROT,2,2,640,640,86.88,57.89,0.2236,16.42,21.38,20.09,0.6172,159.66
SMP_02881,roboflow_sugarcane,train,RED ROT,2,2,640,640,56.29,45.08,0.2053,22.42,5.8,20.28,0.6184,140.92
SMP_02882,roboflow_sugarcane,train,RED ROT,2,2,640,640,108.76,38.21,0.233,12.75,9.36,28.39,0.6502,117.66
SMP_02883,roboflow_sugarcane,train,RED ROT,2,2,640,640,87.08,36.3,0.233,28.39,5.7,28.05,0.6844,149.89
SMP_02884,roboflow_sugarcane,train,RED ROT,2,2,640,640,107.41,52.03,0.2473,8.23,12.55,22.76,0.6321,190.6
SMP_02885,roboflow_sugarcane,train,RED ROT,2,2,640,640,61.7,42.13,0.1622,14.29,0.99,18.62,0.6457,131.61
SMP_02886,roboflow_sugarcane,train,RED ROT,2,2,640,640,67.35,68.08,0.176,16.79,-5.46,33.06,0.6044,154.06
SMP_02887,roboflow_sugarcane,train,RED ROT,2,2,640,640,94.78,65.6,0.1593,11.96,4.06,16.55,0.6148,175.31
SMP_02888,roboflow_sugarcane,train,RED ROT,2,2,640,640,84.87,55.6,0.2383,28.33,8.83,28.66,0.5769,144.09
SMP_02889,roboflow_sugarcane,train,RED ROT,2,2,640,640,67.31,33.85,0.2359,9.48,2.23,20.94,0.7141,169.95
SMP_02890,roboflow_sugarcane,train,RED ROT,2,2,640,640,62.81,39.93,0.1363,12.29,-0.37,27.62,0.6403,132.99
SMP_02891,roboflow_sugarcane,train,RED ROT,2,2,640,640,57.5,63.07,0.2195,14.58,7.79,25.24,0.7347,69.98
SMP_02892,roboflow_sugarcane,train,RED ROT,2,2,640,640,61.44,41.24,0.2686,26.74,-2.42,35.88,0.7201,99.9
SMP_02893,roboflow_sugarcane,train,RED ROT,2,2,640,640,96.95,61.47,0.1882,31.62,12.83,34.36,0.8123,157.71
SMP_02894,roboflow_sugarcane,train,RED ROT,2,2,640,640,52.28,53.7,0.2157,24.18,2.5,24.97,0.6717,192.29
SMP_02895,roboflow_sugarcane,train,RED ROT,2,2,640,640,36.73,48.62,0.2365,9.49,8.98,33.0,0.6979,117.0
SMP_02896,roboflow_sugarcane,train,RED ROT,2,2,640,640,48.34,39.57,0.134,15.04,-4.29,14.86,0.6076,187.09
SMP_02897,roboflow_sugarcane,train,RED ROT,2,2,640,640,40.02,46.87,0.2076,32.58,15.83,25.19,0.6672,107.32
SMP_02898,roboflow_sugarcane,train,RED ROT,2,2,640,640,44.36,50.28,0.2636,20.23,8.75,24.37,0.7088,127.78
SMP_02899,roboflow_sugarcane,train,RED ROT,2,2,640,640,86.24,60.39,0.1703,8.43,9.91,13.73,0.5876,139.66
SMP_02900,roboflow_sugarcane,train,RED ROT,2,2,640,640,73.63,37.37,0.2416,37.55,-5.33,23.31,0.7173,154.39
SMP_02901,roboflow_sugarcane,train,RED ROT,2,2,640,640,64.47,44.85,0.2014,15.44,-1.0,32.97,0.6915,156.81
SMP_02902,roboflow_sugarcane,train,RED ROT,2,2,640,640,92.19,48.54,0.1663,19.43,6.59,27.1,0.6749,138.58
SMP_02903,roboflow_sugarcane,train,RED ROT,2,2,640,640,66.31,55.95,0.1952,14.52,-3.66,29.19,0.6898,214.81
SMP_02904,roboflow_sugarcane,train,RED ROT,2,2,640,640,76.11,37.1,0.1737,12.36,-0.02,19.43,0.6652,150.1
SMP_02905,roboflow_sugarcane,train,RED ROT,2,2,640,640,47.11,32.2,0.1556,30.37,11.04,20.6,0.698,120.95
SMP_02906,roboflow_sugarcane,train,RED ROT,2,2,640,640,44.84,56.09,0.1873,21.57,0.15,25.26,0.7483,194.19
SMP_02907,roboflow_sugarcane,train,RED ROT,2,2,640,640,58.53,29.78,0.2034,22.52,7.99,28.1,0.778,147.67
SMP_02908,roboflow_sugarcane,train,RED ROT,2,2,640,640,84.09,63.42,0.1917,9.76,-1.62,29.65,0.643,179.93
SMP_02909,roboflow_sugarcane,train,RED ROT,2,2,640,640,40.98,46.13,0.1867,17.61,9.81,26.21,0.7012,91.72
SMP_02910,roboflow_sugarcane,train,RED ROT,2,2,640,640,71.83,29.43,0.2113,15.02,-3.97,22.63,0.6136,146.02
SMP_02911,roboflow_sugarcane,train,RED ROT,2,2,640,640,80.28,42.23,0.2266,13.39,9.75,22.89,0.8496,132.18
SMP_02912,roboflow_sugarcane,train,RED ROT,2,2,640,640,63.77,52.55,0.1428,23.74,22.31,21.89,0.7369,125.27
SMP_02913,roboflow_sugarcane,train,RED ROT,2,2,640,640,73.76,41.61,0.1874,17.3,0.72,21.58,0.6163,146.85
SMP_02914,roboflow_sugarcane,train,RED ROT,2,2,640,640,91.74,48.24,0.1013,25.54,-0.29,20.84,0.7843,175.71
SMP_02915,roboflow_sugarcane,train,RED ROT,2,2,640,640,87.65,56.88,0.1919,25.77,14.11,29.23,0.5669,137.14
SMP_02916,roboflow_sugarcane,train,RED ROT,2,2,640,640,45.52,45.57,0.2075,16.52,5.52,26.31,0.62,183.57
SMP_02917,roboflow_sugarcane,train,RED ROT,2,2,640,640,74.49,36.76,0.2285,23.63,-4.36,29.18,0.6376,104.39
SMP_02918,roboflow_sugarcane,train,RED ROT,2,2,640,640,73.5,44.41,0.2077,16.3,7.71,24.24,0.664,150.94
SMP_02919,roboflow_sugarcane,train,RED ROT,2,2,640,640,76.38,64.98,0.2274,13.7,6.73,25.49,0.7224,157.4
SMP_02920,roboflow_sugarcane,train,RED ROT,2,2,640,640,42.31,68.22,0.2033,11.52,-0.06,14.96,0.6178,69.69
SMP_02921,roboflow_sugarcane,train,RED ROT,2,2,640,640,103.77,23.76,0.1662,20.69,-0.37,30.53,0.6479,156.52
SMP_02922,roboflow_sugarcane,train,RED ROT,2,2,640,640,69.12,61.09,0.1442,14.06,11.95,28.32,0.6692,133.76
SMP_02923,roboflow_sugarcane,train,RED ROT,2,2,640,640,78.59,51.0,0.1868,31.03,-2.9,26.76,0.7257,153.9
SMP_02924,roboflow_sugarcane,train,RED ROT,2,2,640,640,63.38,59.09,0.1617,33.01,-5.97,31.5,0.6559,176.92
SMP_02925,roboflow_sugarcane,train,RED ROT,2,2,640,640,48.53,41.39,0.194,23.8,-1.2,36.21,0.6986,147.85
SMP_02926,roboflow_sugarcane,train,RED ROT,2,2,640,640,75.92,26.78,0.1754,21.95,11.92,21.3,0.7089,133.41
SMP_02927,roboflow_sugarcane,train,RED ROT,2,2,640,640,87.31,55.01,0.221,20.15,2.91,34.49,0.7135,96.46
SMP_02928,roboflow_sugarcane,train,RED ROT,2,2,640,640,70.29,36.71,0.2024,38.99,0.49,33.58,0.497,138.99
SMP_02929,roboflow_sugarcane,train,RED ROT,2,2,640,640,59.43,31.34,0.2224,35.7,4.45,23.52,0.6993,184.52
SMP_02930,roboflow_sugarcane,train,RED ROT,2,2,640,640,88.06,32.18,0.2221,18.36,8.9,19.45,0.5566,49.0
SMP_02931,roboflow_sugarcane,train,RED ROT,2,2,640,640,42.75,55.21,0.191,18.41,17.28,27.69,0.6786,175.81
SMP_02932,roboflow_sugarcane,train,RED ROT,2,2,640,640,54.44,49.67,0.1941,22.62,7.81,32.79,0.6668,159.98
SMP_02933,roboflow_sugarcane,train,RED ROT,2,2,640,640,45.14,57.39,0.2251,10.56,20.68,18.44,0.7252,139.22
SMP_02934,roboflow_sugarcane,train,RED ROT,2,2,640,640,84.64,56.03,0.3223,5.6,10.85,18.52,0.5456,159.73
SMP_02935,roboflow_sugarcane,train,RED ROT,2,2,640,640,90.21,42.95,0.1505,9.3,2.62,29.51,0.6019,176.05
SMP_02936,roboflow_sugarcane,train,RED ROT,2,2,640,640,59.94,47.15,0.2021,17.59,12.13,26.83,0.6497,128.06
SMP_02937,roboflow_sugarcane,train,RED ROT,2,2,640,640,61.45,41.86,0.1402,12.44,10.1,31.13,0.6528,143.93
SMP_02938,roboflow_sugarcane,train,RED ROT,2,2,640,640,62.8,45.48,0.199,31.64,14.3,27.75,0.6984,141.48
SMP_02939,roboflow_sugarcane,train,RED ROT,2,2,640,640,49.92,36.39,0.1663,8.25,10.9,28.22,0.5968,187.32
SMP_02940,roboflow_sugarcane,train,RED ROT,2,2,640,640,52.22,52.69,0.194,9.32,5.91,26.97,0.696,141.21
SMP_02941,roboflow_sugarcane,train,RED ROT,2,2,640,640,53.32,60.9,0.2078,5.32,1.15,26.24,0.6708,145.46
SMP_02942,roboflow_sugarcane,train,RED ROT,2,2,640,640,90.68,38.2,0.1755,14.84,6.08,29.94,0.779,169.98
SMP_02943,roboflow_sugarcane,train,RED ROT,2,2,640,640,92.59,63.38,0.1108,16.81,-6.86,17.89,0.6044,157.08
SMP_02944,roboflow_sugarcane,train,RED ROT,2,2,640,640,97.62,49.36,0.2713,19.36,3.7,25.73,0.7413,148.51
SMP_02945,roboflow_sugarcane,train,RED ROT,2,2,640,640,34.75,50.89,0.242,19.72,-4.44,23.36,0.6636,100.94
SMP_02946,roboflow_sugarcane,train,RED ROT,2,2,640,640,67.56,27.61,0.1935,15.03,8.67,23.01,0.6341,128.64
SMP_02947,roboflow_sugarcane,train,RED ROT,2,2,640,640,64.78,26.31,0.1553,11.58,11.67,29.76,0.7865,152.13
SMP_02948,roboflow_sugarcane,train,RED ROT,2,2,640,640,67.35,49.73,0.2043,23.35,7.52,30.9,0.6496,145.16
SMP_02949,roboflow_sugarcane,train,RED ROT,2,2,640,640,41.33,57.48,0.218,12.8,3.7,30.71,0.7077,136.66
SMP_02950,roboflow_sugarcane,train,RED ROT,2,2,640,640,85.42,39.94,0.2385,26.25,2.72,30.87,0.6647,162.46
SMP_02951,roboflow_sugarcane,train,RED ROT,2,2,640,640,81.76,68.04,0.2431,8.14,14.61,27.67,0.664,206.49
SMP_02952,roboflow_sugarcane,train,RED ROT,2,2,640,640,43.13,56.82,0.2525,14.01,12.89,17.43,0.7219,143.11
SMP_02953,roboflow_sugarcane,train,RED ROT,2,2,640,640,46.67,37.1,0.113,36.34,-3.49,24.51,0.732,160.62
SMP_02954,roboflow_sugarcane,train,RED ROT,2,2,640,640,70.78,48.37,0.1848,37.43,7.04,28.65,0.6271,135.41
SMP_02955,roboflow_sugarcane,train,RED ROT,2,2,640,640,84.21,77.72,0.2497,9.11,7.6,26.89,0.6323,107.98
SMP_02956,roboflow_sugarcane,train,RED ROT,2,2,640,640,76.84,33.09,0.1538,29.66,3.36,31.35,0.4409,132.4
SMP_02957,roboflow_sugarcane,train,RED ROT,2,2,640,640,76.65,54.34,0.261,32.91,-5.93,27.84,0.6563,147.36
SMP_02958,roboflow_sugarcane,train,RED ROT,2,2,640,640,65.95,44.13,0.2905,28.5,-11.44,26.59,0.7776,139.53
SMP_02959,roboflow_sugarcane,train,RED ROT,2,2,640,640,53.38,56.48,0.2596,19.47,6.38,21.23,0.7883,143.89
SMP_02960,roboflow_sugarcane,train,RED ROT,2,2,640,640,39.9,63.21,0.2331,4.56,-8.55,23.99,0.6798,89.03
SMP_02961,roboflow_sugarcane,train,RED ROT,2,2,640,640,45.25,43.37,0.1776,20.68,0.81,32.14,0.7884,126.97
SMP_02962,roboflow_sugarcane,train,RED ROT,2,2,640,640,50.46,61.43,0.2141,23.29,10.48,24.17,0.7608,92.7
SMP_02963,roboflow_sugarcane,train,RED ROT,2,2,640,640,67.73,74.65,0.1327,21.91,8.33,30.81,0.7252,150.47
SMP_02964,roboflow_sugarcane,train,RED ROT,2,2,640,640,42.1,48.8,0.1609,23.82,0.23,15.47,0.5906,140.33
SMP_02965,roboflow_sugarcane,train,RED ROT,2,2,640,640,74.83,57.42,0.1645,13.5,12.16,21.03,0.6613,135.83
SMP_02966,roboflow_sugarcane,train,RED ROT,2,2,640,640,101.53,40.91,0.2031,16.13,9.21,16.32,0.6112,96.68
SMP_02967,roboflow_sugarcane,train,RED ROT,2,2,640,640,83.11,48.23,0.1804,0.85,1.1,12.34,0.6055,136.95
SMP_02968,roboflow_sugarcane,train,RED ROT,2,2,640,640,91.66,45.88,0.2131,27.12,17.17,15.02,0.7028,185.56
SMP_02969,roboflow_sugarcane,train,RED ROT,2,2,640,640,51.78,57.56,0.2439,12.82,8.9,25.01,0.7215,124.62
SMP_02970,roboflow_sugarcane,train,RED ROT,2,2,640,640,68.89,62.46,0.1645,18.01,-1.24,34.72,0.5256,144.47
SMP_02971,roboflow_sugarcane,train,RED ROT,2,2,640,640,88.49,46.68,0.2074,22.03,-11.42,16.38,0.6477,147.54
SMP_02972,roboflow_sugarcane,train,RED ROT,2,2,640,640,74.74,66.4,0.1792,15.52,6.79,26.13,0.6056,95.67
SMP_02973,roboflow_sugarcane,train,RED ROT,2,2,640,640,68.56,66.36,0.2095,11.42,0.96,24.65,0.6811,96.3
SMP_02974,roboflow_sugarcane,train,RED ROT,2,2,640,640,40.76,58.16,0.2343,22.05,5.17,26.3,0.6288,98.13
SMP_02975,roboflow_sugarcane,train,RED ROT,2,2,640,640,64.46,41.81,0.2461,5.73,3.11,24.66,0.7005,152.88
SMP_02976,roboflow_sugarcane,train,RED ROT,2,2,640,640,37.95,40.66,0.2335,26.13,-12.59,21.94,0.7624,177.62
SMP_02977,roboflow_sugarcane,train,RED ROT,2,2,640,640,79.2,38.25,0.2207,25.28,2.66,12.55,0.6848,194.0
SMP_02978,roboflow_sugarcane,train,RED ROT,2,2,640,640,71.11,59.39,0.129,15.6,-3.82,29.41,0.7349,137.26
SMP_02979,roboflow_sugarcane,train,RED ROT,2,2,640,640,70.49,33.46,0.1459,16.05,0.93,32.14,0.7716,174.24
SMP_02980,roboflow_sugarcane,train,RED ROT,2,2,640,640,89.94,56.12,0.1588,12.1,0.37,25.82,0.6903,129.8
SMP_02981,roboflow_sugarcane,train,RED ROT,2,2,640,640,88.68,35.03,0.2179,16.94,5.51,26.31,0.5851,105.51
SMP_02982,roboflow_sugarcane,train,RED ROT,2,2,640,640,57.44,57.88,0.1354,18.39,7.4,17.85,0.5967,115.18
SMP_02983,roboflow_sugarcane,train,RED ROT,2,2,640,640,89.21,48.21,0.2169,17.45,8.69,22.99,0.6722,128.8
SMP_02984,roboflow_sugarcane,train,RED ROT,2,2,640,640,65.83,64.0,0.2132,31.59,-14.18,29.18,0.8068,140.2
SMP_02985,roboflow_sugarcane,train,RED ROT,2,2,640,640,56.29,61.7,0.1032,6.01,16.37,19.92,0.5532,138.94
SMP_02986,roboflow_sugarcane,train,RED ROT,2,2,640,640,27.64,65.22,0.1456,12.74,-8.06,25.33,0.7098,158.99
SMP_02987,roboflow_sugarcane,train,RED ROT,2,2,640,640,41.42,65.53,0.2522,25.85,4.89,38.88,0.6969,134.98
SMP_02988,roboflow_sugarcane,train,RED ROT,2,2,640,640,81.85,49.72,0.2349,36.44,-1.63,27.29,0.7202,169.75
SMP_02989,roboflow_sugarcane,train,RED ROT,2,2,640,640,39.0,34.09,0.1575,13.09,7.36,19.24,0.6721,121.35
SMP_02990,roboflow_sugarcane,train,RED ROT,2,2,640,640,35.96,35.37,0.1483,28.1,-9.64,42.72,0.6806,128.49
SMP_02991,roboflow_sugarcane,train,RED ROT,2,2,640,640,39.52,22.96,0.0775,10.8,17.39,28.23,0.6773,190.14
SMP_02992,roboflow_sugarcane,train,RED ROT,2,2,640,640,65.73,35.0,0.2736,16.89,2.13,21.07,0.6053,79.53
SMP_02993,roboflow_sugarcane,train,RED ROT,2,2,640,640,35.65,48.83,0.2021,20.08,9.0,25.4,0.5301,213.76
SMP_02994,roboflow_sugarcane,train,RED ROT,2,2,640,640,78.99,41.28,0.2942,14.48,-1.4,15.79,0.82,156.62
SMP_02995,roboflow_sugarcane,train,RED ROT,2,2,640,640,49.55,45.84,0.1904,16.65,18.29,21.08,0.6623,232.28
SMP_02996,roboflow_sugarcane,train,RED ROT,2,2,640,640,54.41,53.91,0.2141,9.09,-5.98,31.24,0.6038,182.03
SMP_02997,roboflow_sugarcane,train,RED ROT,2,2,640,640,45.95,44.35,0.2446,25.39,-16.05,18.58,0.7565,134.46
SMP_02998,roboflow_sugarcane,train,RED ROT,2,2,640,640,40.92,34.54,0.2819,12.82,15.9,17.52,0.6453,102.74
SMP_02999,roboflow_sugarcane,train,RED ROT,2,2,640,640,44.04,47.36,0.2251,14.69,-4.41,31.65,0.699,187.46
SMP_03000,roboflow_sugarcane,train,RED ROT,2,2,640,640,64.0,37.22,0.2001,13.74,4.44,39.18,0.713,91.75
SMP_03001,roboflow_sugarcane,train,RED ROT,2,2,640,640,70.93,44.75,0.2014,14.17,17.47,29.3,0.6315,155.69
SMP_03002,roboflow_sugarcane,train,RED ROT,2,2,640,640,77.51,64.11,0.1477,21.16,1.76,36.61,0.7237,113.27
SMP_03003,roboflow_sugarcane,train,RED ROT,2,2,640,640,95.28,44.75,0.1809,20.5,7.08,19.11,0.6629,170.86
SMP_03004,roboflow_sugarcane,train,RED ROT,2,2,640,640,67.52,69.25,0.2026,40.15,11.52,28.78,0.7449,93.16
SMP_03005,roboflow_sugarcane,train,RED ROT,2,2,640,640,48.53,65.18,0.2691,18.04,5.24,32.78,0.7542,164.17
SMP_03006,roboflow_sugarcane,train,RED ROT,2,2,640,640,65.69,41.05,0.1785,19.2,15.41,22.95,0.7309,156.1
SMP_03007,roboflow_sugarcane,train,RED ROT,2,2,640,640,62.63,34.67,0.2531,30.7,10.64,20.29,0.4915,148.13
SMP_03008,roboflow_sugarcane,train,RED ROT,2,2,640,640,34.49,47.37,0.1959,21.8,-2.15,25.37,0.7057,152.27
SMP_03009,roboflow_sugarcane,train,RED ROT,2,2,640,640,62.57,61.84,0.2622,19.21,10.85,28.11,0.7524,147.66
SMP_03010,roboflow_sugarcane,train,RED ROT,2,2,640,640,68.23,42.12,0.2338,18.93,4.73,24.64,0.6643,118.69
SMP_03011,roboflow_sugarcane,train,RED ROT,2,2,640,640,74.6,58.9,0.2305,21.55,4.76,27.25,0.57,104.77
SMP_03012,roboflow_sugarcane,train,RED ROT,2,2,640,640,43.0,62.5,0.2489,27.8,7.66,18.49,0.6654,137.11
SMP_03013,roboflow_sugarcane,train,RED ROT,2,2,640,640,84.72,38.71,0.2417,30.76,12.36,27.79,0.6019,202.65
SMP_03014,roboflow_sugarcane,train,RED ROT,2,2,640,640,52.91,39.89,0.2532,28.25,-2.7,30.55,0.6814,158.22
SMP_03015,roboflow_sugarcane,train,RED ROT,2,2,640,640,51.89,56.55,0.3066,23.74,15.44,27.66,0.6516,119.52
SMP_03016,roboflow_sugarcane,train,RED ROT,2,2,640,640,53.85,49.82,0.2808,21.69,14.95,21.32,0.7008,162.92
SMP_03017,roboflow_sugarcane,train,RED ROT,2,2,640,640,86.98,39.77,0.2233,36.31,-0.06,16.32,0.4899,133.12
SMP_03018,roboflow_sugarcane,train,RED ROT,2,2,640,640,57.96,43.77,0.1779,16.2,19.07,26.57,0.7678,115.44
SMP_03019,roboflow_sugarcane,train,RED ROT,2,2,640,640,74.62,47.15,0.2183,25.59,3.61,22.57,0.7289,178.1
SMP_03020,roboflow_sugarcane,train,RED ROT,2,2,640,640,77.69,29.22,0.1037,29.39,9.54,35.72,0.5986,163.03
SMP_03021,roboflow_sugarcane,train,RED ROT,2,2,640,640,55.93,57.19,0.2414,28.35,1.31,34.51,0.6906,140.46
SMP_03022,roboflow_sugarcane,train,RED ROT,2,2,640,640,55.31,42.26,0.147,13.9,11.56,14.8,0.7392,185.91
SMP_03023,roboflow_sugarcane,train,RED ROT,2,2,640,640,66.15,14.6,0.2561,42.52,1.44,24.41,0.6385,156.28
SMP_03024,roboflow_sugarcane,train,RED ROT,2,2,640,640,51.37,47.71,0.299,33.36,6.28,21.45,0.6723,147.76
SMP_03025,roboflow_sugarcane,train,RED ROT,2,2,640,640,69.11,39.1,0.1275,28.48,-15.95,18.88,0.5427,87.84
SMP_03026,roboflow_sugarcane,train,RED ROT,2,2,640,640,63.79,68.27,0.1975,11.95,1.23,24.99,0.532,180.03
SMP_03027,roboflow_sugarcane,train,RED ROT,2,2,640,640,71.11,40.97,0.1468,27.84,0.48,21.26,0.5894,94.83
SMP_03028,roboflow_sugarcane,train,RED ROT,2,2,640,640,87.09,34.83,0.1136,1.51,-10.13,20.52,0.6402,146.98
SMP_03029,roboflow_sugarcane,train,RED ROT,2,2,640,640,63.33,54.1,0.1947,18.14,11.15,19.89,0.7937,150.48
SMP_03030,roboflow_sugarcane,train,RED ROT,2,2,640,640,83.81,40.07,0.2318,20.85,1.92,33.96,0.6766,126.45
SMP_03031,roboflow_sugarcane,train,RED ROT,2,2,640,640,88.5,38.65,0.2377,16.41,-9.54,24.81,0.5331,109.05
SMP_03032,roboflow_sugarcane,train,RED ROT,2,2,640,640,90.21,54.11,0.2077,32.67,9.81,25.63,0.6903,145.73
SMP_03033,roboflow_sugarcane,train,RED ROT,2,2,640,640,82.67,35.51,0.1168,20.83,13.72,33.57,0.7069,160.19
SMP_03034,roboflow_sugarcane,train,RED ROT,2,2,640,640,67.91,30.51,0.2062,12.31,3.92,24.1,0.6226,121.09
SMP_03035,roboflow_sugarcane,train,RED ROT,2,2,640,640,58.95,68.71,0.1254,26.03,-7.08,27.92,0.6811,123.93
SMP_03036,roboflow_sugarcane,train,RED ROT,2,2,640,640,90.79,54.95,0.1287,23.19,-10.07,21.66,0.7582,107.61
SMP_03037,roboflow_sugarcane,train,RED ROT,2,2,640,640,75.81,44.83,0.1502,5.97,-4.8,23.02,0.655,92.46
SMP_03038,roboflow_sugarcane,train,RED ROT,2,2,640,640,82.05,47.96,0.2525,30.7,-1.64,26.73,0.6461,137.11
SMP_03039,roboflow_sugarcane,train,RED ROT,2,2,640,640,85.74,54.07,0.2273,20.81,18.68,27.2,0.6294,119.67
SMP_03040,roboflow_sugarcane,train,RED ROT,2,2,640,640,85.59,59.68,0.2161,27.88,3.37,30.47,0.7091,161.62
SMP_03041,roboflow_sugarcane,train,RED ROT,2,2,640,640,52.19,38.93,0.1569,23.28,-5.18,32.43,0.6448,161.21
SMP_03042,roboflow_sugarcane,train,RED ROT,2,2,640,640,63.32,52.39,0.1806,17.31,0.08,25.68,0.6807,159.18
SMP_03043,roboflow_sugarcane,train,RED ROT,2,2,640,640,50.8,41.92,0.1315,23.39,13.57,32.48,0.6178,119.59
SMP_03044,roboflow_sugarcane,train,RED ROT,2,2,640,640,44.15,45.73,0.2682,19.19,9.44,21.06,0.641,169.39
SMP_03045,roboflow_sugarcane,train,RED ROT,2,2,640,640,55.33,49.93,0.3099,22.33,5.37,30.24,0.814,112.4
SMP_03046,roboflow_sugarcane,train,RED ROT,2,2,640,640,73.73,47.92,0.2278,24.81,3.65,21.59,0.624,166.15
SMP_03047,roboflow_sugarcane,train,RED ROT,2,2,640,640,50.03,56.83,0.2366,21.18,5.03,21.8,0.7847,155.9
SMP_03048,roboflow_sugarcane,train,RED ROT,2,2,640,640,80.08,53.85,0.1921,23.72,6.25,32.19,0.6023,162.23
SMP_03049,roboflow_sugarcane,train,RED ROT,2,2,640,640,57.09,29.9,0.119,17.02,3.45,12.6,0.7909,99.2
SMP_03050,roboflow_sugarcane,train,RED ROT,2,2,640,640,83.76,31.71,0.1578,15.43,5.82,29.98,0.6696,179.06
SMP_03051,roboflow_sugarcane,train,RED ROT,2,2,640,640,66.04,43.56,0.1767,26.2,2.59,27.19,0.7051,146.32
SMP_03052,roboflow_sugarcane,train,RED ROT,2,2,640,640,56.61,69.94,0.1807,31.6,-1.85,27.01,0.6148,140.28
SMP_03053,roboflow_sugarcane,train,RED ROT,2,2,640,640,81.44,37.78,0.1692,15.86,2.89,35.71,0.6983,113.09
SMP_03054,roboflow_sugarcane,train,RED ROT,2,2,640,640,60.24,45.5,0.2024,22.52,7.64,19.56,0.7056,123.37
SMP_03055,roboflow_sugarcane,train,RED ROT,2,2,640,640,44.29,41.56,0.1575,8.73,-0.82,18.94,0.6806,134.59
SMP_03056,roboflow_sugarcane,train,RED ROT,2,2,640,640,87.37,41.35,0.3084,34.44,8.37,32.66,0.5807,135.63
SMP_03057,roboflow_sugarcane,train,RED ROT,2,2,640,640,96.59,50.14,0.1317,29.17,11.64,24.73,0.6189,191.86
SMP_03058,roboflow_sugarcane,train,RED ROT,2,2,640,640,61.32,64.81,0.2444,15.33,7.73,33.28,0.5914,139.19
SMP_03059,roboflow_sugarcane,train,RED ROT,2,2,640,640,62.3,53.47,0.1869,17.18,0.51,29.95,0.6765,132.13
SMP_03060,roboflow_sugarcane,train,RED ROT,2,2,640,640,80.42,38.36,0.2231,29.67,5.77,27.98,0.6109,134.61
SMP_03061,roboflow_sugarcane,train,RED ROT,2,2,640,640,88.92,81.04,0.2254,21.41,6.23,24.75,0.5959,153.29
SMP_03062,roboflow_sugarcane,train,RED ROT,2,2,640,640,61.14,48.94,0.2079,25.06,6.59,24.48,0.5975,148.12
SMP_03063,roboflow_sugarcane,train,RED ROT,2,2,640,640,53.35,41.07,0.1433,12.11,16.92,37.92,0.617,109.73
SMP_03064,roboflow_sugarcane,train,RED ROT,2,2,640,640,62.28,64.95,0.1834,24.62,-4.26,22.33,0.8567,196.66
SMP_03065,roboflow_sugarcane,train,RED ROT,2,2,640,640,86.28,42.37,0.2085,18.81,6.65,32.24,0.709,134.6
SMP_03066,roboflow_sugarcane,train,RED ROT,2,2,640,640,50.1,67.95,0.2053,22.39,1.8,20.46,0.6845,101.49
SMP_03067,roboflow_sugarcane,train,RED ROT,2,2,640,640,52.94,37.55,0.1488,16.82,-4.97,20.65,0.6982,121.63
SMP_03068,roboflow_sugarcane,train,RED ROT,2,2,640,640,75.46,65.16,0.2646,18.31,-5.06,27.1,0.5358,140.24
SMP_03069,roboflow_sugarcane,train,RED ROT,2,2,640,640,59.71,50.41,0.0753,20.83,12.02,25.08,0.7384,191.22
SMP_03070,roboflow_sugarcane,train,RED ROT,2,2,640,640,88.72,63.49,0.1875,15.32,-6.23,31.77,0.7313,134.37
SMP_03071,roboflow_sugarcane,train,RED ROT,2,2,640,640,58.14,70.82,0.1539,38.15,7.39,24.34,0.7089,115.7
SMP_03072,roboflow_sugarcane,train,RED ROT,2,2,640,640,68.62,34.41,0.2091,11.56,6.05,22.89,0.7228,131.12
SMP_03073,roboflow_sugarcane,train,RED ROT,2,2,640,640,83.02,63.31,0.2508,24.0,-1.86,18.37,0.6854,137.77
SMP_03074,roboflow_sugarcane,train,RED ROT,2,2,640,640,84.2,31.09,0.1297,22.42,11.69,40.02,0.6694,137.22
SMP_03075,roboflow_sugarcane,train,RED ROT,2,2,640,640,49.27,35.43,0.3177,26.09,-4.45,17.11,0.6837,88.26
SMP_03076,roboflow_sugarcane,train,RED ROT,2,2,640,640,50.46,38.36,0.2101,-0.0,0.61,44.7,0.5182,110.96
SMP_03077,roboflow_sugarcane,train,RED ROT,2,2,640,640,66.13,54.04,0.2191,6.5,-3.73,30.02,0.8142,165.74
SMP_03078,roboflow_sugarcane,train,RED ROT,2,2,640,640,76.54,48.4,0.128,15.61,11.12,28.7,0.5608,153.41
SMP_03079,roboflow_sugarcane,train,RED ROT,2,2,640,640,60.94,45.99,0.1977,27.36,14.47,16.96,0.7599,151.58
SMP_03080,roboflow_sugarcane,train,RED ROT,2,2,640,640,52.49,49.75,0.2486,17.89,6.99,29.28,0.7404,123.04
SMP_03081,roboflow_sugarcane,train,RED ROT,2,2,640,640,45.04,55.1,0.2105,17.56,25.31,16.69,0.6939,95.87
SMP_03082,roboflow_sugarcane,train,RED ROT,2,2,640,640,53.35,56.02,0.207,20.13,8.57,25.01,0.5115,143.95
SMP_03083,roboflow_sugarcane,train,RED ROT,2,2,640,640,66.26,61.13,0.1974,13.27,10.06,32.59,0.6985,153.77
SMP_03084,roboflow_sugarcane,train,RED ROT,2,2,640,640,78.13,69.84,0.1311,23.76,13.05,17.34,0.7985,196.43
SMP_03085,roboflow_sugarcane,train,RED ROT,2,2,640,640,66.35,47.74,0.1308,21.54,-0.38,29.93,0.6862,116.38
SMP_03086,roboflow_sugarcane,train,RED ROT,2,2,640,640,93.33,41.75,0.2585,24.02,8.27,23.83,0.6571,161.3
SMP_03087,roboflow_sugarcane,train,RED ROT,2,2,640,640,57.65,55.36,0.2441,32.13,-2.74,29.38,0.6666,158.08
SMP_03088,roboflow_sugarcane,train,RED ROT,2,2,640,640,75.3,34.27,0.2515,18.16,-5.54,17.94,0.6982,86.14
SMP_03089,roboflow_sugarcane,train,RED ROT,2,2,640,640,91.49,39.86,0.1589,20.88,13.74,33.96,0.486,151.2
SMP_03090,roboflow_sugarcane,train,RED ROT,2,2,640,640,83.87,59.99,0.1921,12.12,-1.8,30.16,0.7196,115.65
SMP_03091,roboflow_sugarcane,train,RED ROT,2,2,640,640,50.35,46.51,0.2616,9.98,6.47,20.95,0.6126,158.06
SMP_03092,roboflow_sugarcane,train,RED ROT,2,2,640,640,43.9,33.5,0.1386,19.94,18.05,21.34,0.7065,163.03
SMP_03093,roboflow_sugarcane,train,RED ROT,2,2,640,640,74.68,30.12,0.2565,20.82,-9.49,33.62,0.8062,121.56
SMP_03094,roboflow_sugarcane,train,RED ROT,2,2,640,640,66.92,48.58,0.1707,25.52,10.21,23.44,0.6401,153.59
SMP_03095,roboflow_sugarcane,train,RED ROT,2,2,640,640,120.94,61.7,0.1572,24.6,4.82,20.95,0.6057,198.54
SMP_03096,roboflow_sugarcane,train,RED ROT,2,2,640,640,100.13,61.54,0.1984,22.03,4.44,29.13,0.6853,151.96
SMP_03097,roboflow_sugarcane,train,RED ROT,2,2,640,640,96.61,49.33,0.1441,33.48,5.48,29.86,0.799,132.39
SMP_03098,roboflow_sugarcane,train,RED ROT,2,2,640,640,82.15,72.11,0.1052,17.5,5.14,22.67,0.6992,147.91
SMP_03099,roboflow_sugarcane,train,RED ROT,2,2,640,640,79.3,46.74,0.2038,18.48,9.19,34.59,0.7581,124.59
SMP_03100,roboflow_sugarcane,train,RED ROT,2,2,640,640,95.33,46.34,0.2267,22.27,-3.41,25.99,0.7247,116.58
SMP_03101,roboflow_sugarcane,train,RED ROT,2,2,640,640,67.88,17.19,0.2608,10.53,9.02,31.48,0.7621,171.41
SMP_03102,roboflow_sugarcane,train,RED ROT,2,2,640,640,47.8,42.63,0.2303,25.5,-4.02,31.46,0.6353,135.8
SMP_03103,roboflow_sugarcane,train,RED ROT,2,2,640,640,81.72,58.22,0.2983,20.57,21.83,18.06,0.7849,160.36
SMP_03104,roboflow_sugarcane,train,RED ROT,2,2,640,640,42.91,66.77,0.2681,20.72,4.16,32.95,0.7235,126.32
SMP_03105,roboflow_sugarcane,train,RED ROT,2,2,640,640,64.59,38.04,0.2369,24.34,6.44,32.14,0.5839,168.46
SMP_03106,roboflow_sugarcane,train,RED ROT,2,2,640,640,46.07,53.55,0.2234,23.01,19.17,28.01,0.6661,158.0
SMP_03107,roboflow_sugarcane,train,RED ROT,2,2,640,640,39.68,60.56,0.2615,23.29,-1.2,11.53,0.6922,192.76
SMP_03108,roboflow_sugarcane,train,RED ROT,2,2,640,640,34.04,48.13,0.0893,16.88,4.91,27.41,0.6876,147.06
SMP_03109,roboflow_sugarcane,train,RED ROT,2,2,640,640,40.0,20.6,0.176,32.56,-6.28,20.55,0.6752,140.13
SMP_03110,roboflow_sugarcane,train,RED ROT,2,2,640,640,83.87,50.97,0.1071,8.3,-2.76,17.81,0.6979,131.15
SMP_03111,roboflow_sugarcane,train,RED ROT,2,2,640,640,44.76,57.14,0.2332,14.52,-6.39,25.06,0.6979,149.35
SMP_03112,roboflow_sugarcane,train,RED ROT,2,2,640,640,34.27,36.63,0.1629,15.58,11.39,12.92,0.6426,139.85
SMP_03113,roboflow_sugarcane,train,RED ROT,2,2,640,640,49.3,44.95,0.351,14.23,9.56,25.38,0.709,153.97
SMP_03114,roboflow_sugarcane,train,RED ROT,2,2,640,640,51.84,34.13,0.1741,6.03,1.5,32.55,0.7349,115.2
SMP_03115,roboflow_sugarcane,train,RED ROT,2,2,640,640,73.34,17.16,0.2053,33.15,0.95,29.29,0.8044,150.73
SMP_03116,roboflow_sugarcane,train,RUST,1,1,640,640,52.5,14.86,0.3294,6.57,28.23,38.8,0.4941,140.6
SMP_03117,roboflow_sugarcane,train,RUST,1,1,640,640,78.76,23.89,0.2741,20.63,29.42,35.97,0.5223,150.92
SMP_03118,roboflow_sugarcane,train,RUST,1,1,640,640,88.89,25.76,0.264,10.42,34.7,37.15,0.5889,86.1
SMP_03119,roboflow_sugarcane,train,RUST,1,1,640,640,75.77,26.91,0.2019,9.05,33.48,35.61,0.5488,130.53
SMP_03120,roboflow_sugarcane,train,RUST,1,1,640,640,77.64,22.19,0.2544,7.09,25.3,48.13,0.498,182.51
SMP_03121,roboflow_sugarcane,train,RUST,1,1,640,640,48.03,39.18,0.2491,3.52,24.7,32.69,0.6215,123.45
SMP_03122,roboflow_sugarcane,train,RUST,1,1,640,640,43.92,22.63,0.2482,-1.75,23.42,45.94,0.4851,132.94
SMP_03123,roboflow_sugarcane,train,RUST,1,1,640,640,43.63,22.62,0.2933,15.61,32.06,34.63,0.43,126.31
SMP_03124,roboflow_sugarcane,train,RUST,1,1,640,640,75.17,19.22,0.2849,4.1,26.72,45.73,0.6026,104.57
SMP_03125,roboflow_sugarcane,train,RUST,1,1,640,640,43.5,24.74,0.2255,7.05,42.23,43.09,0.5228,117.55
SMP_03126,roboflow_sugarcane,train,RUST,1,1,640,640,86.52,27.69,0.2281,7.47,24.56,37.73,0.594,125.47
SMP_03127,roboflow_sugarcane,train,RUST,1,1,640,640,49.49,31.22,0.228,15.17,35.65,39.81,0.5038,159.22
SMP_03128,roboflow_sugarcane,train,RUST,1,1,640,640,37.1,15.06,0.3524,4.17,35.71,30.23,0.5045,133.83
SMP_03129,roboflow_sugarcane,train,RUST,1,1,640,640,44.18,22.52,0.3397,9.29,35.52,42.04,0.4771,166.74
SMP_03130,roboflow_sugarcane,train,RUST,1,1,640,640,68.7,26.68,0.2459,10.56,22.69,44.63,0.5614,146.48
SMP_03131,roboflow_sugarcane,train,RUST,1,1,640,640,73.79,27.52,0.2009,1.08,24.41,47.36,0.5911,118.92
SMP_03132,roboflow_sugarcane,train,RUST,1,1,640,640,36.54,24.04,0.2851,0.61,23.87,35.73,0.608,67.98
SMP_03133,roboflow_sugarcane,train,RUST,1,1,640,640,80.84,27.25,0.2819,4.42,35.32,53.4,0.6385,194.92
SMP_03134,roboflow_sugarcane,train,RUST,1,1,640,640,45.85,19.15,0.2927,9.22,21.85,35.78,0.5812,157.72
SMP_03135,roboflow_sugarcane,train,RUST,1,1,640,640,68.64,33.35,0.3097,8.58,20.95,34.85,0.4893,120.87
SMP_03136,roboflow_sugarcane,train,RUST,1,1,640,640,59.57,29.96,0.2981,7.4,29.86,36.83,0.6269,180.96
SMP_03137,roboflow_sugarcane,train,RUST,1,1,640,640,64.33,15.93,0.2353,11.26,15.71,36.9,0.5592,143.61
SMP_03138,roboflow_sugarcane,train,RUST,1,1,640,640,63.06,17.55,0.2918,3.72,30.38,27.96,0.603,137.45
SMP_03139,roboflow_sugarcane,train,RUST,1,1,640,640,37.39,17.72,0.3142,7.15,17.01,30.08,0.5255,202.29
SMP_03140,roboflow_sugarcane,train,RUST,1,1,640,640,46.31,28.07,0.251,7.43,22.12,29.45,0.5585,157.48
SMP_03141,roboflow_sugarcane,train,RUST,1,1,640,640,61.22,16.29,0.292,3.85,33.09,39.65,0.5582,184.77
SMP_03142,roboflow_sugarcane,train,RUST,1,1,640,640,93.3,22.01,0.2579,19.51,21.11,48.47,0.4842,184.87
SMP_03143,roboflow_sugarcane,train,RUST,1,1,640,640,62.89,26.73,0.3598,-2.8,27.15,33.32,0.4426,129.4
SMP_03144,roboflow_sugarcane,train,RUST,1,1,640,640,92.08,23.6,0.2269,14.2,33.46,37.1,0.5249,121.89
SMP_03145,roboflow_sugarcane,train,RUST,1,1,640,640,58.08,25.55,0.3262,12.0,17.03,32.35,0.6377,170.2
SMP_03146,roboflow_sugarcane,train,RUST,1,1,640,640,53.78,17.61,0.2132,12.04,26.21,42.62,0.5333,167.12
SMP_03147,roboflow_sugarcane,train,RUST,1,1,640,640,69.69,27.57,0.3517,8.48,29.53,39.87,0.5497,148.65
SMP_03148,roboflow_sugarcane,train,RUST,1,1,640,640,52.55,20.32,0.2343,14.67,15.06,44.46,0.5463,155.55
SMP_03149,roboflow_sugarcane,train,RUST,1,1,640,640,45.89,22.05,0.2876,5.76,17.74,30.96,0.6095,132.07
SMP_03150,roboflow_sugarcane,train,RUST,1,1,640,640,61.47,25.43,0.2148,9.96,36.31,37.74,0.4788,124.39
SMP_03151,roboflow_sugarcane,train,RUST,1,1,640,640,46.4,24.62,0.226,8.37,16.98,36.36,0.5988,119.43
SMP_03152,roboflow_sugarcane,train,RUST,1,1,640,640,69.76,24.14,0.3159,6.84,22.55,36.81,0.5389,182.73
SMP_03153,roboflow_sugarcane,train,RUST,1,1,640,640,49.13,19.5,0.3211,8.61,10.89,44.96,0.5487,214.77
SMP_03154,roboflow_sugarcane,train,RUST,1,1,640,640,56.13,22.2,0.2896,3.26,19.5,34.0,0.576,131.78
SMP_03155,roboflow_sugarcane,train,RUST,1,1,640,640,75.8,24.01,0.3096,4.68,30.43,34.85,0.546,155.11
SMP_03156,roboflow_sugarcane,train,RUST,1,1,640,640,43.6,15.75,0.3218,15.9,31.71,32.46,0.5673,143.62
SMP_03157,roboflow_sugarcane,train,RUST,1,1,640,640,57.82,21.22,0.2526,22.41,30.56,53.1,0.5127,156.57
SMP_03158,roboflow_sugarcane,train,RUST,1,1,640,640,55.26,26.33,0.224,10.6,24.76,31.33,0.621,123.03
SMP_03159,roboflow_sugarcane,train,RUST,1,1,640,640,83.4,16.34,0.2795,12.17,17.47,42.16,0.5567,141.05
SMP_03160,roboflow_sugarcane,train,RUST,1,1,640,640,58.44,30.94,0.2569,9.26,27.89,28.41,0.6099,114.6
SMP_03161,roboflow_sugarcane,train,RUST,1,1,640,640,40.33,31.62,0.2955,10.28,21.91,41.24,0.5826,139.08
SMP_03162,roboflow_sugarcane,train,RUST,1,1,640,640,43.26,16.53,0.3019,10.72,13.74,29.96,0.6052,150.55
SMP_03163,roboflow_sugarcane,train,RUST,1,1,640,640,45.11,32.15,0.2527,13.18,25.2,39.06,0.6053,194.56
SMP_03164,roboflow_sugarcane,train,RUST,1,1,640,640,44.74,23.14,0.3082,15.68,33.89,40.18,0.5655,124.54
SMP_03165,roboflow_sugarcane,train,RUST,1,1,640,640,84.72,26.51,0.3062,3.58,32.77,37.48,0.6055,156.28
SMP_03166,roboflow_sugarcane,train,RUST,1,1,640,640,45.03,21.02,0.3089,22.14,33.24,42.94,0.5757,200.34
SMP_03167,roboflow_sugarcane,train,RUST,1,1,640,640,72.52,29.54,0.2637,8.69,27.12,41.26,0.671,141.66
SMP_03168,roboflow_sugarcane,train,RUST,1,1,640,640,65.7,26.44,0.3112,8.69,18.49,33.22,0.5592,77.26
SMP_03169,roboflow_sugarcane,train,RUST,1,1,640,640,48.38,19.12,0.3008,5.94,29.11,41.44,0.5737,93.84
SMP_03170,roboflow_sugarcane,train,RUST,1,1,640,640,67.68,17.01,0.3056,5.95,26.06,39.59,0.5959,149.33
SMP_03171,roboflow_sugarcane,train,RUST,1,1,640,640,58.27,15.24,0.3471,11.08,23.2,44.7,0.521,131.9
SMP_03172,roboflow_sugarcane,train,RUST,1,1,640,640,61.39,25.13,0.2931,11.19,29.67,27.84,0.6028,125.65
SMP_03173,roboflow_sugarcane,train,RUST,1,1,640,640,94.08,27.43,0.2557,10.83,28.2,38.79,0.5263,205.58
SMP_03174,roboflow_sugarcane,train,RUST,1,1,640,640,57.9,27.91,0.2356,5.73,20.66,38.67,0.5239,149.62
SMP_03175,roboflow_sugarcane,train,RUST,1,1,640,640,77.31,23.29,0.3251,-5.51,20.34,35.4,0.5223,156.23
SMP_03176,roboflow_sugarcane,train,RUST,1,1,640,640,59.63,17.06,0.2943,-0.98,16.93,45.41,0.4148,158.92
SMP_03177,roboflow_sugarcane,train,RUST,1,1,640,640,40.72,19.91,0.3468,8.07,26.8,33.03,0.5754,123.88
SMP_03178,roboflow_sugarcane,train,RUST,1,1,640,640,70.83,30.91,0.1988,9.68,31.35,42.99,0.5526,155.96
SMP_03179,roboflow_sugarcane,train,RUST,1,1,640,640,36.22,21.09,0.3164,5.9,20.86,32.93,0.5555,116.09
SMP_03180,roboflow_sugarcane,train,RUST,1,1,640,640,41.44,24.86,0.2696,4.54,17.54,47.28,0.5807,141.08
SMP_03181,roboflow_sugarcane,train,RUST,1,1,640,640,49.65,17.55,0.2659,9.48,28.52,40.84,0.5493,129.28
SMP_03182,roboflow_sugarcane,train,RUST,1,1,640,640,61.72,26.02,0.2494,7.46,36.05,27.1,0.5928,103.78
SMP_03183,roboflow_sugarcane,train,RUST,1,1,640,640,66.16,21.25,0.316,5.62,38.93,45.96,0.5135,133.39
SMP_03184,roboflow_sugarcane,train,RUST,1,1,640,640,95.05,30.28,0.3045,-0.08,35.61,41.94,0.4813,135.06
SMP_03185,roboflow_sugarcane,train,RUST,1,1,640,640,83.86,28.64,0.2343,3.78,24.65,38.64,0.5367,122.0
SMP_03186,roboflow_sugarcane,train,RUST,1,1,640,640,57.0,21.03,0.2866,12.66,18.69,33.52,0.561,140.2
SMP_03187,roboflow_sugarcane,train,RUST,1,1,640,640,57.17,23.24,0.3082,3.19,29.25,32.02,0.5692,98.84
SMP_03188,roboflow_sugarcane,train,RUST,1,1,640,640,50.63,20.69,0.2871,11.32,24.51,41.54,0.5678,58.94
SMP_03189,roboflow_sugarcane,train,RUST,1,1,640,640,82.91,15.48,0.3243,14.93,23.61,27.21,0.6923,63.16
SMP_03190,roboflow_sugarcane,train,RUST,1,1,640,640,74.34,18.86,0.2684,4.04,38.3,33.26,0.4226,137.08
SMP_03191,roboflow_sugarcane,train,RUST,1,1,640,640,52.36,25.19,0.1898,5.78,34.7,42.88,0.5688,155.86
SMP_03192,roboflow_sugarcane,train,RUST,1,1,640,640,87.23,25.95,0.2875,12.94,29.46,28.15,0.5266,148.69
SMP_03193,roboflow_sugarcane,train,RUST,1,1,640,640,50.17,24.89,0.2872,14.16,24.32,28.47,0.5901,174.96
SMP_03194,roboflow_sugarcane,train,RUST,1,1,640,640,39.78,22.19,0.2924,4.78,25.05,41.65,0.5777,154.17
SMP_03195,roboflow_sugarcane,train,RUST,1,1,640,640,40.01,29.6,0.3243,-0.11,14.19,36.14,0.5359,129.75
SMP_03196,roboflow_sugarcane,train,RUST,1,1,640,640,75.23,24.38,0.2019,14.27,32.32,49.65,0.485,123.72
SMP_03197,roboflow_sugarcane,train,RUST,1,1,640,640,52.71,28.22,0.2705,10.92,34.08,35.86,0.5206,180.01
SMP_03198,roboflow_sugarcane,train,RUST,1,1,640,640,61.07,13.36,0.2431,10.0,19.65,27.14,0.5322,208.83
SMP_03199,roboflow_sugarcane,train,RUST,1,1,640,640,62.97,0.47,0.2317,12.58,20.6,45.93,0.4802,149.31
SMP_03200,roboflow_sugarcane,train,RUST,1,1,640,640,63.04,25.7,0.2771,2.07,31.83,28.69,0.609,161.4
SMP_03201,roboflow_sugarcane,train,RUST,1,1,640,640,53.14,15.45,0.3081,9.96,22.73,30.93,0.6312,104.21
SMP_03202,roboflow_sugarcane,train,RUST,1,1,640,640,82.98,22.73,0.292,6.57,32.95,35.65,0.5063,93.25
SMP_03203,roboflow_sugarcane,train,RUST,1,1,640,640,37.13,22.19,0.2525,11.01,19.53,39.14,0.4419,182.37
SMP_03204,roboflow_sugarcane,train,RUST,1,1,640,640,70.8,33.52,0.2742,12.0,22.82,40.67,0.5158,94.41
SMP_03205,roboflow_sugarcane,train,RUST,1,1,640,640,57.08,26.4,0.3172,12.88,28.63,44.72,0.4598,164.84
SMP_03206,roboflow_sugarcane,train,RUST,1,1,640,640,68.76,25.0,0.3073,10.99,22.73,19.97,0.5864,198.8
SMP_03207,roboflow_sugarcane,train,RUST,1,1,640,640,37.36,29.02,0.2579,9.25,22.33,31.41,0.507,189.48
SMP_03208,roboflow_sugarcane,train,RUST,1,1,640,640,49.05,26.21,0.2553,9.42,22.17,45.41,0.4545,134.9
SMP_03209,roboflow_sugarcane,train,RUST,1,1,640,640,52.54,21.25,0.2113,9.83,29.86,31.74,0.4768,128.82
SMP_03210,roboflow_sugarcane,train,RUST,1,1,640,640,42.62,30.43,0.2628,4.88,31.74,37.64,0.4662,147.27
SMP_03211,roboflow_sugarcane,train,RUST,1,1,640,640,49.27,17.34,0.2106,6.15,28.45,47.43,0.5941,108.07
SMP_03212,roboflow_sugarcane,train,RUST,1,1,640,640,53.86,25.94,0.3627,10.01,20.12,36.8,0.5024,137.98
SMP_03213,roboflow_sugarcane,train,RUST,1,1,640,640,39.97,14.71,0.2458,11.25,34.58,36.17,0.54,172.55
SMP_03214,roboflow_sugarcane,train,RUST,1,1,640,640,65.52,25.22,0.3244,4.75,26.79,36.88,0.5542,208.81
SMP_03215,roboflow_sugarcane,train,RUST,1,1,640,640,57.01,25.16,0.3527,2.62,32.35,47.02,0.4822,176.15
SMP_03216,roboflow_sugarcane,train,RUST,1,1,640,640,57.23,34.06,0.2886,-0.38,15.97,26.78,0.4575,175.78
SMP_03217,roboflow_sugarcane,train,RUST,1,1,640,640,87.99,14.61,0.276,1.69,33.17,50.51,0.5351,185.89
SMP_03218,roboflow_sugarcane,train,RUST,1,1,640,640,75.98,20.39,0.2271,5.3,22.39,36.42,0.6226,75.43
SMP_03219,roboflow_sugarcane,train,RUST,1,1,640,640,47.11,28.94,0.2598,5.77,21.9,35.61,0.5172,144.05
SMP_03220,roboflow_sugarcane,train,RUST,1,1,640,640,48.81,26.01,0.3442,6.59,27.84,32.32,0.6652,95.79
SMP_03221,roboflow_sugarcane,train,RUST,1,1,640,640,94.8,25.08,0.2941,1.97,10.65,30.06,0.5276,109.38
SMP_03222,roboflow_sugarcane,train,RUST,1,1,640,640,64.61,18.26,0.2811,-1.06,27.45,21.63,0.4863,136.21
SMP_03223,roboflow_sugarcane,train,RUST,1,1,640,640,68.78,20.46,0.3325,8.63,23.06,46.52,0.5145,186.73
SMP_03224,roboflow_sugarcane,train,RUST,1,1,640,640,94.35,31.47,0.3079,8.63,34.9,22.49,0.4209,132.55
SMP_03225,roboflow_sugarcane,train,RUST,1,1,640,640,56.4,23.69,0.2741,11.11,26.9,37.64,0.5769,124.03
SMP_03226,roboflow_sugarcane,train,RUST,1,1,640,640,56.99,26.25,0.2887,12.08,18.05,34.9,0.5312,137.59
SMP_03227,roboflow_sugarcane,train,RUST,1,1,640,640,79.15,23.31,0.2493,9.96,19.39,40.05,0.503,140.14
SMP_03228,roboflow_sugarcane,train,RUST,1,1,640,640,85.04,16.9,0.2576,8.57,7.78,24.03,0.6438,95.47
SMP_03229,roboflow_sugarcane,train,RUST,1,1,640,640,58.06,29.6,0.2717,12.38,42.0,32.22,0.5154,177.6
SMP_03230,roboflow_sugarcane,train,RUST,1,1,640,640,53.66,27.02,0.3023,15.12,7.47,41.32,0.5973,135.75
SMP_03231,roboflow_sugarcane,train,RUST,1,1,640,640,37.06,37.83,0.2301,4.62,21.22,39.29,0.5412,115.82
SMP_03232,roboflow_sugarcane,train,RUST,1,1,640,640,72.79,17.91,0.283,11.85,30.19,33.35,0.6026,168.19
SMP_03233,roboflow_sugarcane,train,RUST,1,1,640,640,54.84,28.94,0.2644,4.88,35.27,38.72,0.5688,111.59
SMP_03234,roboflow_sugarcane,train,RUST,1,1,640,640,73.26,16.13,0.244,9.1,37.63,50.06,0.581,162.51
SMP_03235,roboflow_sugarcane,train,RUST,1,1,640,640,51.76,24.94,0.2646,13.35,24.3,45.62,0.5209,141.65
SMP_03236,roboflow_sugarcane,train,RUST,1,1,640,640,63.91,29.86,0.1871,6.63,28.52,44.8,0.5629,96.12
SMP_03237,roboflow_sugarcane,train,RUST,1,1,640,640,51.41,11.57,0.2497,3.24,22.86,41.85,0.5267,158.25
SMP_03238,roboflow_sugarcane,train,RUST,1,1,640,640,84.37,22.77,0.236,5.7,14.11,39.27,0.4757,96.52
SMP_03239,roboflow_sugarcane,train,RUST,1,1,640,640,68.92,20.62,0.2688,3.23,17.68,33.21,0.488,136.78
SMP_03240,roboflow_sugarcane,train,RUST,1,1,640,640,79.15,19.79,0.1888,2.63,12.98,38.39,0.5178,97.63
SMP_03241,roboflow_sugarcane,train,RUST,1,1,640,640,55.22,26.31,0.2876,14.03,27.21,51.77,0.562,164.59
SMP_03242,roboflow_sugarcane,train,RUST,1,1,640,640,54.56,30.72,0.3164,10.66,22.6,44.44,0.5836,115.02
SMP_03243,roboflow_sugarcane,train,RUST,1,1,640,640,62.72,23.2,0.2753,4.4,23.69,35.49,0.6092,141.02
SMP_03244,roboflow_sugarcane,train,RUST,1,1,640,640,58.83,25.23,0.3,3.08,29.71,23.33,0.6451,167.21
SMP_03245,roboflow_sugarcane,train,RUST,1,1,640,640,71.81,24.69,0.2595,3.42,26.73,43.3,0.5102,103.7
SMP_03246,roboflow_sugarcane,train,RUST,1,1,640,640,41.97,24.01,0.2178,4.4,29.64,44.55,0.6331,112.99
SMP_03247,roboflow_sugarcane,train,RUST,1,1,640,640,65.74,17.46,0.2801,13.76,37.68,34.2,0.4796,104.36
SMP_03248,roboflow_sugarcane,train,RUST,1,1,640,640,81.67,30.65,0.3072,7.45,19.44,33.32,0.5532,108.42
SMP_03249,roboflow_sugarcane,train,RUST,1,1,640,640,46.87,25.77,0.227,18.66,11.89,24.36,0.4787,175.95
SMP_03250,roboflow_sugarcane,train,RUST,1,1,640,640,79.64,26.37,0.2614,7.8,20.94,46.79,0.507,143.88
SMP_03251,roboflow_sugarcane,train,RUST,1,1,640,640,60.69,19.16,0.2701,5.12,23.55,35.1,0.4646,128.55
SMP_03252,roboflow_sugarcane,train,RUST,1,1,640,640,61.1,21.24,0.3941,12.64,28.05,39.82,0.5509,107.77
SMP_03253,roboflow_sugarcane,train,RUST,1,1,640,640,93.28,22.94,0.2889,-0.35,30.07,30.31,0.4979,127.89
SMP_03254,roboflow_sugarcane,train,RUST,1,1,640,640,44.63,14.8,0.2038,8.94,17.55,27.87,0.5133,129.17
SMP_03255,roboflow_sugarcane,train,RUST,1,1,640,640,83.42,13.87,0.1939,1.94,16.51,48.47,0.5121,115.97
SMP_03256,roboflow_sugarcane,train,RUST,1,1,640,640,60.53,20.4,0.3092,-2.91,34.55,35.27,0.5169,152.29
SMP_03257,roboflow_sugarcane,train,RUST,1,1,640,640,77.52,27.14,0.3794,7.41,27.23,32.75,0.5901,114.34
SMP_03258,roboflow_sugarcane,train,RUST,1,1,640,640,55.09,20.08,0.2688,12.17,27.47,58.32,0.6206,98.39
SMP_03259,roboflow_sugarcane,train,RUST,1,1,640,640,85.27,17.89,0.2664,9.07,26.85,44.9,0.4758,104.25
SMP_03260,roboflow_sugarcane,train,RUST,1,1,640,640,56.18,19.11,0.2972,8.47,26.04,32.95,0.5497,126.13
SMP_03261,roboflow_sugarcane,train,RUST,1,1,640,640,88.91,21.27,0.2481,-4.99,23.43,43.16,0.5676,182.19
SMP_03262,roboflow_sugarcane,train,RUST,1,1,640,640,53.41,21.88,0.1782,7.23,20.04,26.76,0.5508,184.53
SMP_03263,roboflow_sugarcane,train,RUST,1,1,640,640,86.33,36.99,0.3215,7.27,21.22,35.77,0.6773,96.93
SMP_03264,roboflow_sugarcane,train,RUST,1,1,640,640,49.5,30.33,0.2555,11.11,40.16,32.13,0.5365,112.43
SMP_03265,roboflow_sugarcane,train,RUST,1,1,640,640,59.76,30.15,0.322,2.71,37.63,40.93,0.4724,73.89
SMP_03266,roboflow_sugarcane,train,RUST,1,1,640,640,71.54,31.01,0.2496,12.15,31.49,49.6,0.5144,135.56
SMP_03267,roboflow_sugarcane,train,RUST,1,1,640,640,83.26,18.01,0.2849,5.45,24.53,26.14,0.5606,120.34
SMP_03268,roboflow_sugarcane,train,RUST,1,1,640,640,49.3,16.67,0.3142,6.5,28.96,51.0,0.5748,148.77
SMP_03269,roboflow_sugarcane,train,RUST,1,1,640,640,52.72,17.36,0.3228,10.64,15.03,43.25,0.524,113.3
SMP_03270,roboflow_sugarcane,train,RUST,1,1,640,640,82.67,32.01,0.2893,2.05,31.98,31.01,0.5596,168.85
SMP_03271,roboflow_sugarcane,train,RUST,1,1,640,640,75.21,20.72,0.2873,12.12,23.32,31.14,0.6372,153.12
SMP_03272,roboflow_sugarcane,train,RUST,1,1,640,640,62.42,16.49,0.3048,1.23,25.11,33.0,0.6651,134.96
SMP_03273,roboflow_sugarcane,train,RUST,1,1,640,640,72.28,21.41,0.2986,11.28,25.69,31.94,0.6286,115.41
SMP_03274,roboflow_sugarcane,train,RUST,1,1,640,640,59.36,22.57,0.2284,6.82,23.75,32.15,0.6142,207.54
SMP_03275,roboflow_sugarcane,train,RUST,1,1,640,640,99.57,25.61,0.2291,7.23,30.63,25.3,0.5937,141.67
SMP_03276,roboflow_sugarcane,train,RUST,1,1,640,640,73.23,25.51,0.1956,-7.33,36.16,36.63,0.5404,132.28
SMP_03277,roboflow_sugarcane,train,RUST,1,1,640,640,65.28,19.03,0.3107,5.05,31.0,43.23,0.544,148.03
SMP_03278,roboflow_sugarcane,train,RUST,1,1,640,640,64.55,28.11,0.2642,6.95,25.46,33.98,0.6049,82.46
SMP_03279,roboflow_sugarcane,train,RUST,1,1,640,640,40.66,20.16,0.3128,15.74,17.54,40.08,0.6037,120.08
SMP_03280,roboflow_sugarcane,train,RUST,1,1,640,640,57.08,23.06,0.2961,7.82,25.28,45.88,0.5808,161.38
SMP_03281,roboflow_sugarcane,train,RUST,1,1,640,640,47.6,28.12,0.2399,4.74,24.46,27.53,0.6133,166.01
SMP_03282,roboflow_sugarcane,train,RUST,1,1,640,640,89.53,20.15,0.2752,12.17,30.77,33.33,0.439,156.99
SMP_03283,roboflow_sugarcane,train,RUST,1,1,640,640,89.62,20.58,0.2618,5.47,20.49,27.46,0.5714,76.56
SMP_03284,roboflow_sugarcane,train,RUST,1,1,640,640,77.09,27.55,0.2556,13.16,18.78,28.19,0.4733,135.92
SMP_03285,roboflow_sugarcane,train,RUST,1,1,640,640,95.52,18.85,0.3166,9.31,27.09,47.53,0.5346,115.59
SMP_03286,roboflow_sugarcane,train,RUST,1,1,640,640,65.21,21.69,0.3804,3.5,31.44,34.47,0.5482,155.14
SMP_03287,roboflow_sugarcane,train,RUST,1,1,640,640,55.08,27.33,0.3246,12.69,26.07,41.24,0.5292,145.41
SMP_03288,roboflow_sugarcane,train,RUST,1,1,640,640,57.44,36.32,0.2789,11.01,31.76,39.16,0.5016,164.88
SMP_03289,roboflow_sugarcane,train,RUST,1,1,640,640,74.35,27.63,0.3304,12.48,16.07,42.96,0.6005,130.19
SMP_03290,roboflow_sugarcane,train,RUST,1,1,640,640,73.68,26.84,0.3485,7.09,28.31,39.03,0.5841,143.93
SMP_03291,roboflow_sugarcane,train,RUST,1,1,640,640,83.04,27.18,0.2243,11.01,16.03,38.75,0.6237,184.89
SMP_03292,roboflow_sugarcane,train,RUST,1,1,640,640,41.51,17.56,0.329,17.6,43.67,27.62,0.5311,187.12
SMP_03293,roboflow_sugarcane,train,RUST,1,1,640,640,50.12,24.69,0.3108,8.86,34.39,38.24,0.5429,170.7
SMP_03294,roboflow_sugarcane,train,RUST,1,1,640,640,75.07,23.82,0.3275,6.01,27.69,38.17,0.7072,88.52
SMP_03295,roboflow_sugarcane,train,RUST,1,1,640,640,64.12,25.93,0.3125,15.72,13.77,31.41,0.5294,127.49
SMP_03296,roboflow_sugarcane,train,RUST,1,1,640,640,43.16,24.7,0.2709,11.34,15.37,23.52,0.4568,180.46
SMP_03297,roboflow_sugarcane,train,RUST,1,1,640,640,75.26,26.28,0.3613,5.75,38.27,39.71,0.602,140.27
SMP_03298,roboflow_sugarcane,train,RUST,1,1,640,640,57.58,22.13,0.2936,16.68,16.9,46.57,0.608,120.16
SMP_03299,roboflow_sugarcane,train,RUST,1,1,640,640,79.79,24.35,0.2626,1.98,28.5,25.61,0.619,146.25
SMP_03300,roboflow_sugarcane,train,RUST,1,1,640,640,43.84,16.63,0.3002,10.65,37.76,36.82,0.6146,122.15
SMP_03301,roboflow_sugarcane,train,RUST,1,1,640,640,76.87,22.08,0.3189,13.73,25.74,22.37,0.4962,146.2
SMP_03302,roboflow_sugarcane,train,RUST,1,1,640,640,80.93,32.35,0.2838,13.36,16.64,42.55,0.5909,146.47
SMP_03303,roboflow_sugarcane,train,RUST,1,1,640,640,52.98,25.91,0.2957,3.5,12.57,46.29,0.5801,123.71
SMP_03304,roboflow_sugarcane,train,RUST,1,1,640,640,37.7,23.87,0.2835,1.8,27.68,37.32,0.5918,146.86
SMP_03305,roboflow_sugarcane,train,RUST,1,1,640,640,73.46,35.38,0.2536,9.15,17.27,42.37,0.5429,127.72
SMP_03306,roboflow_sugarcane,train,RUST,1,1,640,640,94.03,15.83,0.2471,11.52,25.02,38.44,0.6128,126.83
SMP_03307,roboflow_sugarcane,train,RUST,1,1,640,640,47.15,17.34,0.2239,2.61,17.54,31.21,0.5805,150.0
SMP_03308,roboflow_sugarcane,train,RUST,1,1,640,640,44.92,34.28,0.3407,9.51,20.79,37.06,0.5719,158.86
SMP_03309,roboflow_sugarcane,train,RUST,1,1,640,640,72.37,24.28,0.2711,0.71,21.01,37.81,0.5212,142.74
SMP_03310,roboflow_sugarcane,train,RUST,1,1,640,640,59.93,22.54,0.1429,13.3,23.17,36.98,0.5997,108.77
SMP_03311,roboflow_sugarcane,train,RUST,1,1,640,640,47.54,16.8,0.2959,5.14,19.82,40.6,0.5424,112.52
SMP_03312,roboflow_sugarcane,train,RUST,1,1,640,640,56.91,26.69,0.295,7.18,26.99,38.93,0.5662,179.93
SMP_03313,roboflow_sugarcane,train,RUST,1,1,640,640,53.93,27.27,0.2053,12.32,31.98,36.64,0.5452,134.26
SMP_03314,roboflow_sugarcane,train,RUST,1,1,640,640,63.98,17.43,0.2467,11.86,22.48,33.51,0.5962,120.92
SMP_03315,roboflow_sugarcane,train,RUST,1,1,640,640,55.23,23.16,0.2449,10.37,26.83,41.5,0.5598,200.34
SMP_03316,roboflow_sugarcane,train,RUST,1,1,640,640,64.72,21.99,0.2503,13.15,18.45,41.01,0.4943,180.79
SMP_03317,roboflow_sugarcane,train,RUST,1,1,640,640,56.12,25.54,0.3285,10.05,14.03,39.24,0.608,173.4
SMP_03318,roboflow_sugarcane,train,RUST,1,1,640,640,44.26,17.28,0.274,15.24,27.81,32.19,0.6001,141.13
SMP_03319,roboflow_sugarcane,train,RUST,1,1,640,640,48.19,31.51,0.2629,-0.55,31.16,30.08,0.5777,134.05
SMP_03320,roboflow_sugarcane,train,RUST,1,1,640,640,89.66,29.49,0.3249,7.7,11.6,42.73,0.5647,135.28
SMP_03321,roboflow_sugarcane,train,RUST,1,1,640,640,70.53,21.82,0.2998,7.49,24.36,31.76,0.5019,131.85
SMP_03322,roboflow_sugarcane,train,RUST,1,1,640,640,49.81,22.7,0.2104,6.91,28.03,35.64,0.5524,154.33
SMP_03323,roboflow_sugarcane,train,RUST,1,1,640,640,59.04,23.18,0.2553,10.49,27.03,27.11,0.5097,166.96
SMP_03324,roboflow_sugarcane,train,RUST,1,1,640,640,93.34,19.33,0.2929,9.07,20.87,41.1,0.5801,63.66
SMP_03325,roboflow_sugarcane,train,RUST,1,1,640,640,54.81,21.34,0.2426,12.12,25.33,29.32,0.5924,113.45
SMP_03326,roboflow_sugarcane,train,RUST,1,1,640,640,70.13,22.38,0.3612,2.08,31.48,28.96,0.6174,122.79
SMP_03327,roboflow_sugarcane,train,RUST,1,1,640,640,77.63,33.68,0.2845,19.46,18.98,31.08,0.5592,90.79
SMP_03328,roboflow_sugarcane,train,RUST,1,1,640,640,49.15,29.68,0.2499,6.05,35.88,41.0,0.5803,147.13
SMP_03329,roboflow_sugarcane,train,RUST,1,1,640,640,56.15,29.61,0.2351,9.43,15.28,36.49,0.5294,105.52
SMP_03330,roboflow_sugarcane,train,RUST,1,1,640,640,85.37,26.22,0.3171,6.97,31.28,33.56,0.4808,177.24
SMP_03331,roboflow_sugarcane,train,RUST,1,1,640,640,50.52,17.3,0.2541,8.41,25.38,49.57,0.5129,136.53
SMP_03332,roboflow_sugarcane,train,RUST,1,1,640,640,51.15,23.75,0.2952,5.33,21.4,41.66,0.5875,144.09
SMP_03333,roboflow_sugarcane,train,RUST,1,1,640,640,93.41,29.82,0.2339,9.03,12.11,24.06,0.5337,165.61
SMP_03334,roboflow_sugarcane,train,RUST,1,1,640,640,80.36,16.45,0.2828,10.9,33.33,31.89,0.4565,150.84
SMP_03335,roboflow_sugarcane,train,RUST,1,1,640,640,88.52,27.82,0.2546,-4.01,18.46,24.15,0.5459,145.03
SMP_03336,roboflow_sugarcane,train,RUST,1,1,640,640,50.2,37.94,0.2674,6.36,24.79,34.65,0.5305,129.87
SMP_03337,roboflow_sugarcane,train,RUST,1,1,640,640,79.13,30.37,0.2481,6.17,28.3,45.25,0.5398,135.44
SMP_03338,roboflow_sugarcane,train,RUST,1,1,640,640,59.05,32.48,0.321,19.61,41.65,39.74,0.576,119.98
SMP_03339,roboflow_sugarcane,train,RUST,1,1,640,640,52.5,25.31,0.2604,12.3,22.51,36.36,0.6743,168.74
SMP_03340,roboflow_sugarcane,train,RUST,1,1,640,640,44.09,29.81,0.2743,15.5,25.36,34.7,0.4822,156.05
SMP_03341,roboflow_sugarcane,train,RUST,1,1,640,640,67.2,19.69,0.2762,10.79,27.9,40.24,0.6392,202.78
SMP_03342,roboflow_sugarcane,train,RUST,1,1,640,640,52.15,28.78,0.3445,8.41,25.81,26.14,0.5557,156.65
SMP_03343,roboflow_sugarcane,train,RUST,1,1,640,640,51.98,27.93,0.3156,9.82,19.67,37.16,0.6171,146.04
SMP_03344,roboflow_sugarcane,train,RUST,1,1,640,640,46.68,25.74,0.3116,13.61,35.4,39.18,0.5748,149.17
SMP_03345,roboflow_sugarcane,train,RUST,1,1,640,640,65.39,31.9,0.2169,16.75,21.77,29.08,0.5524,120.52
SMP_03346,roboflow_sugarcane,train,RUST,1,1,640,640,40.17,20.77,0.2537,9.51,28.28,31.79,0.5762,176.85
SMP_03347,roboflow_sugarcane,train,RUST,1,1,640,640,73.27,22.88,0.3275,4.89,23.48,51.77,0.4633,136.67
SMP_03348,roboflow_sugarcane,train,RUST,1,1,640,640,75.88,24.57,0.2332,12.62,20.76,41.69,0.5203,79.22
SMP_03349,roboflow_sugarcane,train,RUST,1,1,640,640,78.67,17.82,0.2834,3.73,32.34,26.07,0.564,100.35
SMP_03350,roboflow_sugarcane,train,RUST,1,1,640,640,46.31,25.36,0.2374,9.95,26.84,32.75,0.4708,135.77
SMP_03351,roboflow_sugarcane,train,RUST,1,1,640,640,42.47,13.69,0.2414,11.41,9.71,37.8,0.5537,95.5
SMP_03352,roboflow_sugarcane,train,RUST,1,1,640,640,84.25,30.28,0.3472,7.46,27.08,54.16,0.4974,112.15
SMP_03353,roboflow_sugarcane,train,RUST,1,1,640,640,42.37,24.28,0.3088,3.48,20.61,44.23,0.5771,164.49
SMP_03354,roboflow_sugarcane,train,RUST,1,1,640,640,60.46,20.87,0.3193,5.73,13.88,45.63,0.5786,166.72
SMP_03355,roboflow_sugarcane,train,RUST,1,1,640,640,67.02,18.99,0.3113,6.42,31.7,40.79,0.6298,160.17
SMP_03356,roboflow_sugarcane,train,RUST,1,1,640,640,90.83,22.59,0.2744,2.73,19.66,31.11,0.5723,165.22
SMP_03357,roboflow_sugarcane,train,RUST,1,1,640,640,50.18,28.13,0.2523,6.07,26.84,49.17,0.4846,160.32
SMP_03358,roboflow_sugarcane,train,RUST,1,1,640,640,87.83,27.29,0.2639,0.74,31.44,43.98,0.5166,164.24
SMP_03359,roboflow_sugarcane,train,RUST,1,1,640,640,47.7,19.77,0.2723,10.96,23.3,46.93,0.473,152.38
SMP_03360,roboflow_sugarcane,train,RUST,1,1,640,640,83.92,18.92,0.3511,9.67,26.76,49.91,0.5729,159.14
SMP_03361,roboflow_sugarcane,train,RUST,1,1,640,640,63.26,27.94,0.2265,9.33,20.23,48.89,0.5218,190.37
SMP_03362,roboflow_sugarcane,train,RUST,1,1,640,640,85.82,19.67,0.2579,6.07,32.73,37.89,0.5512,134.59
SMP_03363,roboflow_sugarcane,train,RUST,1,1,640,640,52.39,24.36,0.2435,6.74,23.73,39.91,0.5405,209.48
SMP_03364,roboflow_sugarcane,train,RUST,1,1,640,640,44.37,24.74,0.3223,3.86,28.76,39.35,0.4727,130.05
SMP_03365,roboflow_sugarcane,train,RUST,1,1,640,640,67.1,25.87,0.3542,10.53,35.54,44.5,0.5685,127.01
SMP_03366,roboflow_sugarcane,train,RUST,1,1,640,640,83.67,29.15,0.2924,1.21,12.04,40.32,0.6012,150.92
SMP_03367,roboflow_sugarcane,train,RUST,1,1,640,640,52.37,16.42,0.2956,8.42,20.2,39.02,0.5068,128.73
SMP_03368,roboflow_sugarcane,train,RUST,1,1,640,640,78.35,12.53,0.2837,4.83,23.79,37.26,0.5312,76.11
SMP_03369,roboflow_sugarcane,train,RUST,1,1,640,640,58.38,20.6,0.2975,16.79,25.89,36.96,0.5928,114.24
SMP_03370,roboflow_sugarcane,train,RUST,1,1,640,640,68.55,34.81,0.3109,10.63,29.31,40.11,0.506,123.54
SMP_03371,roboflow_sugarcane,train,RUST,1,1,640,640,56.39,36.13,0.297,8.0,33.55,47.09,0.5435,129.12
SMP_03372,roboflow_sugarcane,train,RUST,1,1,640,640,55.11,34.99,0.3,2.47,19.78,31.34,0.5761,87.95
SMP_03373,roboflow_sugarcane,train,RUST,1,1,640,640,82.94,22.84,0.311,1.18,23.59,38.51,0.6074,120.0
SMP_03374,roboflow_sugarcane,train,RUST,1,1,640,640,38.28,13.31,0.2089,10.48,32.85,40.42,0.5597,121.97
SMP_03375,roboflow_sugarcane,train,RUST,1,1,640,640,69.14,9.94,0.2801,16.99,27.37,49.59,0.5045,119.39
SMP_03376,roboflow_sugarcane,train,RUST,1,1,640,640,57.58,20.32,0.2922,10.04,13.1,34.97,0.5666,130.08
SMP_03377,roboflow_sugarcane,train,RUST,1,1,640,640,48.99,22.81,0.2966,8.88,12.52,32.54,0.5229,165.92
SMP_03378,roboflow_sugarcane,train,RUST,1,1,640,640,75.22,31.8,0.2732,8.95,21.58,48.57,0.5441,168.82
SMP_03379,roboflow_sugarcane,train,RUST,1,1,640,640,41.97,29.21,0.2864,8.52,28.86,41.57,0.4843,148.45
SMP_03380,roboflow_sugarcane,train,RUST,1,1,640,640,90.54,25.36,0.2512,9.02,28.73,35.04,0.4975,173.26
SMP_03381,roboflow_sugarcane,train,RUST,1,1,640,640,49.83,18.66,0.209,4.57,18.75,45.39,0.5845,142.63
SMP_03382,roboflow_sugarcane,train,RUST,1,1,640,640,45.56,18.24,0.3193,3.13,29.65,24.86,0.5643,174.75
SMP_03383,roboflow_sugarcane,train,RUST,1,1,640,640,46.45,25.52,0.2346,8.55,26.76,37.63,0.5276,152.61
SMP_03384,roboflow_sugarcane,train,RUST,1,1,640,640,78.68,28.18,0.2736,15.47,17.43,40.06,0.4994,121.47
SMP_03385,roboflow_sugarcane,train,RUST,1,1,640,640,55.58,26.35,0.25,11.89,20.79,42.13,0.6237,122.13
SMP_03386,roboflow_sugarcane,train,RUST,1,1,640,640,51.95,17.79,0.3435,1.83,11.39,32.22,0.5802,157.84
SMP_03387,roboflow_sugarcane,train,RUST,1,1,640,640,55.2,27.9,0.2768,6.72,16.66,32.1,0.6784,163.93
SMP_03388,roboflow_sugarcane,train,RUST,1,1,640,640,53.24,26.56,0.2676,11.64,11.81,48.78,0.5012,110.85
SMP_03389,roboflow_sugarcane,train,RUST,1,1,640,640,52.33,17.58,0.3099,15.58,14.17,38.11,0.4676,202.43
SMP_03390,roboflow_sugarcane,train,RUST,1,1,640,640,61.95,19.29,0.3663,16.96,36.76,39.12,0.5721,168.4
SMP_03391,roboflow_sugarcane,train,RUST,1,1,640,640,89.63,28.13,0.2962,6.95,22.2,32.9,0.5421,129.49
SMP_03392,roboflow_sugarcane,train,RUST,1,1,640,640,67.26,22.59,0.2649,12.12,12.58,31.58,0.5382,110.67
SMP_03393,roboflow_sugarcane,train,RUST,1,1,640,640,48.63,33.53,0.3079,9.25,27.93,34.03,0.4847,95.36
SMP_03394,roboflow_sugarcane,train,RUST,1,1,640,640,61.91,27.01,0.2171,7.4,27.03,46.37,0.5516,182.89
SMP_03395,roboflow_sugarcane,train,RUST,1,1,640,640,47.92,21.08,0.2819,8.31,26.35,33.64,0.514,165.31
SMP_03396,roboflow_sugarcane,train,RUST,1,1,640,640,53.05,23.94,0.3598,8.37,18.89,36.34,0.492,142.17
SMP_03397,roboflow_sugarcane,train,RUST,1,1,640,640,42.94,24.38,0.2863,13.88,29.36,49.29,0.5142,151.46
SMP_03398,roboflow_sugarcane,train,RUST,1,1,640,640,73.71,19.63,0.2843,0.98,17.32,52.96,0.4594,74.64
SMP_03399,roboflow_sugarcane,train,RUST,1,1,640,640,55.24,18.52,0.2808,10.34,30.56,27.73,0.6068,72.09
SMP_03400,roboflow_sugarcane,train,RUST,1,1,640,640,81.83,28.21,0.2642,15.7,31.19,23.12,0.5444,155.98
SMP_03401,roboflow_sugarcane,train,RUST,1,1,640,640,73.31,29.07,0.2926,15.16,24.55,33.01,0.5424,149.25
SMP_03402,roboflow_sugarcane,train,RUST,1,1,640,640,52.71,27.62,0.311,10.84,14.75,31.15,0.6269,145.26
SMP_03403,roboflow_sugarcane,train,RUST,1,1,640,640,63.18,33.09,0.2667,4.21,30.62,41.34,0.5158,187.22
SMP_03404,roboflow_sugarcane,train,RUST,1,1,640,640,51.53,20.75,0.1804,11.88,20.92,37.9,0.4844,162.5
SMP_03405,roboflow_sugarcane,train,RUST,1,1,640,640,73.45,34.05,0.2986,14.62,26.92,37.1,0.5832,126.47
SMP_03406,roboflow_sugarcane,train,RUST,1,1,640,640,70.92,18.59,0.3653,5.42,29.84,44.14,0.4832,126.62
SMP_03407,roboflow_sugarcane,train,RUST,1,1,640,640,52.05,17.92,0.2649,9.79,19.33,23.1,0.4221,158.59
SMP_03408,roboflow_sugarcane,train,RUST,1,1,640,640,73.84,13.44,0.2212,6.97,40.02,33.67,0.5856,157.91
SMP_03409,roboflow_sugarcane,train,RUST,1,1,640,640,65.37,21.33,0.3071,4.93,24.69,37.18,0.5626,197.25
SMP_03410,roboflow_sugarcane,train,RUST,1,1,640,640,50.26,20.98,0.3498,6.42,20.3,45.22,0.5265,119.68
SMP_03411,roboflow_sugarcane,train,RUST,1,1,640,640,52.17,27.16,0.3012,8.64,32.0,37.59,0.4746,112.27
SMP_03412,roboflow_sugarcane,train,RUST,1,1,640,640,68.74,25.46,0.349,3.41,35.85,40.88,0.5815,146.13
SMP_03413,roboflow_sugarcane,train,RUST,1,1,640,640,70.8,16.84,0.3117,2.59,10.53,35.72,0.521,142.91
SMP_03414,roboflow_sugarcane,train,RUST,1,1,640,640,77.75,21.64,0.3083,3.55,15.33,37.7,0.5953,176.02
SMP_03415,roboflow_sugarcane,train,RUST,1,1,640,640,49.92,21.77,0.2593,9.64,19.57,35.95,0.5829,145.42
SMP_03416,roboflow_sugarcane,train,RUST,1,1,640,640,57.67,13.34,0.2914,0.67,39.79,36.39,0.501,154.59
SMP_03417,roboflow_sugarcane,train,RUST,1,1,640,640,82.37,18.11,0.2788,-3.08,21.65,38.53,0.4716,89.68
SMP_03418,roboflow_sugarcane,train,RUST,1,1,640,640,91.13,19.38,0.2775,14.86,35.65,48.12,0.5749,179.77
SMP_03419,roboflow_sugarcane,train,RUST,1,1,640,640,90.72,32.6,0.2698,2.93,26.54,40.9,0.5714,141.82
SMP_03420,roboflow_sugarcane,train,RUST,1,1,640,640,49.22,25.15,0.289,7.03,14.85,36.56,0.5693,89.55
SMP_03421,roboflow_sugarcane,train,RUST,1,1,640,640,61.68,27.97,0.2281,12.61,31.16,41.81,0.5488,153.37
SMP_03422,roboflow_sugarcane,train,RUST,1,1,640,640,45.1,15.01,0.3125,0.81,27.22,39.28,0.6079,119.48
SMP_03423,roboflow_sugarcane,train,RUST,1,1,640,640,83.22,31.17,0.2449,0.8,18.96,42.11,0.7409,112.85
SMP_03424,roboflow_sugarcane,train,RUST,1,1,640,640,44.46,31.81,0.27,4.84,20.37,35.24,0.6513,150.08
SMP_03425,roboflow_sugarcane,train,RUST,1,1,640,640,50.0,12.01,0.2932,12.81,17.65,41.44,0.5656,110.11
SMP_03426,roboflow_sugarcane,train,RUST,1,1,640,640,75.17,19.77,0.2429,7.89,20.63,41.57,0.5964,157.75
SMP_03427,roboflow_sugarcane,train,RUST,1,1,640,640,58.49,26.97,0.2013,7.96,29.61,28.06,0.5359,129.7
SMP_03428,roboflow_sugarcane,train,RUST,1,1,640,640,45.75,27.87,0.2647,6.52,18.67,35.3,0.4199,137.98
SMP_03429,roboflow_sugarcane,train,RUST,1,1,640,640,46.03,19.93,0.2228,10.81,25.59,36.8,0.6421,153.31
SMP_03430,roboflow_sugarcane,train,RUST,1,1,640,640,74.99,22.17,0.3085,15.16,27.2,35.72,0.5084,101.32
SMP_03431,roboflow_sugarcane,train,RUST,1,1,640,640,52.93,20.42,0.2339,22.92,24.62,30.8,0.4708,143.19
SMP_03432,roboflow_sugarcane,train,RUST,1,1,640,640,69.75,24.66,0.3394,7.26,13.69,20.7,0.6141,184.37
SMP_03433,roboflow_sugarcane,train,RUST,1,1,640,640,65.57,31.18,0.2798,15.63,30.24,45.2,0.6935,154.22
SMP_03434,roboflow_sugarcane,train,RUST,1,1,640,640,66.82,19.37,0.2824,13.0,16.84,22.84,0.5794,161.0
SMP_03435,roboflow_sugarcane,train,RUST,1,1,640,640,86.32,30.0,0.2008,9.33,20.97,51.85,0.5362,156.98
SMP_03436,roboflow_sugarcane,train,RUST,1,1,640,640,52.42,19.31,0.2858,-3.05,21.78,36.35,0.6134,94.86
SMP_03437,roboflow_sugarcane,train,RUST,1,1,640,640,56.65,18.91,0.2768,6.11,24.78,33.33,0.5708,153.39
SMP_03438,roboflow_sugarcane,train,RUST,1,1,640,640,91.2,28.91,0.228,6.31,25.67,27.15,0.472,140.8
SMP_03439,roboflow_sugarcane,train,RUST,1,1,640,640,87.76,29.53,0.2835,9.79,29.8,26.38,0.4889,127.1
SMP_03440,roboflow_sugarcane,train,RUST,1,1,640,640,87.55,29.11,0.2641,7.01,22.82,31.76,0.5207,197.62
SMP_03441,roboflow_sugarcane,train,RUST,1,1,640,640,73.67,16.11,0.2713,5.18,16.48,39.33,0.5728,60.17
SMP_03442,roboflow_sugarcane,train,RUST,1,1,640,640,52.86,21.2,0.281,18.15,32.61,47.89,0.598,241.02
SMP_03443,roboflow_sugarcane,train,RUST,1,1,640,640,83.64,28.94,0.2611,14.54,22.19,27.16,0.5272,168.9
SMP_03444,roboflow_sugarcane,train,RUST,1,1,640,640,77.67,24.25,0.2899,-2.11,23.71,40.51,0.6124,167.74
SMP_03445,roboflow_sugarcane,train,RUST,1,1,640,640,47.8,17.56,0.2765,6.59,17.99,25.04,0.6362,96.38
SMP_03446,roboflow_sugarcane,train,RUST,1,1,640,640,83.32,26.75,0.2989,11.15,18.94,31.66,0.5406,131.29
SMP_03447,roboflow_sugarcane,train,RUST,1,1,640,640,44.4,19.71,0.2589,14.65,35.1,41.52,0.4654,74.31
SMP_03448,roboflow_sugarcane,train,RUST,1,1,640,640,72.3,34.77,0.2374,5.9,15.37,30.88,0.5935,119.64
SMP_03449,roboflow_sugarcane,train,RUST,1,1,640,640,75.12,33.27,0.2516,6.92,16.41,48.81,0.6583,130.31
SMP_03450,roboflow_sugarcane,train,RUST,1,1,640,640,50.0,27.62,0.3377,8.47,21.76,43.28,0.5229,150.79
SMP_03451,roboflow_sugarcane,train,RUST,1,1,640,640,82.04,32.17,0.3182,11.31,27.23,41.47,0.6507,129.32
SMP_03452,roboflow_sugarcane,train,RUST,1,1,640,640,55.65,24.39,0.3285,0.32,18.23,34.09,0.5145,134.62
SMP_03453,roboflow_sugarcane,train,RUST,1,1,640,640,85.37,28.59,0.3313,-2.08,13.95,31.93,0.5412,143.3
SMP_03454,roboflow_sugarcane,train,RUST,1,1,640,640,55.18,32.87,0.2613,14.27,16.46,34.8,0.6247,109.3
SMP_03455,roboflow_sugarcane,train,RUST,1,1,640,640,75.81,25.47,0.2918,3.05,22.09,39.75,0.5344,129.55
SMP_03456,roboflow_sugarcane,train,RUST,1,1,640,640,72.98,22.47,0.283,18.61,18.0,39.75,0.4677,114.51
SMP_03457,roboflow_sugarcane,train,RUST,1,1,640,640,37.52,13.77,0.3064,3.68,40.56,32.27,0.5915,123.01
SMP_03458,roboflow_sugarcane,train,RUST,1,1,640,640,65.27,23.5,0.2684,7.08,38.88,32.92,0.4742,131.4
SMP_03459,roboflow_sugarcane,train,RUST,1,1,640,640,71.3,28.94,0.2837,9.84,33.16,27.17,0.6059,149.45
SMP_03460,roboflow_sugarcane,train,RUST,1,1,640,640,44.9,29.67,0.2829,-2.66,27.64,53.96,0.5969,133.47
SMP_03461,roboflow_sugarcane,train,RUST,1,1,640,640,88.57,27.03,0.3013,22.32,27.65,31.72,0.6388,129.33
SMP_03462,roboflow_sugarcane,train,RUST,1,1,640,640,92.49,20.75,0.3062,6.03,34.25,26.21,0.4968,105.84
SMP_03463,roboflow_sugarcane,train,RUST,1,1,640,640,54.74,12.14,0.2837,3.81,25.92,20.59,0.4978,98.52
SMP_03464,roboflow_sugarcane,train,RUST,1,1,640,640,44.78,21.03,0.285,2.17,19.24,33.3,0.5495,138.43
SMP_03465,roboflow_sugarcane,train,RUST,1,1,640,640,52.91,22.17,0.289,9.81,39.86,40.84,0.5247,129.92
SMP_03466,roboflow_sugarcane,train,RUST,1,1,640,640,86.96,22.12,0.3459,9.45,29.03,37.27,0.4527,153.34
SMP_03467,roboflow_sugarcane,train,RUST,1,1,640,640,40.62,27.71,0.2108,2.34,35.17,36.68,0.5327,91.02
SMP_03468,roboflow_sugarcane,train,RUST,1,1,640,640,67.84,35.91,0.2412,1.14,37.68,43.11,0.5528,161.89
SMP_03469,roboflow_sugarcane,train,RUST,1,1,640,640,40.66,24.74,0.3069,13.28,12.59,42.08,0.5806,118.24
SMP_03470,roboflow_sugarcane,train,RUST,1,1,640,640,57.74,22.7,0.2908,4.72,18.95,31.71,0.5623,128.61
SMP_03471,roboflow_sugarcane,train,RUST,1,1,640,640,51.26,22.44,0.2905,-0.61,23.58,39.82,0.5375,147.83
SMP_03472,roboflow_sugarcane,train,RUST,1,1,640,640,49.94,24.75,0.3067,7.26,28.51,38.49,0.6444,120.18
SMP_03473,roboflow_sugarcane,train,RUST,1,1,640,640,61.17,19.03,0.2886,5.99,31.42,33.85,0.5293,96.61
SMP_03474,roboflow_sugarcane,train,RUST,1,1,640,640,66.64,24.72,0.2576,17.75,24.56,48.0,0.5123,131.93
SMP_03475,roboflow_sugarcane,train,RUST,1,1,640,640,53.21,26.7,0.3052,5.39,34.05,32.56,0.5378,101.93
SMP_03476,roboflow_sugarcane,train,RUST,1,1,640,640,53.59,25.26,0.2808,6.46,29.27,33.96,0.5842,95.46
SMP_03477,roboflow_sugarcane,train,RUST,1,1,640,640,52.05,26.75,0.2621,9.1,29.18,34.67,0.5216,160.46
SMP_03478,roboflow_sugarcane,train,RUST,1,1,640,640,68.82,26.6,0.3076,5.15,23.06,44.49,0.5819,142.26
SMP_03479,roboflow_sugarcane,train,RUST,1,1,640,640,60.1,13.37,0.306,10.2,27.21,45.61,0.5826,149.25
SMP_03480,roboflow_sugarcane,train,RUST,1,1,640,640,55.59,27.82,0.2886,2.92,27.16,47.45,0.5111,158.03
SMP_03481,roboflow_sugarcane,train,RUST,1,1,640,640,65.37,19.97,0.3487,6.8,31.74,43.42,0.5214,150.71
SMP_03482,roboflow_sugarcane,train,RUST,1,1,640,640,78.41,17.42,0.3331,10.03,15.78,37.3,0.6628,121.06
SMP_03483,roboflow_sugarcane,train,RUST,1,1,640,640,55.14,17.37,0.3201,13.69,29.92,44.73,0.5573,135.2
SMP_03484,roboflow_sugarcane,train,RUST,1,1,640,640,87.68,26.6,0.3827,5.07,13.48,40.63,0.3942,118.7
SMP_03485,roboflow_sugarcane,train,RUST,1,1,640,640,81.98,22.66,0.2741,5.01,19.03,37.13,0.5058,151.62
SMP_03486,roboflow_sugarcane,train,RUST,1,1,640,640,56.66,13.91,0.2614,15.71,29.25,34.75,0.5861,101.9
SMP_03487,roboflow_sugarcane,train,RUST,1,1,640,640,83.8,26.87,0.3144,5.24,19.13,36.8,0.5471,115.51
SMP_03488,roboflow_sugarcane,train,RUST,1,1,640,640,54.51,15.36,0.2699,7.72,25.19,34.66,0.55,142.66
SMP_03489,roboflow_sugarcane,train,RUST,1,1,640,640,72.4,24.84,0.2805,16.56,18.55,40.91,0.5926,133.65
SMP_03490,roboflow_sugarcane,train,RUST,1,1,640,640,91.14,25.43,0.2406,8.34,29.19,36.51,0.502,109.92
SMP_03491,roboflow_sugarcane,train,RUST,1,1,640,640,68.85,29.31,0.3043,6.76,25.33,41.42,0.5591,54.33
SMP_03492,roboflow_sugarcane,train,RUST,1,1,640,640,41.34,34.69,0.2212,7.13,24.83,41.55,0.539,128.84
SMP_03493,roboflow_sugarcane,train,RUST,1,1,640,640,47.78,15.81,0.2761,4.3,32.7,38.05,0.5637,139.08
SMP_03494,roboflow_sugarcane,train,RUST,1,1,640,640,67.23,23.69,0.2794,10.25,27.92,34.84,0.5281,158.55
SMP_03495,roboflow_sugarcane,train,RUST,1,1,640,640,46.22,22.34,0.2626,3.38,28.46,31.64,0.5305,129.17
SMP_03496,roboflow_sugarcane,train,RUST,1,1,640,640,67.59,26.6,0.2097,11.89,32.76,37.24,0.5776,168.91
SMP_03497,roboflow_sugarcane,train,RUST,1,1,640,640,56.42,25.29,0.2094,8.08,33.48,40.05,0.4943,165.08
SMP_03498,roboflow_sugarcane,train,RUST,1,1,640,640,87.58,21.88,0.2502,9.18,18.35,28.45,0.5146,135.25
SMP_03499,roboflow_sugarcane,train,RUST,1,1,640,640,61.13,21.35,0.3016,16.65,30.16,25.56,0.6455,160.75
SMP_03500,roboflow_sugarcane,train,RUST,1,1,640,640,71.84,17.3,0.2916,0.75,28.03,37.14,0.5813,166.23
SMP_03501,roboflow_sugarcane,train,RUST,1,1,640,640,76.96,29.93,0.2793,8.12,34.18,31.73,0.6025,126.39
SMP_03502,roboflow_sugarcane,train,RUST,1,1,640,640,49.62,26.76,0.2446,11.19,15.99,45.06,0.553,125.17
SMP_03503,roboflow_sugarcane,train,RUST,1,1,640,640,50.0,29.51,0.2936,4.92,20.17,47.13,0.5589,147.32
SMP_03504,roboflow_sugarcane,train,RUST,1,1,640,640,65.37,22.14,0.208,12.76,23.62,30.92,0.5008,129.94
SMP_03505,roboflow_sugarcane,train,RUST,1,1,640,640,59.97,20.06,0.1841,5.28,34.82,26.08,0.566,198.15
SMP_03506,roboflow_sugarcane,train,RUST,1,1,640,640,70.51,17.53,0.2703,9.46,22.99,42.03,0.5661,162.54
SMP_03507,roboflow_sugarcane,train,RUST,1,1,640,640,58.77,26.15,0.2582,7.38,24.71,39.43,0.6005,150.07
SMP_03508,roboflow_sugarcane,train,RUST,1,1,640,640,83.7,17.76,0.3205,8.81,20.21,40.76,0.534,124.93
SMP_03509,roboflow_sugarcane,train,RUST,1,1,640,640,78.66,35.09,0.2863,8.37,30.49,43.37,0.5491,192.7
SMP_03510,roboflow_sugarcane,train,RUST,1,1,640,640,72.64,16.15,0.346,7.84,29.73,35.07,0.7099,127.64
SMP_03511,roboflow_sugarcane,train,RUST,1,1,640,640,46.8,25.64,0.2581,5.63,21.19,36.62,0.5523,152.94
SMP_03512,roboflow_sugarcane,train,RUST,1,1,640,640,62.04,33.4,0.2995,4.68,17.69,43.69,0.5002,173.43
SMP_03513,roboflow_sugarcane,train,RUST,1,1,640,640,54.2,27.59,0.2699,9.58,30.41,41.12,0.5818,154.62
SMP_03514,roboflow_sugarcane,train,RUST,1,1,640,640,60.77,25.05,0.3353,8.26,28.56,52.33,0.5593,120.2
SMP_03515,roboflow_sugarcane,train,RUST,1,1,640,640,53.5,18.19,0.2718,4.54,20.35,40.06,0.4974,147.47
SMP_03516,roboflow_sugarcane,train,RUST,1,1,640,640,64.67,15.71,0.3142,9.72,29.86,39.8,0.5751,135.07
SMP_03517,roboflow_sugarcane,train,RUST,1,1,640,640,54.21,28.62,0.2369,5.69,29.48,44.17,0.6109,123.74
SMP_03518,roboflow_sugarcane,train,RUST,1,1,640,640,55.62,33.04,0.2634,15.78,33.61,52.46,0.51,180.67
SMP_03519,roboflow_sugarcane,train,RUST,1,1,640,640,76.25,21.37,0.2766,20.45,30.93,43.0,0.6257,151.84
SMP_03520,roboflow_sugarcane,train,RUST,1,1,640,640,88.96,17.17,0.3305,14.95,22.63,35.99,0.5115,165.46
SMP_03521,roboflow_sugarcane,train,RUST,1,1,640,640,47.38,9.25,0.1921,14.67,19.67,33.37,0.5009,126.09
SMP_03522,roboflow_sugarcane,train,RUST,1,1,640,640,79.58,18.12,0.2667,12.07,39.11,39.14,0.558,130.91
SMP_03523,roboflow_sugarcane,train,RUST,1,1,640,640,85.0,23.32,0.2653,6.95,21.4,30.3,0.594,139.77
SMP_03524,roboflow_sugarcane,train,RUST,1,1,640,640,48.67,33.59,0.1969,-1.5,12.16,42.52,0.6006,152.07
SMP_03525,roboflow_sugarcane,train,RUST,1,1,640,640,56.86,28.04,0.2614,2.87,16.54,40.08,0.5689,185.34
SMP_03526,roboflow_sugarcane,train,RUST,1,1,640,640,57.65,25.83,0.2184,4.62,10.81,41.63,0.482,139.98
SMP_03527,roboflow_sugarcane,train,RUST,1,1,640,640,82.22,21.6,0.1868,14.04,33.55,25.56,0.4968,107.7
SMP_03528,roboflow_sugarcane,train,RUST,1,1,640,640,46.64,20.5,0.2695,9.28,37.75,47.43,0.5299,159.71
SMP_03529,roboflow_sugarcane,train,RUST,1,1,640,640,54.14,32.43,0.2682,4.7,26.75,30.15,0.5827,126.28
SMP_03530,roboflow_sugarcane,train,RUST,1,1,640,640,41.58,25.2,0.2702,-1.23,13.77,29.19,0.5265,135.12
SMP_03531,roboflow_sugarcane,train,RUST,1,1,640,640,51.61,11.38,0.2901,19.59,33.41,23.88,0.6091,189.4
SMP_03532,roboflow_sugarcane,train,RUST,1,1,640,640,53.82,19.96,0.2448,10.67,28.26,33.76,0.6638,123.72
SMP_03533,roboflow_sugarcane,train,RUST,1,1,640,640,82.84,18.85,0.3516,12.54,33.62,39.07,0.4939,125.9
SMP_03534,roboflow_sugarcane,train,RUST,1,1,640,640,67.79,20.72,0.2787,5.32,29.13,37.28,0.553,119.94
SMP_03535,roboflow_sugarcane,train,RUST,1,1,640,640,54.48,27.38,0.3315,7.31,15.31,42.87,0.585,112.25
SMP_03536,roboflow_sugarcane,train,RUST,1,1,640,640,49.88,23.36,0.2128,6.28,29.63,46.93,0.6,122.53
SMP_03537,roboflow_sugarcane,train,RUST,1,1,640,640,64.27,23.54,0.2466,8.32,14.11,47.52,0.5632,148.5
SMP_03538,roboflow_sugarcane,train,RUST,1,1,640,640,77.62,31.88,0.3075,17.23,19.6,36.21,0.5432,71.59
SMP_03539,roboflow_sugarcane,train,RUST,1,1,640,640,80.01,19.82,0.2709,1.98,32.23,36.98,0.4561,117.49
SMP_03540,roboflow_sugarcane,train,RUST,1,1,640,640,43.0,35.19,0.2371,7.79,31.89,37.04,0.5258,131.72
SMP_03541,roboflow_sugarcane,train,RUST,1,1,640,640,55.17,19.97,0.2065,9.8,18.39,35.11,0.5865,170.56
SMP_03542,roboflow_sugarcane,train,RUST,1,1,640,640,46.01,24.54,0.3093,7.42,17.02,52.17,0.631,199.96
SMP_03543,roboflow_sugarcane,train,RUST,1,1,640,640,45.92,22.31,0.3061,12.98,25.18,40.19,0.4827,112.04
SMP_03544,roboflow_sugarcane,train,RUST,1,1,640,640,56.55,24.74,0.2897,-0.68,39.02,41.55,0.6256,158.56
SMP_03545,roboflow_sugarcane,train,RUST,1,1,640,640,45.28,26.67,0.2602,17.42,28.93,42.76,0.6103,157.33
SMP_03546,roboflow_sugarcane,train,RUST,1,1,640,640,55.6,26.6,0.2355,1.15,41.47,46.5,0.5614,139.02
SMP_03547,roboflow_sugarcane,train,RUST,1,1,640,640,83.9,19.48,0.2779,2.35,23.85,36.39,0.5028,194.35
SMP_03548,roboflow_sugarcane,train,RUST,1,1,640,640,59.26,17.26,0.2274,5.75,31.18,41.58,0.6339,137.5
SMP_03549,roboflow_sugarcane,train,RUST,1,1,640,640,80.24,39.02,0.2499,4.76,22.79,42.12,0.5446,161.55
SMP_03550,roboflow_sugarcane,train,RUST,1,1,640,640,47.05,21.1,0.3305,10.12,19.4,27.08,0.5785,175.02
SMP_03551,roboflow_sugarcane,train,RUST,1,1,640,640,48.72,28.2,0.206,9.54,18.34,34.59,0.5015,135.32
SMP_03552,roboflow_sugarcane,train,RUST,1,1,640,640,49.46,14.35,0.3071,8.57,27.47,36.85,0.4639,108.21
SMP_03553,roboflow_sugarcane,train,RUST,1,1,640,640,74.19,22.32,0.3398,0.91,34.06,44.93,0.5904,92.99
SMP_03554,roboflow_sugarcane,train,RUST,1,1,640,640,83.34,23.24,0.3127,7.3,22.71,62.44,0.5736,155.08
SMP_03555,roboflow_sugarcane,train,RUST,1,1,640,640,48.8,26.84,0.2959,8.1,34.95,34.94,0.5776,141.7
SMP_03556,roboflow_sugarcane,train,RUST,1,1,640,640,65.09,7.67,0.2615,14.16,37.82,34.65,0.4858,129.61
SMP_03557,roboflow_sugarcane,train,RUST,1,1,640,640,57.69,25.0,0.2542,9.0,31.07,41.1,0.5971,143.67
SMP_03558,roboflow_sugarcane,train,RUST,1,1,640,640,80.64,17.1,0.1901,9.91,27.29,25.92,0.5935,173.29
SMP_03559,roboflow_sugarcane,train,RUST,1,1,640,640,47.43,25.95,0.2815,17.81,20.31,25.51,0.6992,163.92
SMP_03560,roboflow_sugarcane,train,RUST,1,1,640,640,76.24,17.78,0.2639,2.2,34.12,37.04,0.5343,131.22
SMP_03561,roboflow_sugarcane,train,RUST,1,1,640,640,87.34,18.87,0.2521,6.06,17.01,34.21,0.4475,137.8
SMP_03562,roboflow_sugarcane,train,RUST,1,1,640,640,50.57,22.36,0.2792,2.32,29.25,45.82,0.5237,173.51
SMP_03563,roboflow_sugarcane,train,RUST,1,1,640,640,93.35,17.69,0.2825,16.03,15.98,35.39,0.5264,122.73
SMP_03564,roboflow_sugarcane,train,RUST,1,1,640,640,59.19,21.15,0.2546,16.37,17.6,28.86,0.5568,136.09
SMP_03565,roboflow_sugarcane,train,RUST,1,1,640,640,58.15,16.84,0.3445,15.64,24.57,30.87,0.5902,165.72
SMP_03566,roboflow_sugarcane,train,RUST,1,1,640,640,89.71,13.0,0.3092,10.74,29.93,46.32,0.5171,170.39
SMP_03567,roboflow_sugarcane,train,RUST,1,1,640,640,72.19,30.11,0.3159,9.9,32.03,32.89,0.6135,138.35
SMP_03568,roboflow_sugarcane,train,RUST,1,1,640,640,53.04,16.22,0.2759,5.71,25.03,35.59,0.5502,201.3
SMP_03569,roboflow_sugarcane,train,RUST,1,1,640,640,72.27,22.93,0.3004,11.85,22.08,35.88,0.4224,145.67
SMP_03570,roboflow_sugarcane,train,RUST,1,1,640,640,60.47,28.52,0.2442,1.59,19.47,33.92,0.5473,102.19
SMP_03571,roboflow_sugarcane,train,RUST,1,1,640,640,59.1,20.31,0.3067,1.58,29.9,40.14,0.5126,174.46
SMP_03572,roboflow_sugarcane,train,RUST,1,1,640,640,52.38,19.05,0.2718,5.9,29.63,50.4,0.558,125.15
SMP_03573,roboflow_sugarcane,train,RUST,1,1,640,640,72.02,25.36,0.2391,17.44,26.24,41.86,0.6128,161.93
SMP_03574,roboflow_sugarcane,train,RUST,1,1,640,640,42.16,30.71,0.2791,5.43,27.11,43.75,0.4797,146.71
SMP_03575,roboflow_sugarcane,train,RUST,1,1,640,640,48.43,16.98,0.2683,6.11,36.21,31.25,0.5401,222.3
SMP_03576,roboflow_sugarcane,train,RUST,1,1,640,640,88.02,23.1,0.3729,9.44,32.12,40.6,0.6483,129.72
SMP_03577,roboflow_sugarcane,train,RUST,1,1,640,640,90.73,13.61,0.2974,12.49,15.09,47.58,0.5268,140.93
SMP_03578,roboflow_sugarcane,train,RUST,1,1,640,640,60.13,21.64,0.3432,14.26,31.21,36.38,0.5117,139.26
SMP_03579,roboflow_sugarcane,train,RUST,1,1,640,640,63.47,24.21,0.3253,2.4,34.67,37.97,0.6621,134.25
SMP_03580,roboflow_sugarcane,train,RUST,1,1,640,640,41.7,18.87,0.2815,7.52,19.26,43.35,0.58,104.51
SMP_03581,roboflow_sugarcane,train,RUST,1,1,640,640,44.9,21.26,0.2623,9.12,31.64,48.71,0.6354,102.53
SMP_03582,roboflow_sugarcane,train,RUST,1,1,640,640,83.9,15.55,0.2104,9.62,46.04,46.31,0.5092,131.64
SMP_03583,roboflow_sugarcane,train,RUST,1,1,640,640,60.6,24.46,0.2452,12.33,28.38,29.13,0.5246,142.04
SMP_03584,roboflow_sugarcane,train,RUST,1,1,640,640,53.13,30.33,0.3065,12.1,23.35,40.36,0.4902,128.25
SMP_03585,roboflow_sugarcane,train,RUST,1,1,640,640,81.47,17.42,0.2679,8.13,24.29,33.76,0.5808,129.82
SMP_03586,roboflow_sugarcane,train,RUST,1,1,640,640,66.95,20.26,0.295,13.76,25.92,35.75,0.5088,160.96
SMP_03587,roboflow_sugarcane,train,RUST,1,1,640,640,67.8,27.02,0.1988,12.84,13.96,28.88,0.4963,127.73
SMP_03588,roboflow_sugarcane,train,RUST,1,1,640,640,80.47,31.27,0.2981,12.44,13.64,36.14,0.5582,98.11
SMP_03589,roboflow_sugarcane,train,RUST,1,1,640,640,54.51,15.04,0.3239,5.36,26.89,32.05,0.5706,159.56
SMP_03590,roboflow_sugarcane,train,RUST,1,1,640,640,64.77,22.99,0.209,11.56,24.66,36.88,0.5458,173.88
SMP_03591,roboflow_sugarcane,train,RUST,1,1,640,640,83.55,25.7,0.2949,14.02,29.64,41.45,0.557,158.31
SMP_03592,roboflow_sugarcane,train,RUST,1,1,640,640,59.42,23.39,0.3337,5.43,23.02,39.98,0.6433,128.62
SMP_03593,roboflow_sugarcane,train,RUST,1,1,640,640,77.41,9.14,0.3472,8.66,25.58,44.2,0.6124,136.88
SMP_03594,roboflow_sugarcane,train,RUST,1,1,640,640,87.67,27.01,0.2599,15.82,31.65,34.59,0.5472,130.19
SMP_03595,roboflow_sugarcane,train,RUST,1,1,640,640,45.6,33.12,0.3112,9.98,9.07,26.17,0.5881,154.08
SMP_03596,roboflow_sugarcane,train,RUST,1,1,640,640,64.2,24.7,0.3372,7.56,18.59,49.18,0.6019,176.9
SMP_03597,roboflow_sugarcane,train,RUST,1,1,640,640,54.06,17.81,0.2961,15.31,21.34,41.84,0.5696,153.01
SMP_03598,roboflow_sugarcane,train,RUST,1,1,640,640,54.46,20.92,0.3314,5.65,23.89,42.16,0.5045,140.09
SMP_03599,roboflow_sugarcane,train,RUST,1,1,640,640,71.74,34.62,0.2786,-0.48,15.08,41.78,0.4396,143.25
SMP_03600,roboflow_sugarcane,train,RUST,1,1,640,640,75.67,29.46,0.2958,4.1,18.64,39.8,0.6595,153.62
SMP_03601,roboflow_sugarcane,train,RUST,1,1,640,640,50.97,27.84,0.2551,13.68,29.89,44.94,0.5523,195.59
SMP_03602,roboflow_sugarcane,train,RUST,1,1,640,640,46.28,26.14,0.2734,10.6,28.25,33.41,0.5786,164.37
SMP_03603,roboflow_sugarcane,train,RUST,1,1,640,640,81.97,20.03,0.2973,8.34,5.45,43.52,0.4972,112.57
SMP_03604,roboflow_sugarcane,train,RUST,1,1,640,640,80.41,22.8,0.2521,13.31,23.42,40.49,0.5362,112.66
SMP_03605,roboflow_sugarcane,train,RUST,1,1,640,640,83.9,23.53,0.2711,8.83,24.0,38.92,0.5023,195.66
SMP_03606,roboflow_sugarcane,train,RUST,1,1,640,640,45.71,27.3,0.3104,6.89,18.61,34.57,0.4899,162.42
SMP_03607,roboflow_sugarcane,train,RUST,1,1,640,640,82.84,33.05,0.3621,12.18,24.01,39.76,0.5698,110.76
SMP_03608,roboflow_sugarcane,train,RUST,1,1,640,640,47.57,30.71,0.198,6.09,27.75,36.54,0.5701,115.22
SMP_03609,roboflow_sugarcane,train,RUST,1,1,640,640,71.29,15.48,0.3591,10.45,30.01,43.99,0.5574,140.47
SMP_03610,roboflow_sugarcane,train,RUST,1,1,640,640,87.82,25.34,0.2696,4.03,25.71,34.76,0.556,175.69
SMP_03611,roboflow_sugarcane,train,RUST,1,1,640,640,68.12,28.42,0.3186,2.73,29.53,30.79,0.5819,113.97
SMP_03612,roboflow_sugarcane,train,RUST,1,1,640,640,52.27,27.71,0.3264,3.67,25.08,41.95,0.3868,152.01
SMP_03613,roboflow_sugarcane,train,RUST,1,1,640,640,78.36,20.22,0.3426,7.87,9.01,52.75,0.5975,183.27
SMP_03614,roboflow_sugarcane,train,RUST,1,1,640,640,58.93,41.48,0.2509,4.76,24.06,39.79,0.6858,118.9
SMP_03615,roboflow_sugarcane,train,RUST,1,1,640,640,59.63,16.34,0.271,4.9,16.4,36.99,0.4615,130.95
SMP_03616,roboflow_sugarcane,train,RUST,1,1,640,640,59.05,17.5,0.2779,7.23,25.79,50.52,0.4355,214.62
SMP_03617,roboflow_sugarcane,train,RUST,1,1,640,640,37.8,25.4,0.2657,7.64,23.46,41.22,0.4485,137.48
SMP_03618,roboflow_sugarcane,train,RUST,1,1,640,640,41.44,36.7,0.3328,0.24,23.39,36.96,0.6094,137.64
SMP_03619,roboflow_sugarcane,train,RUST,1,1,640,640,71.85,18.98,0.2769,-4.61,19.14,50.01,0.4793,144.07
SMP_03620,roboflow_sugarcane,train,RUST,1,1,640,640,73.91,22.41,0.2153,10.0,22.21,32.84,0.5617,138.12
SMP_03621,roboflow_sugarcane,train,RUST,1,1,640,640,83.63,30.46,0.2547,8.7,27.15,35.67,0.5797,165.18
SMP_03622,roboflow_sugarcane,train,RUST,1,1,640,640,46.68,23.89,0.2169,1.15,18.61,40.37,0.5394,148.33
SMP_03623,roboflow_sugarcane,train,RUST,1,1,640,640,70.56,21.99,0.2709,10.18,20.65,57.78,0.5213,126.1
SMP_03624,roboflow_sugarcane,train,RUST,1,1,640,640,59.24,27.39,0.3069,10.17,12.73,31.52,0.5306,124.12
SMP_03625,roboflow_sugarcane,train,RUST,1,1,640,640,55.02,25.64,0.2538,6.49,26.95,30.06,0.4718,150.45
SMP_03626,roboflow_sugarcane,train,RUST,1,1,640,640,44.02,30.18,0.2639,17.8,16.07,39.58,0.5986,105.11
SMP_03627,roboflow_sugarcane,train,RUST,1,1,640,640,77.84,31.75,0.269,14.35,25.19,48.43,0.6159,167.06
SMP_03628,roboflow_sugarcane,train,RUST,1,1,640,640,54.55,25.84,0.2856,6.0,29.94,44.32,0.5623,207.69
SMP_03629,roboflow_sugarcane,train,RUST,1,1,640,640,80.2,25.75,0.3006,6.1,33.9,33.29,0.4985,147.94
SMP_03630,roboflow_sugarcane,train,RUST,1,1,640,640,37.58,25.28,0.3123,0.71,22.75,29.96,0.5465,97.13
SMP_03631,roboflow_sugarcane,train,RUST,1,1,640,640,63.49,26.93,0.3702,14.12,29.37,33.41,0.5379,137.53
SMP_03632,roboflow_sugarcane,train,RUST,1,1,640,640,91.48,24.33,0.2849,9.23,24.95,38.73,0.5142,127.99
SMP_03633,roboflow_sugarcane,train,RUST,1,1,640,640,83.25,24.0,0.3094,12.12,11.89,40.2,0.5514,144.83
SMP_03634,roboflow_sugarcane,train,RUST,1,1,640,640,54.06,31.18,0.2165,-2.67,14.6,36.31,0.5328,140.28
SMP_03635,roboflow_sugarcane,train,RUST,1,1,640,640,77.35,33.1,0.2648,11.89,30.93,36.13,0.6181,179.3
SMP_03636,roboflow_sugarcane,train,RUST,1,1,640,640,42.99,14.95,0.2692,5.45,33.1,36.08,0.4954,126.21
SMP_03637,roboflow_sugarcane,train,RUST,1,1,640,640,44.97,24.06,0.2393,10.92,10.17,42.23,0.5368,139.3
SMP_03638,roboflow_sugarcane,train,RUST,1,1,640,640,84.27,19.87,0.2586,10.61,27.34,40.44,0.498,114.19
SMP_03639,roboflow_sugarcane,train,RUST,1,1,640,640,84.27,22.13,0.2757,7.9,26.88,42.36,0.5469,151.92
SMP_03640,roboflow_sugarcane,train,RUST,1,1,640,640,43.25,26.42,0.2598,4.51,19.38,40.4,0.5654,166.98
SMP_03641,roboflow_sugarcane,train,RUST,1,1,640,640,45.12,28.02,0.3841,9.99,19.45,24.91,0.534,182.42
SMP_03642,roboflow_sugarcane,train,RUST,1,1,640,640,45.55,23.33,0.3005,3.82,17.6,38.08,0.6026,152.53
SMP_03643,roboflow_sugarcane,train,RUST,1,1,640,640,79.33,12.52,0.36,13.25,11.55,33.31,0.6499,149.38
SMP_03644,roboflow_sugarcane,train,RUST,1,1,640,640,40.82,18.21,0.3397,4.39,17.62,49.07,0.3535,117.76
SMP_03645,roboflow_sugarcane,train,RUST,1,1,640,640,57.39,29.38,0.2544,8.11,29.87,29.97,0.6033,77.48
SMP_03646,roboflow_sugarcane,train,RUST,1,1,640,640,79.47,7.56,0.2815,4.27,22.55,24.61,0.5472,124.88
SMP_03647,roboflow_sugarcane,train,RUST,1,1,640,640,48.79,31.12,0.2626,8.79,30.14,43.53,0.5493,133.79
SMP_03648,roboflow_sugarcane,train,RUST,1,1,640,640,49.71,27.13,0.2735,2.84,10.99,39.72,0.534,137.47
SMP_03649,roboflow_sugarcane,train,RUST,1,1,640,640,72.34,31.9,0.2409,3.95,28.08,38.97,0.5865,93.43
SMP_03650,roboflow_sugarcane,train,RUST,1,1,640,640,50.96,22.81,0.2623,19.47,30.44,40.83,0.5538,132.68
SMP_03651,roboflow_sugarcane,train,RUST,1,1,640,640,89.79,11.63,0.2944,12.22,6.71,37.36,0.5982,77.54
SMP_03652,roboflow_sugarcane,train,RUST,1,1,640,640,61.97,26.58,0.2933,9.85,21.31,34.78,0.5509,102.57
SMP_03653,roboflow_sugarcane,train,RUST,1,1,640,640,59.9,31.65,0.2901,10.57,27.41,39.17,0.5825,173.92
SMP_03654,roboflow_sugarcane,train,RUST,1,1,640,640,49.89,29.55,0.2776,9.53,34.12,30.57,0.5967,180.45
SMP_03655,roboflow_sugarcane,train,RUST,1,1,640,640,79.9,20.02,0.3144,7.56,15.35,48.38,0.5423,137.09
SMP_03656,roboflow_sugarcane,train,RUST,1,1,640,640,55.0,24.52,0.2697,11.78,34.71,33.43,0.5959,148.29
SMP_03657,roboflow_sugarcane,train,RUST,1,1,640,640,85.5,20.8,0.3357,3.87,28.07,29.49,0.5795,153.48
SMP_03658,roboflow_sugarcane,train,RUST,1,1,640,640,55.04,19.08,0.2061,15.98,17.98,40.71,0.5611,152.83
SMP_03659,roboflow_sugarcane,train,RUST,1,1,640,640,75.11,29.73,0.3063,8.6,31.95,32.21,0.5083,114.63
SMP_03660,roboflow_sugarcane,train,RUST,1,1,640,640,44.92,16.81,0.2995,12.01,41.12,46.36,0.4995,145.66
SMP_03661,roboflow_sugarcane,train,RUST,1,1,640,640,87.99,18.64,0.253,15.87,22.65,24.04,0.5731,149.54
SMP_03662,roboflow_sugarcane,train,RUST,1,1,640,640,67.54,17.38,0.2658,10.46,22.07,26.45,0.5884,148.13
SMP_03663,roboflow_sugarcane,train,RUST,1,1,640,640,41.23,15.06,0.2986,3.95,18.34,35.4,0.5304,117.95
SMP_03664,roboflow_sugarcane,train,RUST,1,1,640,640,86.02,24.88,0.3166,14.1,37.87,38.91,0.5933,107.46
SMP_03665,roboflow_sugarcane,train,RUST,1,1,640,640,51.57,30.97,0.21,16.48,19.89,32.82,0.508,135.03
SMP_03666,roboflow_sugarcane,train,RUST,1,1,640,640,74.4,22.89,0.3051,-1.73,18.22,36.14,0.5428,100.25
SMP_03667,roboflow_sugarcane,train,RUST,1,1,640,640,41.97,14.97,0.2617,7.49,20.63,50.1,0.5152,116.83
SMP_03668,roboflow_sugarcane,train,RUST,1,1,640,640,53.79,29.04,0.325,9.46,20.71,33.09,0.5108,154.99
SMP_03669,roboflow_sugarcane,train,RUST,1,1,640,640,42.27,34.11,0.2064,6.68,20.95,26.73,0.5015,173.14
SMP_03670,roboflow_sugarcane,train,RUST,1,1,640,640,63.38,20.12,0.3778,1.77,19.48,36.37,0.7557,167.14
SMP_03671,roboflow_sugarcane,train,RUST,1,1,640,640,42.02,21.13,0.2446,3.58,19.99,30.07,0.6175,120.99
SMP_03672,roboflow_sugarcane,train,RUST,1,1,640,640,56.1,27.09,0.3372,-1.25,26.0,42.02,0.5791,129.15
SMP_03673,roboflow_sugarcane,train,RUST,1,1,640,640,82.87,33.73,0.2772,12.78,34.45,41.48,0.5262,127.47
SMP_03674,roboflow_sugarcane,train,RUST,1,1,640,640,59.5,20.88,0.2473,14.87,18.06,37.07,0.4826,147.11
SMP_03675,roboflow_sugarcane,train,RUST,1,1,640,640,52.21,16.01,0.2906,14.8,15.88,40.65,0.4586,114.93
SMP_03676,roboflow_sugarcane,train,RUST,1,1,640,640,80.05,27.79,0.3212,7.85,27.28,30.51,0.5403,143.1
SMP_03677,roboflow_sugarcane,train,RUST,1,1,640,640,43.14,28.79,0.2179,9.36,28.73,44.61,0.6051,137.5
SMP_03678,roboflow_sugarcane,train,RUST,1,1,640,640,47.27,24.04,0.3081,13.35,35.79,34.03,0.4869,158.71
SMP_03679,roboflow_sugarcane,train,RUST,1,1,640,640,56.59,20.65,0.2795,6.84,34.86,49.75,0.584,107.4
SMP_03680,roboflow_sugarcane,train,RUST,1,1,640,640,36.75,29.97,0.3031,3.25,13.9,35.74,0.5616,111.98
SMP_03681,roboflow_sugarcane,train,RUST,1,1,640,640,80.39,27.17,0.2804,5.15,11.02,34.85,0.5587,150.68
SMP_03682,roboflow_sugarcane,train,RUST,1,1,640,640,47.58,19.39,0.2571,8.88,28.96,36.62,0.7091,144.74
SMP_03683,roboflow_sugarcane,train,RUST,1,1,640,640,70.59,24.29,0.2355,4.43,28.77,42.1,0.5665,106.86
SMP_03684,roboflow_sugarcane,train,RUST,1,1,640,640,63.91,15.89,0.3069,10.37,35.37,48.12,0.5631,85.27
SMP_03685,roboflow_sugarcane,train,RUST,1,1,640,640,43.27,28.12,0.3067,1.22,27.75,40.5,0.5151,156.56
SMP_03686,roboflow_sugarcane,train,RUST,1,1,640,640,71.9,22.43,0.3065,6.79,21.06,52.96,0.5104,145.03
SMP_03687,roboflow_sugarcane,train,RUST,1,1,640,640,37.74,21.39,0.2971,10.03,32.28,32.25,0.4839,133.35
SMP_03688,roboflow_sugarcane,train,RUST,1,1,640,640,66.67,23.8,0.3178,8.66,17.69,36.57,0.4711,156.78
SMP_03689,roboflow_sugarcane,train,RUST,1,1,640,640,46.29,24.24,0.3362,4.32,39.05,30.24,0.5354,116.65
SMP_03690,roboflow_sugarcane,train,RUST,1,1,640,640,93.56,29.37,0.2049,11.68,26.91,34.47,0.5811,154.29
SMP_03691,roboflow_sugarcane,train,RUST,1,1,640,640,61.52,27.55,0.1863,9.31,19.84,33.38,0.438,173.33
SMP_03692,roboflow_sugarcane,train,RUST,1,1,640,640,88.28,23.06,0.3487,-2.44,18.79,27.73,0.5418,153.35
SMP_03693,roboflow_sugarcane,train,RUST,1,1,640,640,56.7,28.58,0.2264,10.28,26.37,44.55,0.5025,100.78
SMP_03694,roboflow_sugarcane,train,RUST,1,1,640,640,95.27,26.4,0.2366,5.89,24.44,42.14,0.5967,168.67
SMP_03695,roboflow_sugarcane,train,RUST,1,1,640,640,52.51,21.44,0.2685,5.38,24.04,35.2,0.5264,107.72
SMP_03696,roboflow_sugarcane,train,RUST,1,1,640,640,84.43,23.25,0.2138,3.85,15.83,40.25,0.6002,131.01
SMP_03697,roboflow_sugarcane,train,RUST,1,1,640,640,80.43,23.11,0.2647,2.98,23.87,35.11,0.5147,154.3
SMP_03698,roboflow_sugarcane,train,RUST,1,1,640,640,51.88,27.03,0.2421,9.03,30.79,36.43,0.5784,163.31
SMP_03699,roboflow_sugarcane,train,RUST,1,1,640,640,45.76,21.8,0.2707,10.73,19.72,41.54,0.55,139.43
SMP_03700,roboflow_sugarcane,train,RUST,1,1,640,640,84.06,21.66,0.2912,8.77,26.79,37.88,0.5787,203.08
SMP_03701,roboflow_sugarcane,train,RUST,1,1,640,640,49.31,35.81,0.2663,12.75,32.83,38.12,0.6105,105.06
SMP_03702,roboflow_sugarcane,train,RUST,1,1,640,640,74.94,29.64,0.2642,10.91,29.41,24.62,0.6615,202.64
SMP_03703,roboflow_sugarcane,train,RUST,1,1,640,640,82.37,19.44,0.2903,-2.03,16.53,43.75,0.5573,88.27
SMP_03704,roboflow_sugarcane,train,RUST,1,1,640,640,57.98,27.43,0.3218,3.42,27.25,47.12,0.5483,139.86
SMP_03705,roboflow_sugarcane,train,RUST,1,1,640,640,51.58,24.71,0.3441,13.94,35.25,45.18,0.6355,94.73
SMP_03706,roboflow_sugarcane,train,RUST,1,1,640,640,63.95,26.35,0.2713,1.65,28.48,34.27,0.5093,151.18
SMP_03707,roboflow_sugarcane,train,RUST,1,1,640,640,59.64,24.82,0.353,-5.68,33.26,44.84,0.5785,94.9
SMP_03708,roboflow_sugarcane,train,RUST,1,1,640,640,47.65,31.14,0.3151,17.16,31.86,41.03,0.5147,154.6
SMP_03709,roboflow_sugarcane,train,RUST,1,1,640,640,43.71,26.07,0.2307,9.48,17.03,31.94,0.5416,122.17
SMP_03710,roboflow_sugarcane,train,RUST,1,1,640,640,47.14,23.63,0.2296,4.58,37.46,35.88,0.5067,88.73
SMP_03711,roboflow_sugarcane,train,RUST,1,1,640,640,88.91,30.25,0.2569,3.76,33.78,37.3,0.59,187.13
SMP_03712,roboflow_sugarcane,train,RUST,1,1,640,640,48.06,25.4,0.3378,11.15,23.02,21.68,0.5364,161.55
SMP_03713,roboflow_sugarcane,train,RUST,1,1,640,640,79.69,24.73,0.2599,10.39,34.07,39.36,0.4769,156.65
SMP_03714,roboflow_sugarcane,train,RUST,1,1,640,640,48.12,25.88,0.2043,9.64,24.11,30.14,0.4747,195.78
SMP_03715,roboflow_sugarcane,train,RUST,1,1,640,640,63.63,23.44,0.2708,7.06,24.37,30.61,0.5578,127.83
SMP_03716,roboflow_sugarcane,train,RUST,1,1,640,640,76.85,24.06,0.2008,1.6,18.74,39.09,0.6146,177.78
SMP_03717,roboflow_sugarcane,train,RUST,1,1,640,640,38.46,20.48,0.2378,7.82,17.76,35.59,0.4388,110.21
SMP_03718,roboflow_sugarcane,train,RUST,1,1,640,640,85.08,19.49,0.2565,13.33,26.04,31.0,0.5337,141.95
SMP_03719,roboflow_sugarcane,train,RUST,1,1,640,640,57.26,18.01,0.286,5.29,23.23,39.06,0.5136,92.27
SMP_03720,roboflow_sugarcane,train,RUST,1,1,640,640,71.41,15.65,0.321,11.01,14.59,31.99,0.6034,197.37
SMP_03721,roboflow_sugarcane,train,RUST,1,1,640,640,60.61,18.72,0.3078,5.98,27.45,31.97,0.4922,134.11
SMP_03722,roboflow_sugarcane,train,RUST,1,1,640,640,96.76,22.95,0.2328,12.01,28.57,46.24,0.5486,119.27
SMP_03723,roboflow_sugarcane,train,RUST,1,1,640,640,57.45,24.62,0.2651,3.1,27.09,39.12,0.4739,198.52
SMP_03724,roboflow_sugarcane,train,RUST,1,1,640,640,85.43,22.37,0.2831,8.07,27.03,40.31,0.6218,161.01
SMP_03725,roboflow_sugarcane,train,RUST,1,1,640,640,61.78,9.87,0.2695,10.28,27.85,48.97,0.4942,118.38
SMP_03726,roboflow_sugarcane,train,RUST,1,1,640,640,43.02,33.45,0.2692,4.62,26.17,36.37,0.6197,123.98
SMP_03727,roboflow_sugarcane,train,RUST,1,1,640,640,73.24,30.52,0.2111,9.81,27.44,33.56,0.5533,147.7
SMP_03728,roboflow_sugarcane,train,RUST,1,1,640,640,54.67,26.67,0.2339,7.85,28.54,33.67,0.4963,214.64
SMP_03729,roboflow_sugarcane,train,RUST,1,1,640,640,51.54,35.44,0.2639,7.78,20.9,50.95,0.5865,116.7
SMP_03730,roboflow_sugarcane,train,RUST,1,1,640,640,49.68,18.14,0.1563,4.61,16.14,37.33,0.5953,162.63
SMP_03731,roboflow_sugarcane,train,RUST,1,1,640,640,60.22,35.33,0.3056,12.99,27.23,31.49,0.6524,132.2
SMP_03732,roboflow_sugarcane,train,RUST,1,1,640,640,47.9,18.21,0.2251,3.27,26.06,38.93,0.5837,169.67
SMP_03733,roboflow_sugarcane,train,RUST,1,1,640,640,98.03,25.43,0.3075,9.4,28.17,33.64,0.5895,132.84
SMP_03734,roboflow_sugarcane,train,RUST,1,1,640,640,55.49,16.36,0.304,3.75,32.97,35.13,0.6007,136.43
SMP_03735,roboflow_sugarcane,train,RUST,1,1,640,640,68.38,24.09,0.2583,7.67,24.76,49.4,0.3473,92.42
SMP_03736,roboflow_sugarcane,train,RUST,1,1,640,640,88.36,26.32,0.32,11.21,24.07,38.88,0.5731,137.29
SMP_03737,roboflow_sugarcane,train,RUST,1,1,640,640,79.43,23.07,0.3097,6.56,28.28,29.05,0.6105,220.55
SMP_03738,roboflow_sugarcane,train,RUST,1,1,640,640,46.32,28.28,0.2676,-7.38,17.86,34.92,0.5638,107.44
SMP_03739,roboflow_sugarcane,train,RUST,1,1,640,640,72.19,24.59,0.2631,1.28,25.29,25.04,0.5195,134.92
SMP_03740,roboflow_sugarcane,train,RUST,1,1,640,640,84.68,20.87,0.3239,-2.79,24.28,32.69,0.5078,142.49
SMP_03741,roboflow_sugarcane,train,RUST,1,1,640,640,56.28,20.6,0.2893,8.34,31.14,45.02,0.5474,171.5
SMP_03742,roboflow_sugarcane,train,RUST,1,1,640,640,51.36,28.87,0.3218,7.97,21.79,32.94,0.542,142.22
SMP_03743,roboflow_sugarcane,train,RUST,1,1,640,640,91.16,20.08,0.1844,6.25,25.64,56.5,0.5624,180.06
SMP_03744,roboflow_sugarcane,train,RUST,1,1,640,640,55.43,29.49,0.2839,4.87,23.91,19.71,0.5502,115.88
SMP_03745,roboflow_sugarcane,train,RUST,1,1,640,640,59.31,31.34,0.2169,9.11,7.59,34.9,0.5879,141.03
SMP_03746,roboflow_sugarcane,train,RUST,1,1,640,640,84.61,13.99,0.279,0.76,21.3,38.79,0.4714,140.03
SMP_03747,roboflow_sugarcane,train,RUST,1,1,640,640,47.71,30.8,0.3086,12.78,24.94,38.43,0.598,123.46
SMP_03748,roboflow_sugarcane,train,RUST,1,1,640,640,55.85,36.36,0.3496,8.38,18.76,41.94,0.6261,141.62
SMP_03749,roboflow_sugarcane,train,RUST,1,1,640,640,68.5,25.51,0.2425,3.28,24.14,36.08,0.4494,118.22
SMP_03750,roboflow_sugarcane,train,RUST,1,1,640,640,45.14,27.59,0.259,5.91,34.37,46.77,0.5238,164.42
SMP_03751,roboflow_sugarcane,train,RUST,1,1,640,640,45.64,30.22,0.2762,7.34,31.74,29.39,0.6007,101.95
SMP_03752,roboflow_sugarcane,train,RUST,1,1,640,640,46.59,22.35,0.241,1.1,11.94,36.33,0.5752,94.5
SMP_03753,roboflow_sugarcane,train,RUST,1,1,640,640,84.94,25.09,0.3191,11.35,30.32,30.2,0.481,111.6
SMP_03754,roboflow_sugarcane,train,RUST,1,1,640,640,40.19,16.11,0.2772,12.83,28.93,34.53,0.5856,142.8
SMP_03755,roboflow_sugarcane,train,RUST,1,1,640,640,87.09,24.83,0.2849,8.59,24.35,36.2,0.4376,154.98
SMP_03756,roboflow_sugarcane,train,RUST,1,1,640,640,70.27,26.99,0.3048,12.7,8.59,42.33,0.5801,121.73
SMP_03757,roboflow_sugarcane,train,RUST,1,1,640,640,46.56,27.1,0.2771,21.25,30.48,30.91,0.6308,157.34
SMP_03758,roboflow_sugarcane,train,RUST,1,1,640,640,46.25,30.39,0.2473,-1.39,22.0,36.05,0.5484,58.82
SMP_03759,roboflow_sugarcane,train,RUST,1,1,640,640,73.15,19.35,0.2775,8.26,26.48,38.15,0.5983,129.83
SMP_03760,roboflow_sugarcane,train,RUST,1,1,640,640,45.62,20.8,0.2458,1.28,18.23,39.01,0.57,124.64
SMP_03761,roboflow_sugarcane,train,RUST,1,1,640,640,43.8,35.37,0.2843,15.8,19.8,30.22,0.505,151.05
SMP_03762,roboflow_sugarcane,train,RUST,1,1,640,640,75.22,23.1,0.3199,9.23,31.55,39.63,0.516,172.38
SMP_03763,roboflow_sugarcane,train,RUST,1,1,640,640,45.86,25.2,0.233,4.51,36.36,46.17,0.5314,221.28
SMP_03764,roboflow_sugarcane,train,RUST,1,1,640,640,61.25,23.6,0.2187,6.7,22.01,46.09,0.5352,137.82
SMP_03765,roboflow_sugarcane,train,RUST,1,1,640,640,78.35,19.07,0.282,14.68,35.59,36.05,0.6199,21.59
SMP_03766,roboflow_sugarcane,train,RUST,1,1,640,640,38.19,33.74,0.2493,10.26,22.0,41.64,0.6394,143.26
SMP_03767,roboflow_sugarcane,train,RUST,1,1,640,640,79.2,20.83,0.2813,10.89,21.91,36.86,0.602,134.01
SMP_03768,roboflow_sugarcane,train,RUST,1,1,640,640,52.88,17.24,0.2928,15.44,15.08,45.46,0.6387,152.83
SMP_03769,roboflow_sugarcane,train,RUST,1,1,640,640,40.25,21.3,0.1943,12.77,28.48,42.75,0.5667,154.6
SMP_03770,roboflow_sugarcane,train,RUST,1,1,640,640,82.58,11.99,0.3076,13.62,23.63,29.88,0.3897,123.92
SMP_03771,roboflow_sugarcane,train,RUST,1,1,640,640,61.54,20.09,0.2332,7.37,24.03,36.93,0.5502,103.73
SMP_03772,roboflow_sugarcane,train,RUST,1,1,640,640,71.04,18.19,0.2791,-3.27,22.34,33.4,0.5035,160.36
SMP_03773,roboflow_sugarcane,train,RUST,1,1,640,640,41.33,27.7,0.2536,8.52,18.06,37.33,0.5903,176.16
SMP_03774,roboflow_sugarcane,train,RUST,1,1,640,640,48.8,19.96,0.2579,4.68,29.38,29.93,0.5415,159.43
SMP_03775,roboflow_sugarcane,train,RUST,1,1,640,640,69.49,29.33,0.3478,11.94,24.57,37.17,0.5688,157.19
SMP_03776,roboflow_sugarcane,train,RUST,1,1,640,640,66.79,32.39,0.2928,-0.85,30.66,36.92,0.5531,144.25
SMP_03777,roboflow_sugarcane,train,RUST,1,1,640,640,48.34,28.69,0.3162,12.14,18.39,37.11,0.517,169.0
SMP_03778,roboflow_sugarcane,train,RUST,1,1,640,640,95.72,22.71,0.286,8.94,26.67,39.78,0.4996,106.69
SMP_03779,roboflow_sugarcane,train,RUST,1,1,640,640,63.7,24.85,0.3048,9.77,39.96,27.21,0.5207,152.42
SMP_03780,roboflow_sugarcane,train,RUST,1,1,640,640,76.85,14.85,0.2967,11.09,20.02,43.46,0.5763,117.03
SMP_03781,roboflow_sugarcane,train,RUST,1,1,640,640,42.82,23.2,0.2902,7.86,21.61,43.88,0.6325,97.58
SMP_03782,roboflow_sugarcane,train,RUST,1,1,640,640,42.83,18.84,0.3243,6.34,21.53,47.84,0.5763,175.63
SMP_03783,roboflow_sugarcane,train,RUST,1,1,640,640,39.99,28.17,0.2863,13.67,17.7,37.32,0.7029,118.82
SMP_03784,roboflow_sugarcane,train,RUST,1,1,640,640,64.31,39.44,0.3714,10.97,36.6,39.82,0.5882,153.38
SMP_03785,roboflow_sugarcane,train,RUST,1,1,640,640,60.45,27.0,0.3184,11.44,8.87,45.32,0.5631,164.88
SMP_03786,roboflow_sugarcane,train,RUST,1,1,640,640,55.44,12.05,0.2344,7.59,16.44,33.08,0.6183,143.97
SMP_03787,roboflow_sugarcane,train,RUST,1,1,640,640,90.12,21.83,0.2729,8.55,28.28,41.44,0.4643,116.04
SMP_03788,roboflow_sugarcane,train,RUST,1,1,640,640,47.64,24.73,0.2959,7.93,19.89,32.84,0.5114,186.44
SMP_03789,roboflow_sugarcane,train,RUST,1,1,640,640,88.5,24.52,0.2818,-0.72,24.79,41.62,0.5869,92.62
SMP_03790,roboflow_sugarcane,train,RUST,1,1,640,640,68.37,19.62,0.3075,1.09,24.8,40.75,0.5066,147.63
SMP_03791,roboflow_sugarcane,train,RUST,1,1,640,640,39.92,25.47,0.3119,7.38,28.48,31.73,0.636,200.34
SMP_03792,roboflow_sugarcane,train,RUST,1,1,640,640,52.71,16.54,0.2256,-1.39,25.57,41.58,0.5205,188.86
SMP_03793,roboflow_sugarcane,train,RUST,1,1,640,640,85.1,18.33,0.3312,7.45,22.28,34.93,0.5991,121.12
SMP_03794,roboflow_sugarcane,train,RUST,1,1,640,640,50.0,27.87,0.2601,3.53,25.91,36.87,0.5564,178.95
SMP_03795,roboflow_sugarcane,train,RUST,1,1,640,640,53.37,17.91,0.2562,7.62,23.75,43.7,0.6668,112.39
SMP_03796,roboflow_sugarcane,train,RUST,1,1,640,640,43.59,27.23,0.256,8.85,36.86,45.54,0.5943,117.88
SMP_03797,roboflow_sugarcane,train,RUST,1,1,640,640,62.67,15.78,0.3123,-1.29,20.97,40.9,0.5854,158.5
SMP_03798,roboflow_sugarcane,train,RUST,1,1,640,640,72.04,34.59,0.2693,9.63,28.89,38.09,0.5286,110.4
SMP_03799,roboflow_sugarcane,train,RUST,1,1,640,640,51.81,19.35,0.2535,5.75,31.4,42.94,0.5159,118.06
SMP_03800,roboflow_sugarcane,train,RUST,1,1,640,640,85.32,22.66,0.263,-3.61,15.75,35.72,0.5542,133.77
SMP_03801,roboflow_sugarcane,train,RUST,1,1,640,640,54.87,25.98,0.2082,5.7,17.21,44.27,0.5836,147.68
SMP_03802,roboflow_sugarcane,train,RUST,1,1,640,640,48.92,20.61,0.2463,9.9,38.52,33.68,0.5704,136.22
SMP_03803,roboflow_sugarcane,train,RUST,1,1,640,640,42.34,24.86,0.2304,5.97,20.26,36.48,0.4629,131.15
SMP_03804,roboflow_sugarcane,train,RUST,1,1,640,640,40.43,27.45,0.2692,5.67,25.09,31.5,0.5298,112.25
SMP_03805,roboflow_sugarcane,train,RUST,1,1,640,640,88.66,29.76,0.3066,8.77,23.78,37.41,0.5695,83.64
SMP_03806,roboflow_sugarcane,train,RUST,1,1,640,640,65.83,28.75,0.3022,5.6,24.73,48.61,0.4923,107.27
SMP_03807,roboflow_sugarcane,train,RUST,1,1,640,640,51.05,22.97,0.3303,6.66,22.39,48.66,0.5744,177.63
SMP_03808,roboflow_sugarcane,train,RUST,1,1,640,640,88.43,23.12,0.3214,1.37,25.85,49.4,0.5236,148.72
SMP_03809,roboflow_sugarcane,train,RUST,1,1,640,640,52.44,38.09,0.2589,5.41,19.31,33.51,0.5855,149.46
SMP_03810,roboflow_sugarcane,train,RUST,1,1,640,640,85.6,29.7,0.2808,17.42,23.43,56.95,0.5367,170.73
SMP_03811,roboflow_sugarcane,train,RUST,1,1,640,640,56.3,18.47,0.2787,8.89,11.2,46.28,0.5529,132.89
SMP_03812,roboflow_sugarcane,train,RUST,1,1,640,640,67.99,24.6,0.194,9.35,24.19,45.13,0.5605,163.94
SMP_03813,roboflow_sugarcane,train,RUST,1,1,640,640,43.47,21.99,0.2313,4.79,27.34,39.75,0.5817,164.0
SMP_03814,roboflow_sugarcane,train,RUST,1,1,640,640,48.32,23.19,0.2733,6.03,31.71,27.07,0.6012,117.79
SMP_03815,roboflow_sugarcane,train,RUST,1,1,640,640,52.29,16.62,0.2731,6.86,33.03,33.61,0.4789,164.36
SMP_03816,roboflow_sugarcane,train,RUST,1,1,640,640,60.92,21.53,0.3005,12.37,22.36,35.08,0.5489,150.54
SMP_03817,roboflow_sugarcane,train,RUST,1,1,640,640,85.87,34.87,0.2985,13.99,30.88,36.96,0.5584,116.21
SMP_03818,roboflow_sugarcane,train,RUST,1,1,640,640,87.57,27.47,0.2092,5.73,16.94,35.01,0.7372,196.0
SMP_03819,roboflow_sugarcane,train,RUST,1,1,640,640,50.19,9.05,0.3007,7.88,21.38,37.81,0.6041,167.45
SMP_03820,roboflow_sugarcane,train,RUST,1,1,640,640,50.14,31.3,0.2871,6.82,36.35,41.35,0.5573,111.3
SMP_03821,roboflow_sugarcane,train,RUST,1,1,640,640,81.41,30.54,0.3049,11.81,26.28,38.53,0.4761,139.83
SMP_03822,roboflow_sugarcane,train,RUST,1,1,640,640,56.08,21.84,0.3227,10.34,26.63,36.6,0.539,121.71
SMP_03823,roboflow_sugarcane,train,RUST,1,1,640,640,66.77,28.3,0.2743,7.55,23.75,36.18,0.6887,186.25
SMP_03824,roboflow_sugarcane,train,RUST,1,1,640,640,68.84,18.84,0.3298,13.05,38.08,47.92,0.4603,119.17
SMP_03825,roboflow_sugarcane,train,RUST,1,1,640,640,77.09,21.18,0.2444,10.59,28.72,35.3,0.5375,158.83
SMP_03826,roboflow_sugarcane,train,RUST,1,1,640,640,53.38,32.99,0.2422,4.14,35.39,43.45,0.6292,113.95
SMP_03827,roboflow_sugarcane,train,RUST,1,1,640,640,58.56,22.37,0.2972,8.04,20.86,38.15,0.6832,191.84
SMP_03828,roboflow_sugarcane,train,RUST,1,1,640,640,78.57,12.78,0.2652,7.12,18.19,24.94,0.5384,160.52
SMP_03829,roboflow_sugarcane,train,RUST,1,1,640,640,55.36,23.62,0.2905,3.06,19.64,54.24,0.5874,159.06
SMP_03830,roboflow_sugarcane,train,RUST,1,1,640,640,60.52,23.53,0.3597,6.87,29.4,46.63,0.6091,149.66
SMP_03831,roboflow_sugarcane,train,RUST,1,1,640,640,43.76,31.19,0.2957,13.7,36.53,53.85,0.5919,142.86
SMP_03832,roboflow_sugarcane,train,RUST,1,1,640,640,46.3,24.09,0.2885,13.47,30.25,44.19,0.5688,73.88
SMP_03833,roboflow_sugarcane,train,RUST,1,1,640,640,49.8,21.47,0.2452,12.57,31.14,38.38,0.6339,158.25
SMP_03834,roboflow_sugarcane,train,RUST,1,1,640,640,44.55,30.27,0.212,11.9,26.21,42.02,0.6225,144.28
SMP_03835,roboflow_sugarcane,train,RUST,1,1,640,640,56.95,24.72,0.2771,9.04,16.09,34.66,0.58,102.3
SMP_03836,roboflow_sugarcane,train,RUST,1,1,640,640,86.61,19.5,0.3227,4.99,39.16,32.04,0.6547,148.07
SMP_03837,roboflow_sugarcane,train,RUST,1,1,640,640,50.21,30.93,0.2671,10.82,29.65,52.67,0.5614,105.44
SMP_03838,roboflow_sugarcane,train,RUST,1,1,640,640,55.28,25.16,0.2961,-0.23,28.66,36.0,0.564,193.16
SMP_03839,roboflow_sugarcane,train,RUST,1,1,640,640,84.39,24.02,0.3371,4.64,31.12,38.98,0.5379,143.77
SMP_03840,roboflow_sugarcane,train,RUST,1,1,640,640,77.19,25.07,0.3361,13.52,13.0,41.3,0.4084,141.65
SMP_03841,roboflow_sugarcane,train,RUST,1,1,640,640,47.62,17.58,0.2972,5.54,21.49,36.36,0.5656,158.64
SMP_03842,roboflow_sugarcane,train,RUST,1,1,640,640,71.49,20.83,0.2868,11.2,29.35,44.75,0.562,127.94
SMP_03843,roboflow_sugarcane,train,RUST,1,1,640,640,61.74,24.02,0.2193,6.18,23.99,37.3,0.4803,136.43
SMP_03844,roboflow_sugarcane,train,RUST,1,1,640,640,52.22,22.83,0.2548,10.75,24.46,62.64,0.51,129.46
SMP_03845,roboflow_sugarcane,train,RUST,1,1,640,640,79.6,31.63,0.2688,0.3,33.97,24.66,0.6117,117.72
SMP_03846,roboflow_sugarcane,train,RUST,1,1,640,640,47.27,25.3,0.2459,14.36,25.82,33.32,0.4707,119.29
SMP_03847,roboflow_sugarcane,train,RUST,1,1,640,640,78.36,29.13,0.2899,2.42,41.65,45.54,0.5491,140.74
SMP_03848,roboflow_sugarcane,train,RUST,1,1,640,640,56.76,24.06,0.3565,1.19,24.71,27.01,0.6022,131.19
SMP_03849,roboflow_sugarcane,train,RUST,1,1,640,640,92.0,30.34,0.3407,14.09,30.63,39.38,0.4844,151.55
SMP_03850,roboflow_sugarcane,train,RUST,1,1,640,640,84.76,26.39,0.2898,7.99,28.39,35.68,0.5557,103.42
SMP_03851,roboflow_sugarcane,train,RUST,1,1,640,640,55.73,24.08,0.3112,6.47,20.98,37.18,0.5737,113.35
SMP_03852,roboflow_sugarcane,train,RUST,1,1,640,640,51.5,23.92,0.2509,15.84,17.78,46.48,0.6027,143.87
SMP_03853,roboflow_sugarcane,train,RUST,1,1,640,640,70.49,18.27,0.3386,11.66,25.26,39.02,0.5682,162.98
SMP_03854,roboflow_sugarcane,train,RUST,1,1,640,640,57.03,27.04,0.2175,5.75,38.44,32.74,0.5782,133.17
SMP_03855,roboflow_sugarcane,train,RUST,1,1,640,640,57.23,23.76,0.3165,7.33,22.24,45.13,0.5214,132.86
SMP_03856,roboflow_sugarcane,train,RUST,1,1,640,640,69.45,20.99,0.2998,13.37,28.63,39.63,0.5758,141.31
SMP_03857,roboflow_sugarcane,train,RUST,1,1,640,640,60.0,30.64,0.2498,3.18,23.2,28.34,0.5978,144.02
SMP_03858,roboflow_sugarcane,train,RUST,1,1,640,640,41.66,16.5,0.2716,15.22,26.55,33.32,0.4669,189.15
SMP_03859,roboflow_sugarcane,train,RUST,1,1,640,640,42.88,21.47,0.2346,5.78,32.99,37.41,0.5778,156.7
SMP_03860,roboflow_sugarcane,train,RUST,1,1,640,640,80.97,30.17,0.2363,3.64,25.8,43.38,0.7155,122.73
SMP_03861,roboflow_sugarcane,train,RUST,1,1,640,640,66.65,25.89,0.2164,13.43,20.69,37.1,0.5179,148.75
SMP_03862,roboflow_sugarcane,train,RUST,1,1,640,640,71.16,23.71,0.3107,11.67,36.24,44.69,0.5601,146.61
SMP_03863,roboflow_sugarcane,train,RUST,1,1,640,640,82.85,25.51,0.3282,-0.88,20.77,38.5,0.5045,94.36
SMP_03864,roboflow_sugarcane,train,RUST,1,1,640,640,84.85,25.08,0.1935,7.47,29.74,33.26,0.6245,70.97
SMP_03865,roboflow_sugarcane,train,RUST,1,1,640,640,60.68,14.9,0.3535,2.47,14.57,38.4,0.5803,162.91
SMP_03866,roboflow_sugarcane,train,RUST,1,1,640,640,82.21,21.9,0.2795,11.99,33.99,43.11,0.5457,113.17
SMP_03867,roboflow_sugarcane,train,RUST,1,1,640,640,56.97,33.7,0.2916,16.6,43.23,36.71,0.5985,175.85
SMP_03868,roboflow_sugarcane,train,RUST,1,1,640,640,93.02,20.04,0.2211,10.69,24.81,30.29,0.6069,152.69
SMP_03869,roboflow_sugarcane,train,RUST,1,1,640,640,85.77,22.09,0.3328,4.2,17.82,39.38,0.4801,139.21
SMP_03870,roboflow_sugarcane,train,RUST,1,1,640,640,76.91,20.75,0.288,12.45,30.37,31.64,0.5775,138.1
SMP_03871,roboflow_sugarcane,train,RUST,1,1,640,640,48.19,23.48,0.3256,7.75,25.64,48.49,0.5715,130.14
SMP_03872,roboflow_sugarcane,train,RUST,1,1,640,640,47.64,20.5,0.3288,7.63,39.99,45.97,0.5507,100.44
SMP_03873,roboflow_sugarcane,train,RUST,1,1,640,640,78.97,26.92,0.3334,5.57,20.81,36.36,0.5506,128.25
SMP_03874,roboflow_sugarcane,train,RUST,1,1,640,640,46.98,25.18,0.2541,8.52,15.64,41.2,0.5987,98.22
SMP_03875,roboflow_sugarcane,train,RUST,1,1,640,640,49.36,28.64,0.2717,7.65,27.13,37.38,0.4651,167.37
SMP_03876,roboflow_sugarcane,train,RUST,1,1,640,640,80.34,17.69,0.2555,-4.02,29.08,48.53,0.5206,155.6
SMP_03877,roboflow_sugarcane,train,RUST,1,1,640,640,79.91,21.96,0.3158,8.13,19.62,26.73,0.5572,135.51
SMP_03878,roboflow_sugarcane,train,RUST,1,1,640,640,41.9,22.65,0.2933,7.31,31.72,39.36,0.5185,150.23
SMP_03879,roboflow_sugarcane,train,RUST,1,1,640,640,77.09,26.73,0.3228,9.73,25.39,31.33,0.5452,172.63
SMP_03880,roboflow_sugarcane,train,RUST,1,1,640,640,62.61,19.24,0.3245,-2.03,23.1,40.96,0.5301,75.8
SMP_03881,roboflow_sugarcane,train,RUST,1,1,640,640,48.91,29.49,0.2109,10.56,28.81,24.82,0.6134,134.79
SMP_03882,roboflow_sugarcane,train,RUST,1,1,640,640,46.81,31.12,0.334,8.14,22.99,40.3,0.5504,133.57
SMP_03883,roboflow_sugarcane,train,RUST,1,1,640,640,69.5,18.07,0.318,10.48,19.85,51.57,0.6542,141.59
SMP_03884,roboflow_sugarcane,train,RUST,1,1,640,640,80.18,21.05,0.2652,-0.15,13.7,34.18,0.5504,123.89
SMP_03885,roboflow_sugarcane,train,RUST,1,1,640,640,74.23,20.81,0.294,1.83,20.68,27.45,0.616,160.34
SMP_03886,roboflow_sugarcane,train,RUST,1,1,640,640,55.23,39.79,0.2751,-1.37,42.46,42.62,0.584,168.72
SMP_03887,roboflow_sugarcane,train,RUST,1,1,640,640,49.51,21.42,0.3046,8.73,25.25,35.79,0.6366,136.0
SMP_03888,roboflow_sugarcane,train,RUST,1,1,640,640,85.78,34.07,0.2651,6.27,17.88,44.6,0.5312,172.11
SMP_03889,roboflow_sugarcane,train,RUST,1,1,640,640,58.29,16.4,0.2992,7.28,33.87,45.69,0.5635,154.61
SMP_03890,roboflow_sugarcane,train,RUST,1,1,640,640,49.35,18.06,0.2827,1.04,24.67,45.22,0.472,132.88
SMP_03891,roboflow_sugarcane,train,RUST,1,1,640,640,89.54,19.88,0.2627,1.95,27.04,37.82,0.4645,146.69
SMP_03892,roboflow_sugarcane,train,RUST,1,1,640,640,78.48,18.93,0.2876,-4.48,26.92,50.77,0.6019,131.27
SMP_03893,roboflow_sugarcane,train,RUST,1,1,640,640,52.12,22.39,0.3883,1.27,35.4,43.56,0.5063,156.7
SMP_03894,roboflow_sugarcane,train,RUST,1,1,640,640,50.35,19.75,0.2526,4.75,15.7,32.94,0.6104,171.93
SMP_03895,roboflow_sugarcane,train,RUST,1,1,640,640,61.33,19.08,0.27,5.01,35.22,33.45,0.5479,166.64
SMP_03896,roboflow_sugarcane,train,RUST,1,1,640,640,65.94,30.95,0.2533,7.66,30.22,47.13,0.6045,150.0
SMP_03897,roboflow_sugarcane,train,RUST,1,1,640,640,64.97,31.34,0.2575,11.81,25.54,42.68,0.5986,178.62
SMP_03898,roboflow_sugarcane,train,RUST,1,1,640,640,48.63,29.7,0.3126,4.56,19.02,32.95,0.404,136.68
SMP_03899,roboflow_sugarcane,train,RUST,1,1,640,640,88.43,27.14,0.3086,10.44,23.27,35.5,0.5328,164.76
SMP_03900,roboflow_sugarcane,train,RUST,1,1,640,640,55.6,24.56,0.2798,11.89,25.3,37.55,0.4874,112.93
SMP_03901,roboflow_sugarcane,train,RUST,1,1,640,640,92.75,21.02,0.3211,13.75,37.66,43.74,0.3625,159.39
SMP_03902,roboflow_sugarcane,train,RUST,1,1,640,640,89.89,18.28,0.3117,10.45,35.05,36.44,0.5096,158.53
SMP_03903,roboflow_sugarcane,train,RUST,1,1,640,640,86.7,26.18,0.2735,8.37,22.29,47.2,0.4515,133.15
SMP_03904,roboflow_sugarcane,train,RUST,1,1,640,640,47.43,16.96,0.2186,2.6,39.07,40.53,0.5479,155.69
SMP_03905,roboflow_sugarcane,train,RUST,1,1,640,640,84.85,18.04,0.3132,9.36,31.66,47.54,0.5046,140.76
SMP_03906,roboflow_sugarcane,train,RUST,1,1,640,640,49.53,30.92,0.2868,6.12,28.3,29.97,0.5805,193.47
SMP_03907,roboflow_sugarcane,train,RUST,1,1,640,640,87.36,35.4,0.2809,14.88,23.03,48.5,0.5553,149.36
SMP_03908,roboflow_sugarcane,train,RUST,1,1,640,640,58.08,26.36,0.2614,8.46,20.96,46.19,0.6048,60.05
SMP_03909,roboflow_sugarcane,train,RUST,1,1,640,640,56.25,30.64,0.3098,7.2,28.8,38.53,0.6016,104.44
SMP_03910,roboflow_sugarcane,train,RUST,1,1,640,640,70.87,22.52,0.2939,15.08,27.69,34.32,0.6004,141.4
SMP_03911,roboflow_sugarcane,train,RUST,1,1,640,640,52.05,15.97,0.2705,5.59,22.27,47.12,0.5685,95.82
SMP_03912,roboflow_sugarcane,train,RUST,1,1,640,640,90.44,27.67,0.231,7.98,32.8,34.79,0.5294,137.06
SMP_03913,roboflow_sugarcane,train,RUST,1,1,640,640,52.08,27.42,0.3227,18.05,26.14,37.96,0.5205,166.59
SMP_03914,roboflow_sugarcane,train,RUST,1,1,640,640,64.71,24.43,0.3042,9.33,27.93,41.54,0.5088,166.57
SMP_03915,roboflow_sugarcane,train,RUST,1,1,640,640,86.63,22.55,0.2902,13.63,32.51,30.05,0.5381,163.8
SMP_03916,roboflow_sugarcane,train,RUST,1,1,640,640,59.23,29.77,0.1737,15.52,30.79,36.72,0.6028,86.78
SMP_03917,roboflow_sugarcane,train,RUST,1,1,640,640,80.25,18.09,0.2785,5.24,13.66,31.55,0.6081,167.06
SMP_03918,roboflow_sugarcane,train,RUST,1,1,640,640,50.38,19.36,0.2704,12.54,30.33,27.11,0.4583,148.06
SMP_03919,roboflow_sugarcane,train,RUST,1,1,640,640,81.9,17.95,0.2553,6.34,25.2,52.59,0.5616,212.42
SMP_03920,roboflow_sugarcane,train,RUST,1,1,640,640,52.86,24.51,0.3102,18.2,21.87,33.41,0.554,125.31
SMP_03921,roboflow_sugarcane,train,RUST,1,1,640,640,62.87,17.47,0.3086,15.22,25.36,42.37,0.4869,163.55
SMP_03922,roboflow_sugarcane,train,RUST,1,1,640,640,39.79,19.89,0.2975,11.72,22.86,52.66,0.5956,123.13
SMP_03923,roboflow_sugarcane,train,RUST,1,1,640,640,46.97,19.77,0.3215,13.22,25.89,33.57,0.6656,120.97
SMP_03924,roboflow_sugarcane,train,RUST,1,1,640,640,85.85,22.44,0.2391,4.52,24.85,29.18,0.5239,163.97
SMP_03925,roboflow_sugarcane,train,RUST,1,1,640,640,77.35,15.08,0.2619,16.59,29.81,50.33,0.5478,96.42
SMP_03926,roboflow_sugarcane,train,RUST,1,1,640,640,43.02,24.52,0.283,3.48,14.28,31.48,0.5816,109.52
SMP_03927,roboflow_sugarcane,train,RUST,1,1,640,640,57.46,31.48,0.2551,10.04,26.29,35.12,0.6988,146.65
SMP_03928,roboflow_sugarcane,train,RUST,1,1,640,640,43.01,24.81,0.3091,4.43,24.8,34.01,0.6038,125.77
SMP_03929,roboflow_sugarcane,train,RUST,1,1,640,640,53.22,33.25,0.2591,12.3,40.76,39.08,0.5106,148.39
SMP_03930,roboflow_sugarcane,train,RUST,1,1,640,640,72.31,32.0,0.3319,16.73,11.3,25.25,0.5042,146.56
SMP_03931,roboflow_sugarcane,train,RUST,1,1,640,640,65.21,28.67,0.2428,10.26,31.45,42.36,0.5501,133.98
SMP_03932,roboflow_sugarcane,train,RUST,1,1,640,640,58.93,24.45,0.3653,9.58,28.03,41.26,0.5455,79.26
SMP_03933,roboflow_sugarcane,train,RUST,1,1,640,640,55.79,24.14,0.3612,7.43,30.36,44.06,0.5962,145.92
SMP_03934,roboflow_sugarcane,train,RUST,1,1,640,640,81.27,28.58,0.2762,8.5,21.87,43.91,0.5501,166.93
SMP_03935,roboflow_sugarcane,train,RUST,1,1,640,640,77.57,21.65,0.3258,6.32,27.24,41.18,0.563,155.43
SMP_03936,roboflow_sugarcane,train,RUST,1,1,640,640,51.58,12.7,0.264,16.17,26.02,35.86,0.5048,86.53
SMP_03937,roboflow_sugarcane,train,RUST,1,1,640,640,66.94,26.95,0.3205,11.97,49.75,38.41,0.5414,122.6
SMP_03938,roboflow_sugarcane,train,RUST,1,1,640,640,82.52,17.21,0.273,6.26,22.84,33.44,0.5795,167.03
SMP_03939,roboflow_sugarcane,train,RUST,1,1,640,640,52.62,18.23,0.2286,8.3,19.5,39.36,0.6807,181.77
SMP_03940,roboflow_sugarcane,train,RUST,1,1,640,640,57.24,24.0,0.1387,22.58,39.01,32.47,0.5478,140.95
SMP_03941,roboflow_sugarcane,train,RUST,1,1,640,640,76.05,23.43,0.2693,9.36,27.41,38.96,0.5666,90.61
SMP_03942,roboflow_sugarcane,train,RUST,1,1,640,640,71.3,15.53,0.2912,15.26,28.6,34.92,0.5203,118.34
SMP_03943,roboflow_sugarcane,train,RUST,1,1,640,640,53.28,24.99,0.3332,5.12,32.89,32.28,0.5033,117.06
SMP_03944,roboflow_sugarcane,train,RUST,1,1,640,640,56.91,29.8,0.2815,10.37,25.54,45.35,0.5807,144.83
SMP_03945,roboflow_sugarcane,train,RUST,1,1,640,640,85.55,17.23,0.3201,4.88,22.07,43.55,0.5786,141.49
SMP_03946,roboflow_sugarcane,train,RUST,1,1,640,640,89.88,31.63,0.2618,5.32,25.93,38.4,0.4714,126.86
SMP_03947,roboflow_sugarcane,train,RUST,1,1,640,640,87.29,14.64,0.2665,11.97,19.11,25.8,0.4682,83.04
SMP_03948,roboflow_sugarcane,train,RUST,1,1,640,640,50.09,36.7,0.3222,3.52,14.83,31.85,0.6073,107.9
SMP_03949,roboflow_sugarcane,train,RUST,1,1,640,640,83.04,21.53,0.1814,2.04,19.1,37.46,0.5039,151.75
SMP_03950,roboflow_sugarcane,train,RUST,1,1,640,640,67.23,24.87,0.2805,11.43,8.47,41.31,0.5585,131.16
SMP_03951,roboflow_sugarcane,train,RUST,1,1,640,640,62.93,12.65,0.264,5.56,22.45,41.43,0.5675,132.3
SMP_03952,roboflow_sugarcane,train,RUST,1,1,640,640,68.27,23.63,0.3344,6.6,21.5,39.62,0.56,103.75
SMP_03953,roboflow_sugarcane,train,RUST,1,1,640,640,56.0,25.37,0.2589,-1.01,29.23,38.21,0.5351,178.93
SMP_03954,roboflow_sugarcane,train,RUST,1,1,640,640,91.93,23.48,0.3007,1.65,25.9,36.49,0.5886,67.37
SMP_03955,roboflow_sugarcane,train,RUST,1,1,640,640,75.97,20.62,0.3169,9.1,24.03,33.6,0.6215,188.51
SMP_03956,roboflow_sugarcane,train,RUST,1,1,640,640,48.69,18.32,0.2203,6.83,33.24,49.59,0.5499,153.92
SMP_03957,roboflow_sugarcane,train,RUST,1,1,640,640,86.53,30.78,0.2744,12.55,22.08,45.23,0.4666,124.02
SMP_03958,roboflow_sugarcane,train,RUST,1,1,640,640,53.95,24.18,0.2627,3.5,17.23,42.08,0.4821,130.43
SMP_03959,roboflow_sugarcane,train,RUST,1,1,640,640,78.47,33.24,0.3179,7.17,7.31,30.06,0.6349,135.07
SMP_03960,roboflow_sugarcane,train,RUST,1,1,640,640,77.9,20.84,0.307,8.23,25.17,29.72,0.5031,158.82
SMP_03961,roboflow_sugarcane,train,RUST,1,1,640,640,56.7,21.39,0.2707,6.98,24.63,37.77,0.607,136.38
SMP_03962,roboflow_sugarcane,train,RUST,1,1,640,640,71.19,28.89,0.2381,10.99,33.88,34.41,0.4695,182.06
SMP_03963,roboflow_sugarcane,train,RUST,1,1,640,640,36.01,14.26,0.3215,2.57,18.93,30.02,0.4747,103.73
SMP_03964,roboflow_sugarcane,train,RUST,1,1,640,640,46.64,16.72,0.2773,10.56,30.25,38.73,0.5761,162.67
SMP_03965,roboflow_sugarcane,train,RUST,1,1,640,640,66.75,30.58,0.2153,13.7,7.62,24.81,0.5067,167.43
SMP_03966,roboflow_sugarcane,train,RUST,1,1,640,640,66.72,16.97,0.2187,3.88,15.91,37.36,0.6293,110.33
SMP_03967,roboflow_sugarcane,train,RUST,1,1,640,640,55.4,13.09,0.2975,10.0,27.68,41.57,0.5486,147.76
SMP_03968,roboflow_sugarcane,train,RUST,1,1,640,640,52.92,35.21,0.229,9.79,29.83,41.34,0.4961,141.67
SMP_03969,roboflow_sugarcane,train,RUST,1,1,640,640,65.38,15.64,0.3544,10.94,13.38,25.36,0.4746,155.69
SMP_03970,roboflow_sugarcane,train,RUST,1,1,640,640,78.68,25.1,0.2425,8.01,19.44,25.03,0.6619,147.17
SMP_03971,roboflow_sugarcane,train,RUST,1,1,640,640,81.34,24.41,0.28,15.09,25.32,36.51,0.5384,137.96
SMP_03972,roboflow_sugarcane,train,RUST,1,1,640,640,47.66,7.14,0.2864,18.55,24.33,33.58,0.5446,134.79
SMP_03973,roboflow_sugarcane,train,RUST,1,1,640,640,69.62,22.4,0.2508,11.13,28.83,29.48,0.5369,137.49
SMP_03974,roboflow_sugarcane,train,RUST,1,1,640,640,52.45,26.69,0.1904,9.57,31.39,22.93,0.5628,118.61
SMP_03975,roboflow_sugarcane,train,RUST,1,1,640,640,73.51,26.13,0.2876,8.07,16.05,31.82,0.5636,121.07
SMP_03976,roboflow_sugarcane,train,RUST,1,1,640,640,58.88,29.42,0.2499,1.43,28.11,37.29,0.5519,134.0
SMP_03977,roboflow_sugarcane,train,RUST,1,1,640,640,70.31,21.68,0.2847,0.86,19.96,36.35,0.4459,162.36
SMP_03978,roboflow_sugarcane,train,RUST,1,1,640,640,39.55,28.28,0.2751,2.23,27.35,29.58,0.5942,115.14
SMP_03979,roboflow_sugarcane,train,RUST,1,1,640,640,52.76,19.86,0.2905,9.33,21.73,30.98,0.5347,159.15
SMP_03980,roboflow_sugarcane,train,RUST,1,1,640,640,83.28,15.54,0.3425,7.04,32.54,35.61,0.6135,81.13
SMP_03981,roboflow_sugarcane,train,RUST,1,1,640,640,49.61,16.21,0.2582,15.64,29.11,32.2,0.6485,118.38
SMP_03982,roboflow_sugarcane,train,RUST,1,1,640,640,57.41,15.23,0.2612,-4.53,18.08,40.26,0.5491,154.7
SMP_03983,roboflow_sugarcane,train,RUST,1,1,640,640,39.25,30.06,0.2134,8.2,13.25,41.91,0.5607,182.94
SMP_03984,roboflow_sugarcane,train,RUST,1,1,640,640,54.34,14.91,0.2722,10.17,33.33,41.17,0.5306,157.26
SMP_03985,roboflow_sugarcane,train,RUST,1,1,640,640,49.86,25.64,0.2964,12.49,20.06,30.34,0.471,123.35
SMP_03986,roboflow_sugarcane,train,RUST,1,1,640,640,45.72,22.4,0.2607,8.72,20.79,40.34,0.6364,177.0
SMP_03987,roboflow_sugarcane,train,RUST,1,1,640,640,51.56,23.38,0.2967,9.82,30.19,40.51,0.5265,149.79
SMP_03988,roboflow_sugarcane,train,RUST,1,1,640,640,36.32,32.18,0.2729,8.88,17.84,48.4,0.5629,134.79
SMP_03989,roboflow_sugarcane,train,RUST,1,1,640,640,45.53,21.37,0.2279,10.2,26.39,51.82,0.4466,134.16
SMP_03990,roboflow_sugarcane,train,RUST,1,1,640,640,71.53,27.67,0.2925,7.9,25.13,46.68,0.484,153.42
SMP_03991,roboflow_sugarcane,train,RUST,1,1,640,640,40.53,24.23,0.2718,18.58,24.43,34.8,0.4151,153.94
SMP_03992,roboflow_sugarcane,train,RUST,1,1,640,640,75.7,23.09,0.2849,10.89,33.37,32.6,0.5587,105.76
SMP_03993,roboflow_sugarcane,train,RUST,1,1,640,640,47.32,37.8,0.2573,8.99,28.26,36.59,0.4957,130.23
SMP_03994,roboflow_sugarcane,train,RUST,1,1,640,640,71.65,15.35,0.2538,4.31,31.85,34.0,0.5217,135.74
SMP_03995,roboflow_sugarcane,train,RUST,1,1,640,640,39.29,31.73,0.2863,6.29,23.25,52.66,0.5584,122.25
SMP_03996,roboflow_sugarcane,train,RUST,1,1,640,640,75.74,27.94,0.2708,15.55,19.93,44.69,0.4578,179.42
SMP_03997,roboflow_sugarcane,train,RUST,1,1,640,640,37.13,21.12,0.349,-4.42,32.27,42.36,0.517,159.25
SMP_03998,roboflow_sugarcane,train,RUST,1,1,640,640,61.67,33.78,0.3119,8.28,21.01,43.62,0.5639,108.7
SMP_03999,roboflow_sugarcane,train,RUST,1,1,640,640,70.12,12.91,0.3018,7.88,25.87,47.6,0.5578,183.21
SMP_04000,roboflow_sugarcane,train,RUST,1,1,640,640,46.49,20.87,0.2729,10.5,27.96,42.33,0.4189,163.68
SMP_04001,roboflow_sugarcane,train,RUST,1,1,640,640,78.51,16.75,0.199,9.33,19.61,36.66,0.5756,118.62
SMP_04002,roboflow_sugarcane,train,RUST,1,1,640,640,51.0,26.47,0.2477,15.58,19.63,43.19,0.4818,111.93
SMP_04003,roboflow_sugarcane,train,RUST,1,1,640,640,62.57,17.32,0.2541,8.49,23.1,43.14,0.5613,135.54
SMP_04004,roboflow_sugarcane,train,RUST,1,1,640,640,80.2,26.6,0.269,7.68,30.21,30.18,0.5623,97.97
SMP_04005,roboflow_sugarcane,train,RUST,1,1,640,640,40.85,22.88,0.2787,12.76,27.42,54.81,0.6324,174.85
SMP_04006,roboflow_sugarcane,train,RUST,1,1,640,640,43.74,21.12,0.3062,15.66,15.53,33.71,0.5499,124.57
SMP_04007,roboflow_sugarcane,train,RUST,1,1,640,640,74.52,26.33,0.2909,11.43,38.67,48.8,0.5224,161.6
SMP_04008,roboflow_sugarcane,train,RUST,1,1,640,640,38.02,22.39,0.3264,13.06,27.66,36.88,0.4886,136.98
SMP_04009,roboflow_sugarcane,train,RUST,1,1,640,640,59.22,17.47,0.2675,6.91,22.03,46.11,0.5714,126.46
SMP_04010,roboflow_sugarcane,train,RUST,1,1,640,640,41.74,40.81,0.2903,8.63,23.93,38.38,0.4619,150.4
SMP_04011,roboflow_sugarcane,train,RUST,1,1,640,640,40.88,21.08,0.2938,15.43,23.3,27.9,0.5043,145.01
SMP_04012,roboflow_sugarcane,train,RUST,1,1,640,640,67.55,10.69,0.2898,10.63,22.39,45.48,0.3708,132.63
SMP_04013,roboflow_sugarcane,train,RUST,1,1,640,640,42.58,18.95,0.3313,6.79,33.16,48.31,0.4599,135.93
SMP_04014,roboflow_sugarcane,train,RUST,1,1,640,640,84.95,16.4,0.3122,8.16,41.64,37.95,0.6059,165.43
SMP_04015,roboflow_sugarcane,train,RUST,1,1,640,640,48.28,28.96,0.2272,13.19,21.41,44.01,0.4977,115.54
SMP_04016,roboflow_sugarcane,train,RUST,1,1,640,640,55.98,25.93,0.2754,13.63,21.8,33.15,0.5298,197.78
SMP_04017,roboflow_sugarcane,train,RUST,1,1,640,640,82.27,26.39,0.2794,3.79,24.37,38.44,0.4935,146.52
SMP_04018,roboflow_sugarcane,train,RUST,1,1,640,640,43.81,21.78,0.3661,9.81,15.36,45.76,0.6117,141.04
SMP_04019,roboflow_sugarcane,train,RUST,1,1,640,640,36.48,22.32,0.2668,7.96,28.7,40.68,0.5267,152.29
SMP_04020,roboflow_sugarcane,train,RUST,1,1,640,640,78.74,21.77,0.2407,7.67,26.31,41.58,0.5518,134.5
SMP_04021,roboflow_sugarcane,train,RUST,1,1,640,640,53.6,23.51,0.2975,14.65,26.05,45.19,0.5024,113.09
SMP_04022,roboflow_sugarcane,train,RUST,1,1,640,640,44.26,29.01,0.2999,6.81,12.03,49.81,0.6695,154.02
SMP_04023,roboflow_sugarcane,train,RUST,1,1,640,640,59.84,26.02,0.277,5.12,9.17,45.92,0.4682,141.33
SMP_04024,roboflow_sugarcane,train,RUST,1,1,640,640,65.78,27.0,0.2712,3.93,22.43,40.32,0.5173,161.94
SMP_04025,roboflow_sugarcane,train,RUST,1,1,640,640,81.04,27.0,0.318,7.13,29.63,37.9,0.6345,142.86
SMP_04026,roboflow_sugarcane,train,RUST,1,1,640,640,54.55,29.31,0.2459,4.32,12.55,39.34,0.54,120.72
SMP_04027,roboflow_sugarcane,train,RUST,1,1,640,640,47.27,25.73,0.2664,3.68,31.27,29.01,0.5763,132.0
SMP_04028,roboflow_sugarcane,train,RUST,1,1,640,640,46.52,26.15,0.2591,3.55,22.88,39.88,0.5876,164.22
SMP_04029,roboflow_sugarcane,train,RUST,1,1,640,640,49.71,31.13,0.3238,3.85,19.2,29.99,0.5819,131.65
SMP_04030,roboflow_sugarcane,train,RUST,1,1,640,640,75.5,20.01,0.2914,4.2,25.58,35.38,0.6158,174.79
SMP_04031,roboflow_sugarcane,train,YELLOW LEAF,2,4,640,640,95.72,34.85,0.2693,24.14,15.53,21.96,0.6152,123.59
SMP_04032,roboflow_sugarcane,train,YELLOW LEAF,2,4,640,640,79.93,38.36,0.1706,10.67,13.53,20.69,0.6219,139.17
SMP_04033,roboflow_sugarcane,train,YELLOW LEAF,2,4,640,640,61.72,67.85,0.1586,29.28,1.97,30.12,0.7272,183.91
SMP_04034,roboflow_sugarcane,train,YELLOW LEAF,2,4,640,640,78.34,44.97,0.1961,13.18,23.43,22.12,0.553,151.78
SMP_04035,roboflow_sugarcane,train,YELLOW LEAF,2,4,640,640,51.65,18.7,0.1746,16.96,10.47,32.23,0.6574,183.1
SMP_04036,roboflow_sugarcane,train,YELLOW LEAF,2,4,640,640,84.87,62.52,0.3107,21.74,10.79,29.11,0.7676,175.26
SMP_04037,roboflow_sugarcane,train,YELLOW LEAF,2,4,640,640,72.02,44.32,0.253,25.91,10.03,27.74,0.6046,64.71
SMP_04038,roboflow_sugarcane,train,YELLOW LEAF,2,4,640,640,76.68,25.81,0.1705,22.97,-4.27,27.14,0.6768,120.99
SMP_04039,roboflow_sugarcane,train,YELLOW LEAF,2,4,640,640,73.42,44.2,0.1762,26.13,8.07,34.77,0.815,196.84
SMP_04040,roboflow_sugarcane,train,YELLOW LEAF,2,4,640,640,66.48,54.25,0.099,20.1,-6.64,24.8,0.7653,120.91
SMP_04041,roboflow_sugarcane,train,YELLOW LEAF,2,4,640,640,42.81,52.85,0.2069,21.95,11.62,26.85,0.6511,153.72
SMP_04042,roboflow_sugarcane,train,YELLOW LEAF,2,4,640,640,72.89,69.58,0.1626,5.87,7.69,21.46,0.6228,173.16
SMP_04043,roboflow_sugarcane,train,YELLOW LEAF,2,4,640,640,51.43,37.77,0.2044,28.21,-0.06,29.63,0.7236,184.18
SMP_04044,roboflow_sugarcane,train,YELLOW LEAF,2,4,640,640,87.96,48.56,0.1017,17.67,14.01,20.82,0.6556,129.53
SMP_04045,roboflow_sugarcane,train,YELLOW LEAF,2,4,640,640,72.15,39.61,0.1987,16.56,2.13,33.33,0.7999,164.44
SMP_04046,roboflow_sugarcane,train,YELLOW LEAF,2,4,640,640,79.47,29.49,0.2849,35.49,2.33,33.91,0.7216,168.77
SMP_04047,roboflow_sugarcane,train,YELLOW LEAF,2,4,640,640,68.06,58.63,0.2027,-1.67,9.27,16.03,0.5579,106.96
SMP_04048,roboflow_sugarcane,train,YELLOW LEAF,2,4,640,640,83.84,53.56,0.1613,20.76,4.87,32.16,0.5799,171.82
SMP_04049,roboflow_sugarcane,train,YELLOW LEAF,2,4,640,640,97.29,51.4,0.199,2.08,6.87,18.55,0.6034,171.7
SMP_04050,roboflow_sugarcane,train,YELLOW LEAF,2,4,640,640,76.64,53.12,0.1968,22.72,13.26,23.41,0.6224,144.94
SMP_04051,roboflow_sugarcane,train,YELLOW LEAF,2,4,640,640,93.12,39.77,0.3096,14.41,-0.91,25.87,0.675,166.56
SMP_04052,roboflow_sugarcane,train,YELLOW LEAF,2,4,640,640,44.34,35.93,0.1834,-3.47,-1.58,23.29,0.7153,176.96
SMP_04053,roboflow_sugarcane,train,YELLOW LEAF,2,4,640,640,84.45,48.45,0.1398,28.71,3.14,23.86,0.5929,123.98
SMP_04054,roboflow_sugarcane,train,YELLOW LEAF,2,4,640,640,66.77,61.93,0.2011,9.68,4.5,30.86,0.5832,179.49
SMP_04055,roboflow_sugarcane,train,YELLOW LEAF,2,4,640,640,52.83,67.3,0.2098,27.59,10.14,32.42,0.603,202.18
SMP_04056,roboflow_sugarcane,train,YELLOW LEAF,2,4,640,640,45.16,57.55,0.2281,12.2,20.53,25.31,0.6472,212.99
SMP_04057,roboflow_sugarcane,train,YELLOW LEAF,2,4,640,640,58.98,48.35,0.2378,16.29,4.66,25.98,0.7227,138.92
SMP_04058,roboflow_sugarcane,train,YELLOW LEAF,2,4,640,640,47.77,51.24,0.2978,1.73,5.29,29.79,0.6039,176.88
SMP_04059,roboflow_sugarcane,train,YELLOW LEAF,2,4,640,640,46.81,48.14,0.1702,23.4,-0.21,19.68,0.7143,139.63
SMP_04060,roboflow_sugarcane,train,YELLOW LEAF,2,4,640,640,62.74,35.69,0.1657,15.41,-1.18,26.23,0.6409,106.49
SMP_04061,roboflow_sugarcane,train,YELLOW LEAF,2,4,640,640,47.69,48.3,0.1073,17.07,10.42,24.66,0.6179,139.77
SMP_04062,roboflow_sugarcane,train,YELLOW LEAF,2,4,640,640,64.56,31.98,0.2331,19.24,5.31,27.69,0.6533,152.95
SMP_04063,roboflow_sugarcane,train,YELLOW LEAF,2,4,640,640,76.57,46.51,0.1556,6.82,14.98,19.0,0.6617,134.46
SMP_04064,roboflow_sugarcane,train,YELLOW LEAF,2,4,640,640,41.73,67.63,0.2446,25.53,14.11,28.19,0.7903,112.59
SMP_04065,roboflow_sugarcane,train,YELLOW LEAF,2,4,640,640,44.54,57.87,0.1754,15.49,11.96,27.7,0.7075,157.17
SMP_04066,roboflow_sugarcane,train,YELLOW LEAF,2,4,640,640,68.72,36.92,0.2863,38.36,-6.69,37.88,0.5987,210.33
SMP_04067,roboflow_sugarcane,train,YELLOW LEAF,2,4,640,640,77.72,47.13,0.1283,16.16,10.47,18.24,0.7944,133.71
SMP_04068,roboflow_sugarcane,train,YELLOW LEAF,2,4,640,640,56.25,37.99,0.2511,16.88,-2.48,39.89,0.7745,149.72
SMP_04069,roboflow_sugarcane,train,YELLOW LEAF,2,4,640,640,45.61,47.25,0.2452,9.15,-10.07,37.54,0.6036,141.43
SMP_04070,roboflow_sugarcane,train,YELLOW LEAF,2,4,640,640,71.92,60.49,0.2263,7.09,6.77,33.7,0.6008,164.94
SMP_04071,roboflow_sugarcane,train,YELLOW LEAF,2,4,640,640,66.92,55.84,0.1441,27.02,15.86,22.97,0.6353,142.1
SMP_04072,roboflow_sugarcane,train,YELLOW LEAF,2,4,640,640,37.26,77.81,0.2266,28.49,10.69,31.9,0.5905,150.3
SMP_04073,roboflow_sugarcane,train,YELLOW LEAF,2,4,640,640,55.98,62.31,0.2063,15.48,-2.05,15.64,0.7317,174.61
SMP_04074,roboflow_sugarcane,train,YELLOW LEAF,2,4,640,640,42.5,50.45,0.1085,20.97,27.37,13.78,0.7301,176.32
SMP_04075,roboflow_sugarcane,train,YELLOW LEAF,2,4,640,640,38.15,56.13,0.2779,29.93,11.53,22.54,0.698,196.18
SMP_04076,roboflow_sugarcane,train,YELLOW LEAF,2,4,640,640,70.94,45.57,0.1827,22.32,-1.73,20.17,0.6577,133.13
SMP_04077,roboflow_sugarcane,train,YELLOW LEAF,2,4,640,640,76.74,34.47,0.2741,23.88,-11.37,14.21,0.6991,124.56
SMP_04078,roboflow_sugarcane,train,YELLOW LEAF,2,4,640,640,35.86,63.67,0.1966,20.7,3.36,35.72,0.6561,82.91
SMP_04079,roboflow_sugarcane,train,YELLOW LEAF,2,4,640,640,47.66,60.11,0.2491,14.78,-10.71,21.71,0.6508,133.48
SMP_04080,roboflow_sugarcane,train,YELLOW LEAF,2,4,640,640,34.53,45.11,0.157,23.08,-3.24,28.79,0.6683,122.22
SMP_04081,roboflow_sugarcane,train,YELLOW LEAF,2,4,640,640,58.1,51.29,0.2107,34.92,-8.59,42.88,0.6923,147.23
SMP_04082,roboflow_sugarcane,train,YELLOW LEAF,2,4,640,640,42.83,62.89,0.2072,15.84,-1.03,25.33,0.7112,135.61
SMP_04083,roboflow_sugarcane,train,YELLOW LEAF,2,4,640,640,88.56,58.16,0.1838,26.94,0.73,18.29,0.6061,77.97
SMP_04084,roboflow_sugarcane,train,YELLOW LEAF,2,4,640,640,54.42,30.44,0.1565,21.45,-1.99,37.2,0.668,94.5
SMP_04085,roboflow_sugarcane,train,YELLOW LEAF,2,4,640,640,39.12,50.92,0.0467,15.28,23.4,25.12,0.6822,117.77
SMP_04086,roboflow_sugarcane,train,YELLOW LEAF,2,4,640,640,23.97,45.99,0.1577,27.16,3.51,31.09,0.6759,132.91
SMP_04087,roboflow_sugarcane,train,YELLOW LEAF,2,4,640,640,65.41,61.36,0.235,26.23,15.63,9.68,0.548,210.17
SMP_04088,roboflow_sugarcane,train,YELLOW LEAF,2,4,640,640,60.81,60.37,0.1302,24.64,9.55,27.78,0.6699,141.77
SMP_04089,roboflow_sugarcane,train,YELLOW LEAF,2,4,640,640,41.31,63.82,0.1406,33.99,3.34,25.63,0.6506,142.89
SMP_04090,roboflow_sugarcane,train,YELLOW LEAF,2,4,640,640,63.42,34.59,0.1283,34.68,1.17,23.8,0.6202,128.23
SMP_04091,roboflow_sugarcane,train,YELLOW LEAF,2,4,640,640,47.66,38.59,0.2104,20.43,15.81,31.81,0.7216,119.3
SMP_04092,roboflow_sugarcane,train,YELLOW LEAF,2,4,640,640,79.58,61.37,0.1553,19.15,-3.29,21.96,0.7382,160.71
SMP_04093,roboflow_sugarcane,train,YELLOW LEAF,2,4,640,640,39.02,40.9,0.261,8.58,-0.01,24.33,0.7021,176.35
SMP_04094,roboflow_sugarcane,train,YELLOW LEAF,2,4,640,640,67.1,29.74,0.2367,32.27,-0.13,26.63,0.5981,202.77
SMP_04095,roboflow_sugarcane,train,YELLOW LEAF,2,4,640,640,70.81,54.39,0.21,19.42,5.6,31.2,0.6109,158.57
SMP_04096,roboflow_sugarcane,train,YELLOW LEAF,2,4,640,640,35.83,41.43,0.2152,15.13,-2.27,24.51,0.7754,128.95
SMP_04097,roboflow_sugarcane,train,YELLOW LEAF,2,4,640,640,85.44,69.48,0.1619,12.53,12.49,25.06,0.7711,151.3
SMP_04098,roboflow_sugarcane,train,YELLOW LEAF,2,4,640,640,72.68,51.55,0.1619,12.48,13.6,25.01,0.7235,167.57
SMP_04099,roboflow_sugarcane,train,YELLOW LEAF,2,4,640,640,66.3,49.92,0.2356,34.07,-0.74,24.97,0.615,163.46
SMP_04100,roboflow_sugarcane,train,YELLOW LEAF,2,4,640,640,44.32,43.57,0.2457,27.19,9.22,18.09,0.7281,147.02
SMP_04101,roboflow_sugarcane,train,YELLOW LEAF,2,4,640,640,42.37,67.09,0.2351,8.1,-1.72,30.55,0.7731,150.49
SMP_04102,roboflow_sugarcane,train,YELLOW LEAF,2,4,640,640,70.89,52.3,0.1765,8.42,6.43,30.96,0.8355,155.12
SMP_04103,roboflow_sugarcane,train,YELLOW LEAF,2,4,640,640,65.6,43.1,0.1804,20.97,14.36,16.25,0.6059,119.75
SMP_04104,roboflow_sugarcane,train,YELLOW LEAF,2,4,640,640,49.11,38.47,0.1534,11.87,5.83,23.29,0.8296,79.69
SMP_04105,roboflow_sugarcane,train,YELLOW LEAF,2,4,640,640,41.58,47.12,0.2384,17.98,4.16,33.94,0.5473,142.74
SMP_04106,roboflow_sugarcane,train,YELLOW LEAF,2,4,640,640,41.86,36.27,0.1019,32.42,23.3,26.64,0.7816,165.45
SMP_04107,roboflow_sugarcane,train,YELLOW LEAF,2,4,640,640,42.52,60.35,0.0898,28.56,7.88,24.07,0.6475,97.61
SMP_04108,roboflow_sugarcane,train,YELLOW LEAF,2,4,640,640,36.2,26.3,0.0998,6.31,-1.74,19.31,0.7269,120.63
SMP_04109,roboflow_sugarcane,train,YELLOW LEAF,2,4,640,640,96.55,46.33,0.0929,11.91,-2.37,33.55,0.6018,73.19
SMP_04110,roboflow_sugarcane,train,YELLOW LEAF,2,4,640,640,55.46,55.32,0.2679,21.97,23.23,21.79,0.756,121.93
SMP_04111,roboflow_sugarcane,train,YELLOW LEAF,2,4,640,640,78.05,52.11,0.2393,29.04,-0.92,30.12,0.6184,98.19
SMP_04112,roboflow_sugarcane,train,YELLOW LEAF,2,4,640,640,86.78,39.39,0.1401,13.43,-0.61,37.53,0.6167,64.14
SMP_04113,roboflow_sugarcane,train,YELLOW LEAF,2,4,640,640,58.71,55.92,0.1947,22.95,5.21,26.74,0.7685,112.79
SMP_04114,roboflow_sugarcane,train,YELLOW LEAF,2,4,640,640,51.88,37.37,0.2733,16.36,10.85,34.53,0.5852,126.06
SMP_04115,roboflow_sugarcane,train,YELLOW LEAF,2,4,640,640,83.18,47.73,0.225,34.02,-4.92,28.8,0.6257,129.18
SMP_04116,roboflow_sugarcane,train,YELLOW LEAF,2,4,640,640,55.05,55.82,0.3057,24.98,2.77,32.06,0.7799,126.48
SMP_04117,roboflow_sugarcane,train,YELLOW LEAF,2,4,640,640,39.14,53.55,0.1943,18.45,-5.73,24.5,0.7068,137.15
SMP_04118,roboflow_sugarcane,train,YELLOW LEAF,2,4,640,640,44.68,39.9,0.1672,8.04,3.78,20.72,0.727,191.58
SMP_04119,roboflow_sugarcane,train,YELLOW LEAF,2,4,640,640,86.36,62.37,0.1459,11.51,11.57,23.23,0.6452,123.67
SMP_04120,roboflow_sugarcane,train,YELLOW LEAF,2,4,640,640,58.38,49.04,0.2012,-0.2,2.99,23.87,0.5856,185.52
SMP_04121,roboflow_sugarcane,train,YELLOW LEAF,2,4,640,640,49.67,56.92,0.2468,22.18,20.75,27.62,0.6698,191.07
SMP_04122,roboflow_sugarcane,train,YELLOW LEAF,2,4,640,640,36.31,66.35,0.205,25.33,-1.77,30.28,0.6422,128.38
SMP_04123,roboflow_sugarcane,train,YELLOW LEAF,2,4,640,640,69.09,61.41,0.1821,25.73,6.74,16.7,0.6429,102.77
SMP_04124,roboflow_sugarcane,train,YELLOW LEAF,2,4,640,640,114.19,61.44,0.2628,15.09,15.46,26.97,0.6659,153.61
SMP_04125,roboflow_sugarcane,train,YELLOW LEAF,2,4,640,640,93.64,50.31,0.2264,30.24,13.07,27.89,0.7042,189.72
SMP_04126,roboflow_sugarcane,train,YELLOW LEAF,2,4,640,640,75.64,57.53,0.1943,32.67,26.14,26.31,0.6296,64.17
SMP_04127,roboflow_sugarcane,train,YELLOW LEAF,2,4,640,640,35.29,50.56,0.1617,14.68,7.59,19.74,0.7118,132.76
SMP_04128,roboflow_sugarcane,train,YELLOW LEAF,2,4,640,640,54.44,33.49,0.1873,29.45,-2.16,28.48,0.7643,145.21
SMP_04129,roboflow_sugarcane,train,YELLOW LEAF,2,4,640,640,32.77,51.63,0.2236,21.12,5.67,28.24,0.7145,192.26
SMP_04130,roboflow_sugarcane,train,YELLOW LEAF,2,4,640,640,36.85,51.08,0.161,15.79,-1.71,30.96,0.7743,86.24
SMP_04131,roboflow_sugarcane,train,YELLOW LEAF,2,4,640,640,31.07,55.0,0.1383,29.85,5.96,24.68,0.7499,152.17
SMP_04132,roboflow_sugarcane,train,YELLOW LEAF,2,4,640,640,52.34,46.46,0.176,10.35,14.87,27.81,0.747,162.69
SMP_04133,roboflow_sugarcane,train,YELLOW LEAF,2,4,640,640,31.71,38.86,0.1975,8.12,10.57,29.38,0.6389,114.94
SMP_04134,roboflow_sugarcane,train,YELLOW LEAF,2,4,640,640,47.27,55.88,0.2682,16.83,4.16,26.28,0.7478,148.49
SMP_04135,roboflow_sugarcane,train,YELLOW LEAF,2,4,640,640,67.23,32.24,0.142,18.17,-0.5,17.98,0.6801,150.86
SMP_04136,roboflow_sugarcane,train,YELLOW LEAF,2,4,640,640,37.78,65.51,0.2113,6.85,7.6,12.4,0.7833,177.04
SMP_04137,roboflow_sugarcane,train,YELLOW LEAF,2,4,640,640,83.64,45.22,0.1861,23.93,9.24,21.13,0.7957,181.28
SMP_04138,roboflow_sugarcane,train,YELLOW LEAF,2,4,640,640,32.48,50.95,0.1886,13.76,-5.03,15.77,0.7423,150.64
SMP_04139,roboflow_sugarcane,train,YELLOW LEAF,2,4,640,640,28.38,54.7,0.277,9.53,-3.15,27.51,0.6965,146.45
SMP_04140,roboflow_sugarcane,train,YELLOW LEAF,2,4,640,640,48.79,55.09,0.2041,25.2,2.68,19.87,0.7054,102.62
SMP_04141,roboflow_sugarcane,train,YELLOW LEAF,2,4,640,640,62.41,31.09,0.1543,16.56,-5.65,22.07,0.6961,143.35
SMP_04142,roboflow_sugarcane,train,YELLOW LEAF,2,4,640,640,24.55,57.89,0.2444,28.46,-9.49,36.63,0.6242,142.21
SMP_04143,roboflow_sugarcane,train,YELLOW LEAF,2,4,640,640,32.54,51.64,0.2408,23.67,-3.25,23.63,0.6132,114.74
SMP_04144,roboflow_sugarcane,train,YELLOW LEAF,2,4,640,640,41.41,40.38,0.1499,18.42,8.06,33.12,0.7254,166.55
SMP_04145,roboflow_sugarcane,train,YELLOW LEAF,2,4,640,640,36.98,39.0,0.1404,28.78,5.82,26.24,0.6324,151.13
SMP_04146,roboflow_sugarcane,train,YELLOW LEAF,2,4,640,640,55.01,43.99,0.2205,23.36,1.44,17.38,0.6983,149.48
SMP_04147,roboflow_sugarcane,train,YELLOW LEAF,2,4,640,640,42.33,32.42,0.1984,19.84,-2.49,25.75,0.6542,157.14
SMP_04148,roboflow_sugarcane,train,YELLOW LEAF,2,4,640,640,56.46,68.67,0.1765,24.09,7.95,12.09,0.613,114.55
SMP_04149,roboflow_sugarcane,train,YELLOW LEAF,2,4,640,640,63.67,65.83,0.2528,24.35,7.53,27.32,0.6318,97.19
SMP_04150,roboflow_sugarcane,train,YELLOW LEAF,2,4,640,640,38.95,53.42,0.1704,11.24,14.94,20.39,0.8368,158.25
SMP_04151,roboflow_sugarcane,train,YELLOW LEAF,2,4,640,640,45.3,45.32,0.2211,38.87,-15.09,25.88,0.6322,96.55
SMP_04152,roboflow_sugarcane,train,YELLOW LEAF,2,4,640,640,55.2,45.63,0.2587,20.54,-8.97,22.07,0.634,202.79
SMP_04153,roboflow_sugarcane,train,YELLOW LEAF,2,4,640,640,41.71,57.1,0.183,20.7,12.51,33.11,0.6169,137.38
SMP_04154,roboflow_sugarcane,train,YELLOW LEAF,2,4,640,640,29.2,69.09,0.1085,5.94,8.79,26.26,0.695,134.32
SMP_04155,roboflow_sugarcane,train,YELLOW LEAF,2,4,640,640,31.87,41.16,0.1798,21.03,12.47,24.12,0.6619,167.79
SMP_04156,roboflow_sugarcane,train,YELLOW LEAF,2,4,640,640,55.89,34.59,0.2095,21.37,-2.14,23.04,0.5604,150.96
SMP_04157,roboflow_sugarcane,train,YELLOW LEAF,2,4,640,640,27.49,66.57,0.2502,10.8,1.89,27.27,0.7864,192.77
SMP_04158,roboflow_sugarcane,train,YELLOW LEAF,2,4,640,640,47.72,26.55,0.1739,11.68,-5.22,23.74,0.5195,170.58
SMP_04159,roboflow_sugarcane,train,YELLOW LEAF,2,4,640,640,55.15,35.9,0.2862,12.81,-13.68,12.12,0.6134,143.87
SMP_04160,roboflow_sugarcane,train,YELLOW LEAF,2,4,640,640,81.2,45.04,0.1351,17.64,6.12,22.73,0.6574,126.07
SMP_04161,roboflow_sugarcane,train,YELLOW LEAF,2,4,640,640,59.32,29.27,0.2082,21.71,16.33,26.02,0.7334,178.65
SMP_04162,roboflow_sugarcane,train,YELLOW LEAF,2,4,640,640,35.01,61.35,0.188,18.22,3.66,21.47,0.6347,106.86
SMP_04163,roboflow_sugarcane,train,YELLOW LEAF,2,4,640,640,41.65,58.28,0.2674,22.42,-0.73,27.48,0.6321,138.34
SMP_04164,roboflow_sugarcane,train,YELLOW LEAF,2,4,640,640,42.85,41.1,0.1263,25.4,-3.96,26.64,0.6909,138.91
SMP_04165,roboflow_sugarcane,train,YELLOW LEAF,2,4,640,640,30.12,63.36,0.2213,24.34,13.91,12.84,0.6468,129.27
SMP_04166,roboflow_sugarcane,train,YELLOW LEAF,2,4,640,640,47.72,65.39,0.1878,22.91,5.65,21.74,0.5858,217.86
SMP_04167,roboflow_sugarcane,train,YELLOW LEAF,2,4,640,640,46.14,46.64,0.2765,22.29,5.97,33.94,0.7631,191.3
SMP_04168,roboflow_sugarcane,train,YELLOW LEAF,2,4,640,640,63.48,42.59,0.1586,22.31,-6.55,29.21,0.7226,167.5
SMP_04169,roboflow_sugarcane,train,YELLOW LEAF,2,4,640,640,80.09,75.12,0.2208,18.83,-2.33,29.78,0.7417,221.99
SMP_04170,roboflow_sugarcane,train,YELLOW LEAF,2,4,640,640,33.09,56.65,0.1581,14.72,10.88,31.85,0.693,177.05
SMP_04171,roboflow_sugarcane,train,YELLOW LEAF,2,4,640,640,46.46,51.08,0.2094,19.25,0.79,24.53,0.6725,149.06
SMP_04172,roboflow_sugarcane,train,YELLOW LEAF,2,4,640,640,69.87,64.36,0.1815,25.23,-0.21,22.62,0.7778,130.19
SMP_04173,roboflow_sugarcane,train,YELLOW LEAF,2,4,640,640,57.06,51.62,0.1807,25.18,25.08,31.07,0.6279,109.53
SMP_04174,roboflow_sugarcane,train,YELLOW LEAF,2,4,640,640,38.43,41.93,0.1006,24.06,5.56,32.69,0.7153,119.44
SMP_04175,roboflow_sugarcane,train,YELLOW LEAF,2,4,640,640,67.84,48.96,0.2207,16.2,3.62,33.41,0.6927,143.82
SMP_04176,roboflow_sugarcane,train,YELLOW LEAF,2,4,640,640,36.25,60.46,0.1459,18.27,3.91,22.17,0.6871,104.17
SMP_04177,roboflow_sugarcane,train,YELLOW LEAF,2,4,640,640,27.86,24.09,0.1442,18.3,-0.42,29.94,0.5752,94.4
SMP_04178,roboflow_sugarcane,train,YELLOW LEAF,2,4,640,640,57.75,44.54,0.1222,15.14,4.42,25.31,0.6129,175.14
SMP_04179,roboflow_sugarcane,train,YELLOW LEAF,2,4,640,640,47.81,64.6,0.1472,27.15,20.52,30.24,0.8092,98.43
SMP_04180,roboflow_sugarcane,train,YELLOW LEAF,2,4,640,640,82.71,41.86,0.225,5.28,8.3,25.45,0.7228,140.11
SMP_04181,roboflow_sugarcane,train,YELLOW LEAF,2,4,640,640,33.93,66.55,0.2226,36.18,-7.76,25.84,0.5982,167.04
SMP_04182,roboflow_sugarcane,train,YELLOW LEAF,2,4,640,640,81.18,64.98,0.2332,36.59,1.5,30.79,0.5606,139.43
SMP_04183,roboflow_sugarcane,train,YELLOW LEAF,2,4,640,640,77.99,47.21,0.1487,20.4,5.83,24.03,0.6004,114.87
SMP_04184,roboflow_sugarcane,train,YELLOW LEAF,2,4,640,640,35.9,41.18,0.2107,23.24,-7.05,23.76,0.6176,166.33
SMP_04185,roboflow_sugarcane,train,YELLOW LEAF,2,4,640,640,35.08,44.55,0.1692,26.79,1.26,32.37,0.7261,110.04
SMP_04186,roboflow_sugarcane,train,YELLOW LEAF,2,4,640,640,75.1,79.98,0.2477,13.94,-2.69,28.47,0.5489,173.01
SMP_04187,roboflow_sugarcane,train,YELLOW LEAF,2,4,640,640,45.28,70.49,0.2213,24.54,1.83,20.09,0.7948,130.26
SMP_04188,roboflow_sugarcane,train,YELLOW LEAF,2,4,640,640,69.16,49.5,0.1672,30.55,5.56,32.97,0.71,159.52
SMP_04189,roboflow_sugarcane,train,YELLOW LEAF,2,4,640,640,58.14,40.7,0.252,5.58,10.59,34.75,0.7643,149.16
SMP_04190,roboflow_sugarcane,train,YELLOW LEAF,2,4,640,640,63.33,49.4,0.2254,8.47,-4.23,27.78,0.6856,180.14
SMP_04191,roboflow_sugarcane,train,YELLOW LEAF,2,4,640,640,23.24,50.93,0.1306,26.0,4.31,24.08,0.6678,125.24
SMP_04192,roboflow_sugarcane,train,YELLOW LEAF,2,4,640,640,68.96,33.08,0.1164,17.84,2.38,35.68,0.6414,159.31
SMP_04193,roboflow_sugarcane,train,YELLOW LEAF,2,4,640,640,28.83,48.96,0.1326,16.91,3.24,35.28,0.6463,117.11
SMP_04194,roboflow_sugarcane,train,YELLOW LEAF,2,4,640,640,30.42,63.87,0.2825,17.38,-1.56,20.69,0.6991,107.08
SMP_04195,roboflow_sugarcane,train,YELLOW LEAF,2,4,640,640,32.41,26.41,0.1492,10.98,4.62,24.42,0.6991,149.88
SMP_04196,roboflow_sugarcane,train,YELLOW LEAF,2,4,640,640,52.48,57.92,0.2938,16.72,8.95,25.68,0.5953,164.12
SMP_04197,roboflow_sugarcane,train,YELLOW LEAF,2,4,640,640,40.17,64.5,0.1466,9.44,-6.13,35.84,0.5058,159.17
SMP_04198,roboflow_sugarcane,train,YELLOW LEAF,2,4,640,640,82.27,41.27,0.1413,30.47,18.83,31.35,0.6609,155.81
SMP_04199,roboflow_sugarcane,train,YELLOW LEAF,2,4,640,640,43.47,68.33,0.244,21.07,12.53,24.07,0.7797,141.43
SMP_04200,roboflow_sugarcane,train,YELLOW LEAF,2,4,640,640,49.74,39.72,0.2463,20.85,-7.6,25.97,0.6549,174.99
SMP_04201,roboflow_sugarcane,train,YELLOW LEAF,2,4,640,640,51.16,53.29,0.2278,25.33,16.57,25.35,0.4719,118.44
SMP_04202,roboflow_sugarcane,train,YELLOW LEAF,2,4,640,640,40.0,44.32,0.2338,42.32,17.12,21.43,0.7137,110.96
SMP_04203,roboflow_sugarcane,train,YELLOW LEAF,2,4,640,640,36.36,44.32,0.1599,11.58,0.98,29.12,0.6615,157.37
SMP_04204,roboflow_sugarcane,train,YELLOW LEAF,2,4,640,640,48.74,40.59,0.2417,5.26,6.65,28.72,0.6177,124.16
SMP_04205,roboflow_sugarcane,train,YELLOW LEAF,2,4,640,640,82.77,56.38,0.212,19.75,5.72,29.55,0.533,114.77
SMP_04206,roboflow_sugarcane,train,YELLOW LEAF,2,4,640,640,64.13,58.19,0.1817,5.39,-6.02,27.34,0.7069,160.44
SMP_04207,roboflow_sugarcane,train,YELLOW LEAF,2,4,640,640,44.55,47.23,0.2047,17.29,13.22,19.49,0.7342,170.79
SMP_04208,roboflow_sugarcane,train,YELLOW LEAF,2,4,640,640,27.78,31.68,0.253,27.0,-10.05,22.19,0.6613,145.19
SMP_04209,roboflow_sugarcane,train,YELLOW LEAF,2,4,640,640,19.68,52.84,0.2196,32.22,7.32,26.38,0.6061,90.01
SMP_04210,roboflow_sugarcane,train,YELLOW LEAF,2,4,640,640,61.97,53.06,0.0921,7.47,17.54,31.4,0.5191,206.44
SMP_04211,roboflow_sugarcane,train,YELLOW LEAF,2,4,640,640,67.0,45.4,0.2446,12.45,-8.51,27.69,0.8576,172.28
SMP_04212,roboflow_sugarcane,train,YELLOW LEAF,2,4,640,640,46.81,70.41,0.2407,22.91,2.66,18.62,0.6757,73.99
SMP_04213,roboflow_sugarcane,train,YELLOW LEAF,2,4,640,640,83.12,29.23,0.181,26.03,14.12,13.87,0.7243,91.41
SMP_04214,roboflow_sugarcane,train,YELLOW LEAF,2,4,640,640,35.66,21.39,0.2058,26.49,8.22,25.77,0.6672,147.29
SMP_04215,roboflow_sugarcane,train,YELLOW LEAF,2,4,640,640,68.24,39.23,0.2056,31.8,11.67,28.46,0.6716,157.19
SMP_04216,roboflow_sugarcane,train,YELLOW LEAF,2,4,640,640,80.53,56.53,0.101,25.83,-0.5,30.75,0.6664,120.94
SMP_04217,roboflow_sugarcane,train,YELLOW LEAF,2,4,640,640,32.03,35.33,0.1799,19.04,-2.53,36.52,0.7107,144.7
SMP_04218,roboflow_sugarcane,train,YELLOW LEAF,2,4,640,640,48.17,36.23,0.1819,28.5,3.4,32.74,0.7341,162.99
SMP_04219,roboflow_sugarcane,train,YELLOW LEAF,2,4,640,640,76.78,59.41,0.1921,20.56,7.12,29.7,0.7176,161.74
SMP_04220,roboflow_sugarcane,train,YELLOW LEAF,2,4,640,640,81.16,53.55,0.1737,22.2,9.8,22.77,0.7506,111.94
SMP_04221,roboflow_sugarcane,train,YELLOW LEAF,2,4,640,640,30.79,52.52,0.2331,16.05,8.56,34.66,0.7033,202.37
SMP_04222,roboflow_sugarcane,train,YELLOW LEAF,2,4,640,640,33.68,57.38,0.1595,21.25,12.83,19.5,0.6759,189.1
SMP_04223,roboflow_sugarcane,train,YELLOW LEAF,2,4,640,640,41.69,42.9,0.2455,6.96,5.93,32.57,0.6814,167.81
SMP_04224,roboflow_sugarcane,train,YELLOW LEAF,2,4,640,640,49.63,43.45,0.2308,28.28,-3.38,37.31,0.6662,113.12
SMP_04225,roboflow_sugarcane,train,YELLOW LEAF,2,4,640,640,35.19,57.72,0.268,11.93,-5.84,34.4,0.7384,175.65
SMP_04226,roboflow_sugarcane,train,YELLOW LEAF,2,4,640,640,54.5,31.86,0.2867,12.9,11.07,23.67,0.5496,114.06
SMP_04227,roboflow_sugarcane,train,YELLOW LEAF,2,4,640,640,46.73,22.29,0.287,1.39,13.05,16.13,0.7093,162.27
SMP_04228,roboflow_sugarcane,train,YELLOW LEAF,2,4,640,640,45.92,42.8,0.1407,13.42,20.77,21.51,0.6677,151.81
SMP_04229,roboflow_sugarcane,train,YELLOW LEAF,2,4,640,640,31.36,59.17,0.2172,12.33,24.39,26.28,0.6791,165.45
SMP_04230,roboflow_sugarcane,train,YELLOW LEAF,2,4,640,640,63.99,51.07,0.1641,21.74,12.78,24.33,0.7025,128.74
SMP_04231,roboflow_sugarcane,train,YELLOW LEAF,2,4,640,640,74.5,58.29,0.364,9.64,7.93,27.45,0.7006,181.65
SMP_04232,roboflow_sugarcane,train,YELLOW LEAF,2,4,640,640,76.48,23.8,0.2307,16.45,1.64,15.12,0.7317,151.38
SMP_04233,roboflow_sugarcane,train,YELLOW LEAF,2,4,640,640,40.16,51.79,0.2708,14.56,-1.99,30.76,0.6753,118.46
SMP_04234,roboflow_sugarcane,train,YELLOW LEAF,2,4,640,640,89.19,55.85,0.2218,5.92,5.53,22.26,0.6643,162.94
SMP_04235,roboflow_sugarcane,train,YELLOW LEAF,2,4,640,640,76.14,31.79,0.0682,21.9,4.16,26.0,0.6547,153.96
SMP_04236,roboflow_sugarcane,train,YELLOW LEAF,2,4,640,640,58.66,58.34,0.1608,18.25,20.24,23.13,0.6518,167.5
SMP_04237,roboflow_sugarcane,train,YELLOW LEAF,2,4,640,640,29.94,46.66,0.1657,20.32,9.69,30.5,0.6154,123.36
SMP_04238,roboflow_sugarcane,train,YELLOW LEAF,2,4,640,640,64.72,84.86,0.1805,26.64,3.16,22.6,0.7907,133.59
SMP_04239,roboflow_sugarcane,train,YELLOW LEAF,2,4,640,640,42.77,21.87,0.218,20.06,-2.05,15.72,0.6502,147.29
SMP_04240,roboflow_sugarcane,train,YELLOW LEAF,2,4,640,640,71.39,64.43,0.2251,17.34,9.27,29.36,0.5354,123.66
SMP_04241,roboflow_sugarcane,train,YELLOW LEAF,2,4,640,640,67.47,43.27,0.0686,27.38,6.1,16.45,0.6649,120.05
SMP_04242,roboflow_sugarcane,train,YELLOW LEAF,2,4,640,640,30.95,28.59,0.1882,17.39,1.39,24.95,0.5963,102.28
SMP_04243,roboflow_sugarcane,train,YELLOW LEAF,2,4,640,640,49.86,41.68,0.1757,15.96,-0.49,32.54,0.6743,141.27
SMP_04244,roboflow_sugarcane,train,YELLOW LEAF,2,4,640,640,45.43,51.33,0.2691,25.36,9.39,29.45,0.6419,121.68
SMP_04245,roboflow_sugarcane,train,YELLOW LEAF,2,4,640,640,42.53,60.45,0.2296,13.76,1.74,26.17,0.6507,121.01
SMP_04246,roboflow_sugarcane,train,YELLOW LEAF,2,4,640,640,41.08,68.66,0.1908,29.34,2.41,26.41,0.7223,123.07
SMP_04247,roboflow_sugarcane,train,YELLOW LEAF,2,4,640,640,38.41,65.06,0.2112,21.28,1.12,19.7,0.7016,98.28
SMP_04248,roboflow_sugarcane,train,YELLOW LEAF,2,4,640,640,38.49,36.42,0.1156,32.55,27.68,28.46,0.7604,124.03
SMP_04249,roboflow_sugarcane,train,YELLOW LEAF,2,4,640,640,77.9,61.56,0.2331,19.52,6.26,28.96,0.8024,146.71
SMP_04250,roboflow_sugarcane,train,YELLOW LEAF,2,4,640,640,36.43,52.7,0.1802,27.59,-1.59,27.27,0.6946,121.29
SMP_04251,roboflow_sugarcane,train,YELLOW LEAF,2,4,640,640,81.42,40.14,0.1596,6.89,-15.58,26.06,0.67,97.92
SMP_04252,roboflow_sugarcane,train,YELLOW LEAF,2,4,640,640,48.14,45.46,0.2657,30.26,-8.12,25.14,0.7061,168.83
SMP_04253,roboflow_sugarcane,train,YELLOW LEAF,2,4,640,640,52.77,39.48,0.2137,25.51,2.66,30.74,0.6187,132.54
SMP_04254,roboflow_sugarcane,train,YELLOW LEAF,2,4,640,640,83.31,48.45,0.1667,14.84,18.56,22.32,0.6222,137.21
SMP_04255,roboflow_sugarcane,train,YELLOW LEAF,2,4,640,640,75.5,39.24,0.1698,26.92,23.29,17.95,0.6383,114.26
SMP_04256,roboflow_sugarcane,train,YELLOW LEAF,2,4,640,640,38.76,35.66,0.2183,9.86,3.09,31.43,0.664,114.09
SMP_04257,roboflow_sugarcane,train,YELLOW LEAF,2,4,640,640,64.0,53.75,0.2144,16.02,7.91,18.08,0.6351,144.87
SMP_04258,roboflow_sugarcane,train,YELLOW LEAF,2,4,640,640,81.78,55.54,0.2015,13.19,3.68,21.55,0.7539,80.9
SMP_04259,roboflow_sugarcane,train,YELLOW LEAF,2,4,640,640,71.23,45.75,0.1398,27.36,8.64,28.55,0.7212,85.06
SMP_04260,roboflow_sugarcane,train,YELLOW LEAF,2,4,640,640,44.43,64.41,0.1472,29.99,3.08,27.99,0.6431,154.09
SMP_04261,roboflow_sugarcane,train,YELLOW LEAF,2,4,640,640,83.12,44.87,0.1626,16.41,0.54,25.03,0.5151,151.29
SMP_04262,roboflow_sugarcane,train,YELLOW LEAF,2,4,640,640,62.01,44.37,0.1902,9.83,-0.25,34.45,0.67,113.91
SMP_04263,roboflow_sugarcane,train,YELLOW LEAF,2,4,640,640,33.46,55.93,0.1979,12.19,10.68,31.85,0.7404,129.51
SMP_04264,roboflow_sugarcane,train,YELLOW LEAF,2,4,640,640,77.25,46.41,0.192,20.74,15.42,25.36,0.708,122.95
SMP_04265,roboflow_sugarcane,train,YELLOW LEAF,2,4,640,640,32.85,49.02,0.1943,20.23,1.41,22.63,0.6691,101.13
SMP_04266,roboflow_sugarcane,train,YELLOW LEAF,2,4,640,640,75.88,17.75,0.2941,17.28,10.82,27.6,0.6517,133.26
SMP_04267,roboflow_sugarcane,train,YELLOW LEAF,2,4,640,640,39.38,48.2,0.2425,13.36,6.25,27.13,0.6662,130.76
SMP_04268,roboflow_sugarcane,train,YELLOW LEAF,2,4,640,640,62.66,26.07,0.2594,33.03,1.94,33.13,0.5884,173.37
SMP_04269,roboflow_sugarcane,train,YELLOW LEAF,2,4,640,640,83.45,33.35,0.2232,15.04,10.43,24.81,0.6625,104.37
SMP_04270,roboflow_sugarcane,train,YELLOW LEAF,2,4,640,640,38.49,31.98,0.2036,13.34,15.78,32.16,0.5433,218.95
SMP_04271,roboflow_sugarcane,train,YELLOW LEAF,2,4,640,640,33.62,35.49,0.2205,29.18,-1.59,18.01,0.5654,106.39
SMP_04272,roboflow_sugarcane,train,YELLOW LEAF,2,4,640,640,58.9,41.41,0.2113,17.74,2.42,28.11,0.6989,156.14
SMP_04273,roboflow_sugarcane,train,YELLOW LEAF,2,4,640,640,68.48,42.16,0.2404,24.1,16.73,21.75,0.6733,142.87
SMP_04274,roboflow_sugarcane,train,YELLOW LEAF,2,4,640,640,47.51,55.97,0.1512,13.0,4.66,26.04,0.5911,217.09
SMP_04275,roboflow_sugarcane,train,YELLOW LEAF,2,4,640,640,31.22,50.67,0.2362,24.05,-1.36,24.68,0.7408,164.09
SMP_04276,roboflow_sugarcane,train,YELLOW LEAF,2,4,640,640,53.29,25.19,0.2084,25.88,6.36,19.34,0.6656,161.05
SMP_04277,roboflow_sugarcane,train,YELLOW LEAF,2,4,640,640,96.03,49.0,0.1096,11.07,5.07,21.59,0.7108,179.48
SMP_04278,roboflow_sugarcane,train,YELLOW LEAF,2,4,640,640,77.41,51.82,0.2043,15.73,13.44,23.22,0.7452,136.97
SMP_04279,roboflow_sugarcane,train,YELLOW LEAF,2,4,640,640,84.28,44.06,0.1347,12.76,4.65,36.47,0.6208,126.2
SMP_04280,roboflow_sugarcane,train,YELLOW LEAF,2,4,640,640,44.05,47.27,0.1733,15.78,4.92,22.8,0.5801,157.22
SMP_04281,roboflow_sugarcane,train,YELLOW LEAF,2,4,640,640,27.27,50.28,0.192,32.81,4.59,14.62,0.6408,128.73
SMP_04282,roboflow_sugarcane,train,YELLOW LEAF,2,4,640,640,61.79,57.18,0.1246,22.06,6.34,21.56,0.625,137.34
SMP_04283,roboflow_sugarcane,train,YELLOW LEAF,2,4,640,640,38.15,29.1,0.1973,35.58,17.13,15.42,0.6824,169.26
SMP_04284,roboflow_sugarcane,train,YELLOW LEAF,2,4,640,640,83.36,45.07,0.2034,31.86,10.8,19.73,0.7031,100.18
SMP_04285,roboflow_sugarcane,train,YELLOW LEAF,2,4,640,640,59.05,66.1,0.2378,29.05,-3.34,11.37,0.6395,143.12
SMP_04286,roboflow_sugarcane,train,YELLOW LEAF,2,4,640,640,28.08,65.0,0.1773,31.64,7.25,22.27,0.7369,135.56
SMP_04287,roboflow_sugarcane,train,YELLOW LEAF,2,4,640,640,59.48,58.21,0.2137,29.28,7.77,28.24,0.7994,132.04
SMP_04288,roboflow_sugarcane,train,YELLOW LEAF,2,4,640,640,50.39,54.44,0.1952,33.64,8.01,23.52,0.5716,156.33
SMP_04289,roboflow_sugarcane,train,YELLOW LEAF,2,4,640,640,75.84,67.86,0.1791,24.36,-6.84,23.84,0.6146,96.1
SMP_04290,roboflow_sugarcane,train,YELLOW LEAF,2,4,640,640,80.65,71.01,0.1165,25.49,6.17,41.32,0.6602,116.02
SMP_04291,roboflow_sugarcane,train,YELLOW LEAF,2,4,640,640,43.67,46.45,0.1944,25.26,0.46,22.39,0.624,126.93
SMP_04292,roboflow_sugarcane,train,YELLOW LEAF,2,4,640,640,40.03,36.37,0.2372,16.48,-6.98,27.31,0.7074,100.84
SMP_04293,roboflow_sugarcane,train,YELLOW LEAF,2,4,640,640,83.04,44.76,0.1533,26.77,14.67,26.63,0.6083,176.59
SMP_04294,roboflow_sugarcane,train,YELLOW LEAF,2,4,640,640,84.64,85.16,0.1891,30.06,2.74,27.52,0.6322,122.17
SMP_04295,roboflow_sugarcane,train,YELLOW LEAF,2,4,640,640,47.15,29.17,0.1965,15.2,2.86,22.35,0.7781,200.77
SMP_04296,roboflow_sugarcane,train,YELLOW LEAF,2,4,640,640,42.69,42.35,0.2551,13.14,12.06,30.6,0.7709,126.31
SMP_04297,roboflow_sugarcane,train,YELLOW LEAF,2,4,640,640,64.83,31.05,0.2015,15.59,13.19,33.13,0.7634,117.23
SMP_04298,roboflow_sugarcane,train,YELLOW LEAF,2,4,640,640,78.66,49.5,0.2144,30.85,3.01,26.4,0.6223,165.72
SMP_04299,roboflow_sugarcane,train,YELLOW LEAF,2,4,640,640,43.84,33.57,0.1996,18.1,5.23,32.99,0.7282,113.65
SMP_04300,roboflow_sugarcane,train,YELLOW LEAF,2,4,640,640,53.17,46.69,0.1754,11.17,-3.08,29.24,0.7528,54.38
SMP_04301,roboflow_sugarcane,train,YELLOW LEAF,2,4,640,640,56.0,24.6,0.1433,11.69,-2.54,27.01,0.6055,156.58
SMP_04302,roboflow_sugarcane,train,YELLOW LEAF,2,4,640,640,84.42,55.41,0.1857,12.77,15.38,19.79,0.539,193.65
SMP_04303,roboflow_sugarcane,train,YELLOW LEAF,2,4,640,640,35.69,62.67,0.2197,14.3,5.36,25.26,0.7234,91.6
SMP_04304,roboflow_sugarcane,train,YELLOW LEAF,2,4,640,640,70.25,43.39,0.2062,8.81,12.76,31.97,0.5458,154.02
SMP_04305,roboflow_sugarcane,train,YELLOW LEAF,2,4,640,640,45.35,46.38,0.274,24.84,3.68,23.68,0.6307,173.97
SMP_04306,roboflow_sugarcane,train,YELLOW LEAF,2,4,640,640,87.96,46.04,0.2473,18.49,8.36,26.47,0.5612,145.91
SMP_04307,roboflow_sugarcane,train,YELLOW LEAF,2,4,640,640,41.17,50.17,0.262,24.28,-8.95,19.55,0.6821,179.57
SMP_04308,roboflow_sugarcane,train,YELLOW LEAF,2,4,640,640,78.84,47.54,0.0984,1.62,11.89,28.23,0.8162,136.38
SMP_04309,roboflow_sugarcane,train,YELLOW LEAF,2,4,640,640,39.37,57.22,0.279,28.58,4.77,28.78,0.7316,115.93
SMP_04310,roboflow_sugarcane,train,YELLOW LEAF,2,4,640,640,35.99,62.8,0.2133,19.34,1.24,40.06,0.7852,113.95
SMP_04311,roboflow_sugarcane,train,YELLOW LEAF,2,4,640,640,75.26,38.23,0.2204,24.0,10.03,27.4,0.7167,155.85
SMP_04312,roboflow_sugarcane,train,YELLOW LEAF,2,4,640,640,46.48,44.29,0.2448,32.17,12.95,27.81,0.567,134.53
SMP_04313,roboflow_sugarcane,train,YELLOW LEAF,2,4,640,640,78.41,58.82,0.2011,22.94,1.75,25.08,0.6735,130.19
SMP_04314,roboflow_sugarcane,train,YELLOW LEAF,2,4,640,640,79.33,30.94,0.1465,36.89,-4.57,25.48,0.7007,166.04
SMP_04315,roboflow_sugarcane,train,YELLOW LEAF,2,4,640,640,81.83,24.35,0.2724,4.96,18.32,24.19,0.7164,179.25
SMP_04316,roboflow_sugarcane,train,YELLOW LEAF,2,4,640,640,71.54,50.72,0.1616,17.46,3.27,34.16,0.749,133.19
SMP_04317,roboflow_sugarcane,train,YELLOW LEAF,2,4,640,640,48.6,53.96,0.1507,5.57,-10.35,22.91,0.6245,107.92
SMP_04318,roboflow_sugarcane,train,YELLOW LEAF,2,4,640,640,33.41,39.33,0.1883,22.52,1.62,32.89,0.6923,175.11
SMP_04319,roboflow_sugarcane,train,YELLOW LEAF,2,4,640,640,48.46,41.06,0.1807,20.61,8.6,25.48,0.662,197.23
SMP_04320,roboflow_sugarcane,train,YELLOW LEAF,2,4,640,640,56.14,38.88,0.2002,11.26,4.35,20.98,0.7382,104.58
SMP_04321,roboflow_sugarcane,train,YELLOW LEAF,2,4,640,640,74.74,37.6,0.1951,37.39,3.97,22.64,0.677,124.54
SMP_04322,roboflow_sugarcane,train,YELLOW LEAF,2,4,640,640,32.53,56.32,0.2674,17.12,2.18,21.85,0.6837,198.23
SMP_04323,roboflow_sugarcane,train,YELLOW LEAF,2,4,640,640,28.3,33.83,0.223,2.35,1.63,22.79,0.6866,133.33
SMP_04324,roboflow_sugarcane,train,YELLOW LEAF,2,4,640,640,53.57,44.81,0.1571,25.44,-5.22,18.75,0.7053,201.91
SMP_04325,roboflow_sugarcane,train,YELLOW LEAF,2,4,640,640,44.06,37.14,0.164,25.57,-5.38,21.52,0.6808,136.41
SMP_04326,roboflow_sugarcane,train,YELLOW LEAF,2,4,640,640,68.29,30.54,0.1806,16.16,7.91,11.12,0.7681,153.0
SMP_04327,roboflow_sugarcane,train,YELLOW LEAF,2,4,640,640,30.64,58.44,0.1808,26.31,14.84,26.63,0.5634,102.11
SMP_04328,roboflow_sugarcane,train,YELLOW LEAF,2,4,640,640,64.39,41.76,0.1743,12.4,2.79,22.64,0.7424,78.52
SMP_04329,roboflow_sugarcane,train,YELLOW LEAF,2,4,640,640,41.91,50.26,0.1449,16.66,16.09,24.67,0.7098,133.35
SMP_04330,roboflow_sugarcane,train,YELLOW LEAF,2,4,640,640,36.37,29.9,0.2145,23.15,13.79,21.06,0.6979,147.49
SMP_04331,roboflow_sugarcane,train,YELLOW LEAF,2,4,640,640,41.77,39.1,0.1772,27.39,3.94,34.15,0.663,160.37
SMP_04332,roboflow_sugarcane,train,YELLOW LEAF,2,4,640,640,44.69,57.07,0.1524,18.21,10.1,14.7,0.8061,184.88
SMP_04333,roboflow_sugarcane,train,YELLOW LEAF,2,4,640,640,63.18,79.05,0.2243,16.14,8.91,31.61,0.6798,131.09
SMP_04334,roboflow_sugarcane,train,YELLOW LEAF,2,4,640,640,33.56,24.29,0.2424,19.67,0.96,16.57,0.7684,150.89
SMP_04335,roboflow_sugarcane,train,YELLOW LEAF,2,4,640,640,74.44,45.59,0.1877,3.63,-12.26,21.54,0.8145,139.73
SMP_04336,roboflow_sugarcane,train,YELLOW LEAF,2,4,640,640,22.7,52.95,0.2891,17.76,6.11,28.19,0.6306,114.71
SMP_04337,roboflow_sugarcane,train,YELLOW LEAF,2,4,640,640,94.5,40.61,0.3108,4.16,10.61,37.7,0.6701,147.93
SMP_04338,roboflow_sugarcane,train,YELLOW LEAF,2,4,640,640,69.14,58.19,0.2248,13.27,0.57,30.67,0.571,196.13
SMP_04339,roboflow_sugarcane,train,YELLOW LEAF,2,4,640,640,74.7,37.6,0.1766,8.62,21.06,10.51,0.6047,168.84
SMP_04340,roboflow_sugarcane,train,YELLOW LEAF,2,4,640,640,34.18,49.85,0.2134,24.23,13.26,28.09,0.7224,154.72
SMP_04341,roboflow_sugarcane,train,YELLOW LEAF,2,4,640,640,43.22,41.74,0.1388,14.15,-6.78,21.15,0.6719,121.22
SMP_04342,roboflow_sugarcane,train,YELLOW LEAF,2,4,640,640,80.12,62.63,0.1564,29.9,3.44,40.39,0.6404,127.25
SMP_04343,roboflow_sugarcane,train,YELLOW LEAF,2,4,640,640,77.93,39.88,0.1159,5.22,-1.72,27.86,0.8508,147.47
SMP_04344,roboflow_sugarcane,train,YELLOW LEAF,2,4,640,640,33.18,43.78,0.1686,18.05,2.06,31.72,0.6616,157.62
SMP_04345,roboflow_sugarcane,train,YELLOW LEAF,2,4,640,640,68.6,59.35,0.1384,20.68,10.23,20.77,0.5891,137.27
SMP_04346,roboflow_sugarcane,train,YELLOW LEAF,2,4,640,640,49.53,35.66,0.2312,23.92,2.99,20.4,0.6161,141.02
SMP_04347,roboflow_sugarcane,train,YELLOW LEAF,2,4,640,640,42.42,48.83,0.1625,37.23,0.44,25.7,0.6921,107.39
SMP_04348,roboflow_sugarcane,train,YELLOW LEAF,2,4,640,640,23.13,26.13,0.2138,4.27,5.75,21.49,0.7037,131.2
SMP_04349,roboflow_sugarcane,train,YELLOW LEAF,2,4,640,640,38.65,34.94,0.2374,13.94,11.08,27.97,0.6298,147.31
SMP_04350,roboflow_sugarcane,train,YELLOW LEAF,2,4,640,640,44.46,52.59,0.2586,35.98,11.0,23.32,0.6246,147.43
SMP_04351,roboflow_sugarcane,train,YELLOW LEAF,2,4,640,640,83.67,36.11,0.1823,12.63,9.92,25.84,0.6295,181.23
SMP_04352,roboflow_sugarcane,train,YELLOW LEAF,2,4,640,640,80.66,41.47,0.2155,23.53,15.96,31.81,0.7883,115.52
SMP_04353,roboflow_sugarcane,train,YELLOW LEAF,2,4,640,640,37.49,53.92,0.2171,12.48,4.28,26.19,0.7769,133.3
SMP_04354,roboflow_sugarcane,train,YELLOW LEAF,2,4,640,640,72.25,41.05,0.2636,8.85,2.11,24.39,0.6784,196.3
SMP_04355,roboflow_sugarcane,train,YELLOW LEAF,2,4,640,640,32.13,57.87,0.2392,13.48,3.76,21.75,0.7033,104.22
SMP_04356,roboflow_sugarcane,train,YELLOW LEAF,2,4,640,640,65.79,50.59,0.2652,35.82,-1.48,22.84,0.6898,135.25
SMP_04357,roboflow_sugarcane,train,YELLOW LEAF,2,4,640,640,37.87,53.23,0.1168,10.67,-1.66,30.24,0.6427,189.67
SMP_04358,roboflow_sugarcane,train,YELLOW LEAF,2,4,640,640,23.84,62.89,0.1668,17.61,10.91,25.17,0.7323,192.21
SMP_04359,roboflow_sugarcane,train,YELLOW LEAF,2,4,640,640,46.31,51.84,0.2516,17.96,11.64,20.25,0.5635,140.31
SMP_04360,roboflow_sugarcane,train,YELLOW LEAF,2,4,640,640,57.42,66.47,0.229,27.33,-16.17,23.61,0.7064,114.55
SMP_04361,roboflow_sugarcane,train,YELLOW LEAF,2,4,640,640,41.97,58.94,0.1937,29.03,12.52,30.98,0.7574,133.41
SMP_04362,roboflow_sugarcane,train,YELLOW LEAF,2,4,640,640,37.28,41.72,0.1763,20.86,1.71,24.08,0.6209,142.26
SMP_04363,roboflow_sugarcane,train,YELLOW LEAF,2,4,640,640,42.81,63.52,0.2394,-5.52,-0.06,10.58,0.6499,140.5
SMP_04364,roboflow_sugarcane,train,YELLOW LEAF,2,4,640,640,77.93,51.17,0.101,12.89,2.38,31.43,0.5139,185.34
SMP_04365,roboflow_sugarcane,train,YELLOW LEAF,2,4,640,640,35.9,43.26,0.2396,10.42,-5.1,24.53,0.618,121.95
SMP_04366,roboflow_sugarcane,train,YELLOW LEAF,2,4,640,640,37.7,51.34,0.2045,29.27,3.66,30.77,0.8024,155.53
SMP_04367,roboflow_sugarcane,train,YELLOW LEAF,2,4,640,640,47.51,61.35,0.1756,12.63,20.32,23.55,0.5449,141.08
SMP_04368,roboflow_sugarcane,train,YELLOW LEAF,2,4,640,640,89.51,53.46,0.2251,33.47,-7.38,28.88,0.6226,146.35
SMP_04369,roboflow_sugarcane,train,YELLOW LEAF,2,4,640,640,60.97,69.87,0.1807,23.27,9.95,29.43,0.7813,148.96
SMP_04370,roboflow_sugarcane,train,YELLOW LEAF,2,4,640,640,32.05,61.04,0.2015,29.08,12.8,21.57,0.6638,124.78
SMP_04371,roboflow_sugarcane,train,YELLOW LEAF,2,4,640,640,52.45,54.28,0.1977,38.05,9.66,18.01,0.6326,171.34
SMP_04372,roboflow_sugarcane,train,YELLOW LEAF,2,4,640,640,77.27,35.69,0.2372,12.45,17.27,19.13,0.6904,159.38
SMP_04373,roboflow_sugarcane,train,YELLOW LEAF,2,4,640,640,83.45,45.84,0.208,7.04,12.85,27.22,0.6364,159.3
SMP_04374,roboflow_sugarcane,train,YELLOW LEAF,2,4,640,640,59.04,48.86,0.1045,21.5,10.37,25.09,0.6332,117.79
SMP_04375,roboflow_sugarcane,train,YELLOW LEAF,2,4,640,640,75.61,56.36,0.1304,27.63,13.3,25.88,0.6945,191.03
SMP_04376,roboflow_sugarcane,train,YELLOW LEAF,2,4,640,640,41.9,55.65,0.1458,14.68,12.94,28.56,0.6472,147.78
SMP_04377,roboflow_sugarcane,train,YELLOW LEAF,2,4,640,640,40.3,50.03,0.2228,20.29,2.21,24.06,0.6991,129.85
SMP_04378,roboflow_sugarcane,train,YELLOW LEAF,2,4,640,640,64.26,49.44,0.2278,29.74,10.05,23.28,0.8121,114.5
SMP_04379,roboflow_sugarcane,train,YELLOW LEAF,2,4,640,640,82.49,56.65,0.2835,28.94,2.82,21.05,0.7357,123.12
SMP_04380,roboflow_sugarcane,train,YELLOW LEAF,2,4,640,640,38.21,37.7,0.1493,15.35,-5.67,28.24,0.7007,136.05
SMP_04381,roboflow_sugarcane,train,YELLOW LEAF,2,4,640,640,29.44,68.35,0.2655,22.17,19.69,36.2,0.6611,47.14
SMP_04382,roboflow_sugarcane,train,YELLOW LEAF,2,4,640,640,35.0,23.43,0.1031,12.51,0.57,22.98,0.5721,190.79
SMP_04383,roboflow_sugarcane,train,YELLOW LEAF,2,4,640,640,39.84,65.46,0.2009,8.4,13.76,28.68,0.7655,161.56
SMP_04384,roboflow_sugarcane,train,YELLOW LEAF,2,4,640,640,50.66,47.46,0.2123,30.87,9.28,33.92,0.6561,177.99
SMP_04385,roboflow_sugarcane,train,YELLOW LEAF,2,4,640,640,55.64,60.03,0.2121,2.93,-2.17,21.94,0.6125,137.57
SMP_04386,roboflow_sugarcane,train,YELLOW LEAF,2,4,640,640,42.45,52.37,0.1845,21.53,-1.21,36.53,0.5768,174.02
SMP_04387,roboflow_sugarcane,train,YELLOW LEAF,2,4,640,640,77.15,52.15,0.2059,17.04,8.18,20.41,0.6866,163.11
SMP_04388,roboflow_sugarcane,train,YELLOW LEAF,2,4,640,640,35.02,54.65,0.1382,24.39,8.2,29.33,0.6885,151.22
SMP_04389,roboflow_sugarcane,train,YELLOW LEAF,2,4,640,640,44.24,57.71,0.2433,14.52,1.99,19.34,0.6345,131.89
SMP_04390,roboflow_sugarcane,train,YELLOW LEAF,2,4,640,640,27.55,44.05,0.2125,29.13,-7.66,29.15,0.737,156.05
SMP_04391,roboflow_sugarcane,train,YELLOW LEAF,2,4,640,640,40.83,60.42,0.2181,18.22,11.43,22.06,0.6997,160.48
SMP_04392,roboflow_sugarcane,train,YELLOW LEAF,2,4,640,640,65.92,34.99,0.186,31.61,-18.4,12.17,0.6086,163.43
SMP_04393,roboflow_sugarcane,train,YELLOW LEAF,2,4,640,640,44.94,47.94,0.1836,21.75,7.79,34.37,0.5662,136.97
SMP_04394,roboflow_sugarcane,train,YELLOW LEAF,2,4,640,640,64.72,58.03,0.2262,11.6,14.06,27.24,0.6678,128.14
SMP_04395,roboflow_sugarcane,train,YELLOW LEAF,2,4,640,640,40.29,59.94,0.2795,24.34,-9.79,22.77,0.6435,144.46
SMP_04396,roboflow_sugarcane,train,YELLOW LEAF,2,4,640,640,45.4,53.53,0.1303,23.34,6.28,24.6,0.7086,150.7
SMP_04397,roboflow_sugarcane,train,YELLOW LEAF,2,4,640,640,47.73,43.28,0.1278,19.14,1.93,24.85,0.7384,169.15
SMP_04398,roboflow_sugarcane,train,YELLOW LEAF,2,4,640,640,31.4,58.76,0.2133,14.01,6.56,23.86,0.7622,110.0
SMP_04399,roboflow_sugarcane,train,YELLOW LEAF,2,4,640,640,55.88,39.97,0.1834,26.89,12.82,23.66,0.6078,105.48
SMP_04400,roboflow_sugarcane,train,YELLOW LEAF,2,4,640,640,69.23,69.02,0.2062,12.28,-5.77,25.16,0.6475,135.59
SMP_04401,roboflow_sugarcane,train,YELLOW LEAF,2,4,640,640,56.04,46.98,0.1988,13.12,3.21,37.93,0.6349,134.74
SMP_04402,roboflow_sugarcane,train,YELLOW LEAF,2,4,640,640,36.83,29.52,0.2311,24.22,3.68,12.32,0.5969,135.05
SMP_04403,roboflow_sugarcane,train,YELLOW LEAF,2,4,640,640,55.18,33.66,0.1857,18.31,-10.59,13.92,0.7416,202.65
SMP_04404,roboflow_sugarcane,train,YELLOW LEAF,2,4,640,640,35.46,48.52,0.1396,4.28,9.59,28.69,0.6735,189.01
SMP_04405,roboflow_sugarcane,train,YELLOW LEAF,2,4,640,640,78.8,49.68,0.1605,12.3,18.03,10.5,0.7398,160.68
SMP_04406,roboflow_sugarcane,train,YELLOW LEAF,2,4,640,640,41.09,71.64,0.192,23.25,10.36,23.0,0.6703,123.02
SMP_04407,roboflow_sugarcane,train,YELLOW LEAF,2,4,640,640,79.51,35.54,0.1373,17.84,6.04,21.29,0.7292,162.13
SMP_04408,roboflow_sugarcane,train,YELLOW LEAF,2,4,640,640,67.49,48.47,0.1982,19.19,12.09,25.77,0.6394,130.65
SMP_04409,roboflow_sugarcane,train,YELLOW LEAF,2,4,640,640,54.99,35.29,0.203,22.1,0.24,22.24,0.5986,148.06
SMP_04410,roboflow_sugarcane,train,YELLOW LEAF,2,4,640,640,82.4,42.09,0.1821,23.65,-2.05,25.11,0.7168,142.04
SMP_04411,roboflow_sugarcane,train,YELLOW LEAF,2,4,640,640,93.25,68.21,0.2105,20.93,9.11,21.32,0.5952,121.63
SMP_04412,roboflow_sugarcane,train,YELLOW LEAF,2,4,640,640,34.31,34.36,0.1193,-6.62,6.83,18.45,0.6255,85.62
SMP_04413,roboflow_sugarcane,train,YELLOW LEAF,2,4,640,640,81.72,55.04,0.1523,19.56,7.51,24.4,0.6964,93.0
SMP_04414,roboflow_sugarcane,train,YELLOW LEAF,2,4,640,640,30.62,52.71,0.1429,15.87,-1.87,29.07,0.6493,160.27
SMP_04415,roboflow_sugarcane,train,YELLOW LEAF,2,4,640,640,38.56,47.71,0.244,20.25,-7.04,29.78,0.7376,145.25
SMP_04416,roboflow_sugarcane,train,YELLOW LEAF,2,4,640,640,47.39,54.23,0.3153,28.54,-3.31,27.08,0.6337,170.6
SMP_04417,roboflow_sugarcane,train,YELLOW LEAF,2,4,640,640,36.45,34.08,0.156,11.42,-1.82,33.65,0.5768,158.79
SMP_04418,roboflow_sugarcane,train,YELLOW LEAF,2,4,640,640,69.28,67.88,0.1882,20.56,-11.33,26.51,0.6638,201.19
SMP_04419,roboflow_sugarcane,train,YELLOW LEAF,2,4,640,640,27.5,71.1,0.1653,23.82,8.8,30.94,0.4988,146.63
SMP_04420,roboflow_sugarcane,train,YELLOW LEAF,2,4,640,640,60.97,48.57,0.2111,17.52,-5.31,24.42,0.6577,137.86
SMP_04421,roboflow_sugarcane,train,YELLOW LEAF,2,4,640,640,86.58,77.08,0.1696,9.53,-5.76,28.74,0.5923,110.94
SMP_04422,roboflow_sugarcane,train,YELLOW LEAF,2,4,640,640,91.12,43.21,0.2141,10.37,2.9,37.76,0.7309,147.46
SMP_04423,roboflow_sugarcane,train,YELLOW LEAF,2,4,640,640,52.98,52.81,0.2333,19.72,-2.25,27.07,0.6927,155.07
SMP_04424,roboflow_sugarcane,train,YELLOW LEAF,2,4,640,640,75.5,65.18,0.1388,15.04,-7.62,33.18,0.7189,134.54
SMP_04425,roboflow_sugarcane,train,YELLOW LEAF,2,4,640,640,42.18,42.49,0.2136,4.58,-6.74,26.06,0.7389,153.12
SMP_04426,roboflow_sugarcane,train,YELLOW LEAF,2,4,640,640,34.44,31.42,0.1103,13.62,9.28,18.48,0.7286,144.4
SMP_04427,roboflow_sugarcane,train,YELLOW LEAF,2,4,640,640,86.19,28.66,0.1872,9.6,2.31,26.95,0.7246,184.76
SMP_04428,roboflow_sugarcane,train,YELLOW LEAF,2,4,640,640,49.22,72.73,0.1838,25.99,-7.11,29.21,0.7342,142.0
SMP_04429,roboflow_sugarcane,train,YELLOW LEAF,2,4,640,640,37.33,41.65,0.1885,8.13,16.65,31.1,0.7453,141.51
SMP_04430,roboflow_sugarcane,train,YELLOW LEAF,2,4,640,640,81.56,45.77,0.1844,31.36,-0.69,21.91,0.5922,154.88
SMP_04431,roboflow_sugarcane,train,YELLOW LEAF,2,4,640,640,70.91,34.65,0.1753,37.28,9.24,48.6,0.7322,194.25
SMP_04432,roboflow_sugarcane,train,YELLOW LEAF,2,4,640,640,39.59,59.38,0.1867,14.08,4.14,32.48,0.6935,141.83
SMP_04433,roboflow_sugarcane,train,YELLOW LEAF,2,4,640,640,60.12,38.62,0.2119,15.09,5.78,33.54,0.7075,125.75
SMP_04434,roboflow_sugarcane,train,YELLOW LEAF,2,4,640,640,91.88,42.1,0.2133,27.55,5.17,31.28,0.7928,150.4
SMP_04435,roboflow_sugarcane,train,YELLOW LEAF,2,4,640,640,47.93,51.59,0.2058,28.67,-6.03,20.96,0.7103,133.71
SMP_04436,roboflow_sugarcane,train,YELLOW LEAF,2,4,640,640,36.77,35.23,0.1713,16.06,22.95,23.49,0.6653,102.78
SMP_04437,roboflow_sugarcane,train,YELLOW LEAF,2,4,640,640,47.8,45.86,0.254,16.48,-1.08,29.38,0.5575,163.0
SMP_04438,roboflow_sugarcane,train,YELLOW LEAF,2,4,640,640,30.0,64.83,0.2763,16.55,11.6,14.93,0.6605,92.25
SMP_04439,roboflow_sugarcane,train,YELLOW LEAF,2,4,640,640,36.8,53.14,0.1356,13.19,-1.33,23.15,0.716,112.2
SMP_04440,roboflow_sugarcane,train,YELLOW LEAF,2,4,640,640,34.1,49.57,0.2082,27.29,-3.84,22.97,0.6156,126.64
SMP_04441,roboflow_sugarcane,train,YELLOW LEAF,2,4,640,640,80.44,50.58,0.1766,21.24,15.95,29.64,0.7611,169.99
SMP_04442,roboflow_sugarcane,train,YELLOW LEAF,2,4,640,640,93.61,43.33,0.2463,14.2,17.45,20.04,0.7985,156.77
SMP_04443,roboflow_sugarcane,train,YELLOW LEAF,2,4,640,640,59.76,71.95,0.1994,20.52,8.63,38.06,0.692,185.58
SMP_04444,roboflow_sugarcane,train,YELLOW LEAF,2,4,640,640,76.0,38.25,0.2027,16.97,11.46,45.35,0.6665,156.14
SMP_04445,roboflow_sugarcane,train,YELLOW LEAF,2,4,640,640,76.15,50.53,0.2247,40.03,-5.03,28.6,0.6581,135.34
SMP_04446,roboflow_sugarcane,train,YELLOW LEAF,2,4,640,640,27.32,49.38,0.1851,18.01,10.28,33.46,0.804,92.04
SMP_04447,roboflow_sugarcane,train,YELLOW LEAF,2,4,640,640,61.5,60.11,0.2839,25.92,10.19,28.98,0.7642,131.69
SMP_04448,roboflow_sugarcane,train,YELLOW LEAF,2,4,640,640,45.37,61.24,0.2255,23.48,8.51,22.76,0.5746,160.33
SMP_04449,roboflow_sugarcane,train,YELLOW LEAF,2,4,640,640,77.69,47.62,0.2466,18.79,18.17,20.37,0.6778,105.24
SMP_04450,roboflow_sugarcane,train,YELLOW LEAF,2,4,640,640,58.55,51.49,0.189,23.52,-13.24,28.06,0.8058,155.88
SMP_04451,roboflow_sugarcane,train,YELLOW LEAF,2,4,640,640,64.27,51.94,0.1939,21.68,3.57,21.95,0.7401,146.25
SMP_04452,roboflow_sugarcane,train,YELLOW LEAF,2,4,640,640,72.41,20.73,0.2406,39.89,16.86,32.08,0.6129,137.69
SMP_04453,roboflow_sugarcane,train,YELLOW LEAF,2,4,640,640,24.7,28.93,0.2356,19.22,-3.9,22.14,0.6629,135.82
SMP_04454,roboflow_sugarcane,train,YELLOW LEAF,2,4,640,640,76.51,40.74,0.1376,-0.85,10.2,27.32,0.6593,126.01
SMP_04455,roboflow_sugarcane,train,YELLOW LEAF,2,4,640,640,88.5,41.26,0.2064,37.51,1.11,20.86,0.6043,102.38
SMP_04456,roboflow_sugarcane,train,YELLOW LEAF,2,4,640,640,96.62,33.61,0.2237,15.92,5.71,20.45,0.8342,54.27
SMP_04457,roboflow_sugarcane,train,YELLOW LEAF,2,4,640,640,30.49,56.99,0.1935,20.69,-3.46,34.67,0.7661,174.55
SMP_04458,roboflow_sugarcane,train,YELLOW LEAF,2,4,640,640,27.83,48.03,0.2189,15.65,23.1,23.23,0.7102,147.57
SMP_04459,roboflow_sugarcane,train,YELLOW LEAF,2,4,640,640,52.3,45.42,0.1956,15.21,-4.18,23.56,0.7062,157.34
SMP_04460,roboflow_sugarcane,train,YELLOW LEAF,2,4,640,640,85.32,32.93,0.0877,11.05,3.96,22.12,0.7745,154.29
SMP_04461,roboflow_sugarcane,train,YELLOW LEAF,2,4,640,640,36.9,47.47,0.1345,3.98,2.92,22.99,0.6523,151.65
SMP_04462,roboflow_sugarcane,train,YELLOW LEAF,2,4,640,640,77.47,16.48,0.2487,14.26,13.59,25.36,0.7385,212.01
SMP_04463,roboflow_sugarcane,train,YELLOW LEAF,2,4,640,640,60.02,46.04,0.1878,24.11,5.56,13.85,0.8323,152.1
SMP_04464,roboflow_sugarcane,train,YELLOW LEAF,2,4,640,640,28.23,48.76,0.2095,6.83,-7.61,30.88,0.707,173.47
SMP_04465,roboflow_sugarcane,train,YELLOW LEAF,2,4,640,640,63.33,50.9,0.1998,24.04,-0.15,28.37,0.7366,118.34
SMP_04466,roboflow_sugarcane,train,YELLOW LEAF,2,4,640,640,32.42,29.23,0.1587,38.56,-12.3,31.26,0.6726,153.45
SMP_04467,roboflow_sugarcane,train,YELLOW LEAF,2,4,640,640,30.79,50.7,0.1766,22.29,5.58,33.77,0.646,203.06
SMP_04468,roboflow_sugarcane,train,YELLOW LEAF,2,4,640,640,45.11,35.5,0.2164,8.88,19.25,26.88,0.6089,154.77
SMP_04469,roboflow_sugarcane,train,YELLOW LEAF,2,4,640,640,35.25,38.25,0.2215,23.22,3.41,26.62,0.6927,131.25
SMP_04470,roboflow_sugarcane,train,YELLOW LEAF,2,4,640,640,74.47,56.62,0.3094,27.66,7.72,29.58,0.5785,141.29
SMP_04471,roboflow_sugarcane,train,YELLOW LEAF,2,4,640,640,64.86,72.17,0.1761,30.43,13.82,18.1,0.6303,87.29
SMP_04472,roboflow_sugarcane,train,YELLOW LEAF,2,4,640,640,44.17,48.62,0.2835,21.5,-0.53,23.85,0.6449,114.74
SMP_04473,roboflow_sugarcane,train,YELLOW LEAF,2,4,640,640,49.88,38.19,0.157,24.84,13.8,31.87,0.7216,157.96
SMP_04474,roboflow_sugarcane,train,YELLOW LEAF,2,4,640,640,32.42,50.26,0.2244,26.8,20.3,31.18,0.6266,159.48
SMP_04475,roboflow_sugarcane,train,YELLOW LEAF,2,4,640,640,90.53,59.27,0.2089,24.82,-9.2,39.19,0.6794,155.32
SMP_04476,roboflow_sugarcane,train,YELLOW LEAF,2,4,640,640,74.38,55.45,0.1937,22.55,14.1,25.54,0.5859,120.7
SMP_04477,roboflow_sugarcane,train,YELLOW LEAF,2,4,640,640,56.91,80.92,0.1997,14.89,-6.86,33.3,0.6871,148.23
SMP_04478,roboflow_sugarcane,train,YELLOW LEAF,2,4,640,640,61.35,39.42,0.1689,27.64,-1.2,25.65,0.7469,183.78
SMP_04479,roboflow_sugarcane,train,YELLOW LEAF,2,4,640,640,38.48,51.03,0.2452,15.71,14.05,19.4,0.657,92.4
SMP_04480,roboflow_sugarcane,train,YELLOW LEAF,2,4,640,640,83.5,66.59,0.1579,40.82,7.58,27.06,0.587,134.03
SMP_04481,roboflow_sugarcane,train,YELLOW LEAF,2,4,640,640,54.59,65.83,0.2159,14.88,1.33,24.68,0.6962,129.52
SMP_04482,roboflow_sugarcane,train,YELLOW LEAF,2,4,640,640,37.27,24.6,0.2378,26.42,22.87,23.47,0.8116,149.82
SMP_04483,roboflow_sugarcane,train,YELLOW LEAF,2,4,640,640,71.62,47.96,0.2692,9.78,2.36,19.55,0.659,109.88
SMP_04484,roboflow_sugarcane,train,YELLOW LEAF,2,4,640,640,67.9,65.81,0.2486,16.19,13.77,24.45,0.6938,115.03
SMP_04485,roboflow_sugarcane,train,YELLOW LEAF,2,4,640,640,35.32,82.69,0.2286,15.29,2.56,20.96,0.6126,157.98
SMP_04486,roboflow_sugarcane,train,YELLOW LEAF,2,4,640,640,32.36,56.45,0.1681,9.06,8.66,37.91,0.6483,127.73
SMP_04487,roboflow_sugarcane,train,YELLOW LEAF,2,4,640,640,42.55,43.59,0.1607,15.4,8.94,31.44,0.6407,162.8
SMP_04488,roboflow_sugarcane,train,YELLOW LEAF,2,4,640,640,35.05,35.89,0.1431,22.88,5.64,18.99,0.7181,152.24
SMP_04489,roboflow_sugarcane,train,YELLOW LEAF,2,4,640,640,58.28,74.62,0.1383,18.02,-6.35,22.42,0.6286,167.51
SMP_04490,roboflow_sugarcane,train,YELLOW LEAF,2,4,640,640,37.51,56.74,0.1999,29.54,7.22,23.63,0.6519,110.57
SMP_04491,roboflow_sugarcane,train,YELLOW LEAF,2,4,640,640,74.58,37.82,0.1636,12.55,0.36,24.75,0.6967,182.93
SMP_04492,roboflow_sugarcane,train,YELLOW LEAF,2,4,640,640,33.74,45.56,0.26,25.58,1.34,20.97,0.5383,150.89
SMP_04493,roboflow_sugarcane,train,YELLOW LEAF,2,4,640,640,29.01,51.72,0.1711,15.26,9.75,25.34,0.7315,169.92
SMP_04494,roboflow_sugarcane,train,YELLOW LEAF,2,4,640,640,61.24,54.53,0.2047,29.03,9.2,32.09,0.5893,99.52
SMP_04495,roboflow_sugarcane,train,YELLOW LEAF,2,4,640,640,46.72,37.2,0.1868,26.27,-1.05,23.79,0.596,136.61
SMP_04496,roboflow_sugarcane,train,YELLOW LEAF,2,4,640,640,79.24,40.63,0.1298,28.1,6.74,18.85,0.5994,142.98
SMP_04497,roboflow_sugarcane,train,YELLOW LEAF,2,4,640,640,55.7,28.16,0.2545,18.71,5.16,13.9,0.7792,155.33
SMP_04498,roboflow_sugarcane,train,YELLOW LEAF,2,4,640,640,41.3,60.48,0.2348,30.63,-1.89,14.24,0.772,178.54
SMP_04499,roboflow_sugarcane,train,YELLOW LEAF,2,4,640,640,48.77,43.9,0.2405,6.72,-1.4,27.71,0.6249,131.03
SMP_04500,roboflow_sugarcane,train,YELLOW LEAF,2,4,640,640,85.27,53.6,0.2297,23.57,-1.27,26.76,0.7944,99.38
SMP_04501,roboflow_sugarcane,train,YELLOW LEAF,2,4,640,640,75.32,65.07,0.162,21.11,4.91,24.79,0.7924,82.05
SMP_04502,roboflow_sugarcane,train,YELLOW LEAF,2,4,640,640,58.66,50.64,0.163,26.67,2.57,22.51,0.6888,132.0
SMP_04503,roboflow_sugarcane,train,YELLOW LEAF,2,4,640,640,28.25,46.64,0.2226,19.39,6.67,23.45,0.8271,161.27
SMP_04504,roboflow_sugarcane,train,YELLOW LEAF,2,4,640,640,38.85,50.33,0.2771,12.13,-2.04,27.56,0.7711,155.51
SMP_04505,roboflow_sugarcane,train,YELLOW LEAF,2,4,640,640,36.96,48.76,0.2193,11.27,3.61,22.44,0.6716,140.13
SMP_04506,roboflow_sugarcane,train,YELLOW LEAF,2,4,640,640,86.04,62.95,0.2489,19.91,4.22,26.29,0.7209,163.38
SMP_04507,roboflow_sugarcane,train,YELLOW LEAF,2,4,640,640,48.54,51.73,0.1737,17.92,7.61,24.48,0.6341,195.57
SMP_04508,roboflow_sugarcane,train,YELLOW LEAF,2,4,640,640,84.69,41.47,0.2549,26.86,16.76,26.59,0.6576,196.1
SMP_04509,roboflow_sugarcane,train,YELLOW LEAF,2,4,640,640,43.57,60.57,0.179,27.63,13.59,12.91,0.6707,179.12
SMP_04510,roboflow_sugarcane,train,YELLOW LEAF,2,4,640,640,61.35,62.77,0.212,20.38,4.4,30.86,0.6178,163.24
SMP_04511,roboflow_sugarcane,train,YELLOW LEAF,2,4,640,640,33.9,31.94,0.1817,20.21,-7.76,27.67,0.6938,121.79
SMP_04512,roboflow_sugarcane,train,YELLOW LEAF,2,4,640,640,43.13,66.39,0.2445,28.52,0.9,23.15,0.5423,200.51
SMP_04513,roboflow_sugarcane,train,YELLOW LEAF,2,4,640,640,56.23,52.38,0.2451,18.04,12.37,24.1,0.6907,177.85
SMP_04514,roboflow_sugarcane,train,YELLOW LEAF,2,4,640,640,66.38,51.4,0.1262,18.37,4.56,29.16,0.6539,147.79
SMP_04515,roboflow_sugarcane,train,YELLOW LEAF,2,4,640,640,43.33,60.08,0.2663,9.42,-5.06,25.23,0.7323,108.88
SMP_04516,roboflow_sugarcane,train,YELLOW LEAF,2,4,640,640,39.37,41.2,0.3188,27.03,3.36,29.63,0.6492,162.85
SMP_04517,roboflow_sugarcane,train,YELLOW LEAF,2,4,640,640,33.44,59.45,0.1822,19.28,1.23,26.68,0.6997,168.91
SMP_04518,roboflow_sugarcane,train,YELLOW LEAF,2,4,640,640,75.35,43.48,0.1937,29.09,15.09,31.58,0.659,143.31
SMP_04519,roboflow_sugarcane,train,YELLOW LEAF,2,4,640,640,44.83,30.3,0.262,10.34,0.34,20.21,0.6053,96.73
SMP_04520,roboflow_sugarcane,train,YELLOW LEAF,2,4,640,640,80.25,36.03,0.2033,16.07,8.31,26.76,0.6911,128.17
SMP_04521,roboflow_sugarcane,train,YELLOW LEAF,2,4,640,640,67.73,54.8,0.1998,27.57,10.51,15.31,0.6827,154.27
SMP_04522,roboflow_sugarcane,train,YELLOW LEAF,2,4,640,640,43.81,36.65,0.2948,22.61,-4.91,20.21,0.747,177.68
SMP_04523,roboflow_sugarcane,train,YELLOW LEAF,2,4,640,640,80.89,67.32,0.1323,10.53,-0.96,17.88,0.7825,142.98
SMP_04524,roboflow_sugarcane,train,YELLOW LEAF,2,4,640,640,64.75,62.27,0.1606,27.38,1.58,25.05,0.8372,119.2
SMP_04525,roboflow_sugarcane,train,YELLOW LEAF,2,4,640,640,41.58,64.0,0.2209,9.56,6.1,23.98,0.7047,75.52
SMP_04526,roboflow_sugarcane,train,YELLOW LEAF,2,4,640,640,36.83,49.5,0.119,26.62,0.24,22.33,0.7084,199.61
SMP_04527,roboflow_sugarcane,train,YELLOW LEAF,2,4,640,640,34.22,51.09,0.1813,12.16,-6.0,17.98,0.6978,141.62
SMP_04528,roboflow_sugarcane,train,YELLOW LEAF,2,4,640,640,70.65,33.68,0.1809,29.69,-3.06,15.99,0.6217,119.58
SMP_04529,roboflow_sugarcane,train,YELLOW LEAF,2,4,640,640,38.84,59.95,0.2481,20.9,12.52,19.18,0.6543,85.67
SMP_04530,roboflow_sugarcane,train,YELLOW LEAF,2,4,640,640,68.53,52.56,0.2346,22.75,21.58,31.23,0.7121,126.83
SMP_04531,roboflow_sugarcane,train,YELLOW LEAF,2,4,640,640,46.95,54.81,0.1158,19.35,7.44,26.17,0.7649,187.31
SMP_04532,roboflow_sugarcane,train,YELLOW LEAF,2,4,640,640,47.25,68.26,0.1653,20.7,13.63,20.43,0.7633,103.84
SMP_04533,roboflow_sugarcane,train,YELLOW LEAF,2,4,640,640,30.35,40.73,0.1655,20.66,7.83,25.41,0.6644,167.66
SMP_04534,roboflow_sugarcane,train,YELLOW LEAF,2,4,640,640,66.83,46.49,0.1892,25.65,10.59,27.55,0.6251,113.71
SMP_04535,roboflow_sugarcane,train,YELLOW LEAF,2,4,640,640,55.82,51.92,0.1451,19.5,10.93,26.62,0.7819,142.6
SMP_04536,roboflow_sugarcane,train,YELLOW LEAF,2,4,640,640,31.6,36.77,0.2226,31.7,10.42,22.74,0.6375,168.02
SMP_04537,roboflow_sugarcane,train,YELLOW LEAF,2,4,640,640,53.08,45.75,0.1653,14.11,7.84,22.76,0.5934,102.39
SMP_04538,roboflow_sugarcane,train,YELLOW LEAF,2,4,640,640,38.05,53.92,0.2294,26.89,6.14,23.18,0.6954,167.17
SMP_04539,roboflow_sugarcane,train,YELLOW LEAF,2,4,640,640,36.53,44.09,0.1999,24.51,1.75,33.25,0.659,150.26
SMP_04540,roboflow_sugarcane,train,YELLOW LEAF,2,4,640,640,55.14,63.71,0.1513,29.87,9.2,29.55,0.6729,150.59
SMP_04541,roboflow_sugarcane,train,YELLOW LEAF,2,4,640,640,35.99,29.87,0.2694,20.97,7.48,33.74,0.6642,139.41
SMP_04542,roboflow_sugarcane,train,YELLOW LEAF,2,4,640,640,67.36,61.47,0.2709,22.64,-2.26,26.7,0.6747,160.04
SMP_04543,roboflow_sugarcane,train,YELLOW LEAF,2,4,640,640,72.1,55.93,0.2145,22.54,14.51,20.07,0.6755,136.73
SMP_04544,roboflow_sugarcane,train,YELLOW LEAF,2,4,640,640,57.54,41.17,0.188,10.27,12.93,33.77,0.7193,95.47
SMP_04545,roboflow_sugarcane,train,YELLOW LEAF,2,4,640,640,48.23,36.91,0.1472,23.15,6.55,24.02,0.689,138.09
SMP_04546,roboflow_sugarcane,train,YELLOW LEAF,2,4,640,640,30.12,23.04,0.2536,46.16,14.42,19.32,0.6775,197.9
SMP_04547,roboflow_sugarcane,train,YELLOW LEAF,2,4,640,640,87.58,38.46,0.2411,32.87,10.82,20.2,0.7105,136.73
SMP_04548,roboflow_sugarcane,train,YELLOW LEAF,2,4,640,640,60.07,60.57,0.1593,13.76,1.48,30.14,0.736,137.8
SMP_04549,roboflow_sugarcane,train,YELLOW LEAF,2,4,640,640,97.15,47.33,0.1657,5.6,-9.52,26.83,0.5895,106.11
SMP_04550,roboflow_sugarcane,train,YELLOW LEAF,2,4,640,640,31.65,61.96,0.2228,20.42,-9.79,21.64,0.6313,220.42
SMP_04551,roboflow_sugarcane,train,YELLOW LEAF,2,4,640,640,75.13,40.56,0.1412,28.67,15.1,21.59,0.5686,88.43
SMP_04552,roboflow_sugarcane,train,YELLOW LEAF,2,4,640,640,35.17,56.49,0.1687,19.69,4.77,42.21,0.6768,137.81
SMP_04553,roboflow_sugarcane,train,YELLOW LEAF,2,4,640,640,69.1,39.39,0.148,35.11,2.04,28.69,0.6426,125.74
SMP_04554,roboflow_sugarcane,train,YELLOW LEAF,2,4,640,640,73.25,36.41,0.1496,13.76,-0.28,24.91,0.6128,127.79
SMP_04555,roboflow_sugarcane,train,YELLOW LEAF,2,4,640,640,29.42,46.71,0.164,21.8,5.51,28.7,0.6796,113.99
SMP_04556,roboflow_sugarcane,train,YELLOW LEAF,2,4,640,640,87.17,40.02,0.2453,19.13,12.32,14.58,0.6094,142.16
SMP_04557,roboflow_sugarcane,train,YELLOW LEAF,2,4,640,640,48.1,29.49,0.1123,25.85,-1.5,20.23,0.7149,117.48
SMP_04558,roboflow_sugarcane,train,YELLOW LEAF,2,4,640,640,41.75,45.81,0.2217,26.4,5.76,21.12,0.674,108.55
SMP_04559,roboflow_sugarcane,train,YELLOW LEAF,2,4,640,640,72.63,49.28,0.2129,29.51,26.26,33.91,0.66,64.08
SMP_04560,roboflow_sugarcane,train,YELLOW LEAF,2,4,640,640,88.33,63.22,0.2484,19.01,19.52,14.12,0.6894,108.5
SMP_04561,roboflow_sugarcane,train,YELLOW LEAF,2,4,640,640,58.81,59.24,0.2129,30.06,-12.85,20.32,0.7162,149.45
SMP_04562,roboflow_sugarcane,train,YELLOW LEAF,2,4,640,640,53.43,62.64,0.1811,22.76,-9.52,26.25,0.6737,183.44
SMP_04563,roboflow_sugarcane,train,YELLOW LEAF,2,4,640,640,52.42,56.64,0.1592,30.88,19.45,23.24,0.6576,114.93
SMP_04564,roboflow_sugarcane,train,YELLOW LEAF,2,4,640,640,50.93,51.99,0.2495,32.0,12.17,20.11,0.6662,159.55
SMP_04565,roboflow_sugarcane,train,YELLOW LEAF,2,4,640,640,83.77,33.25,0.2248,20.15,5.41,24.32,0.7335,135.86
SMP_04566,roboflow_sugarcane,train,YELLOW LEAF,2,4,640,640,70.96,49.8,0.1753,14.61,9.23,35.75,0.5707,124.81
SMP_04567,roboflow_sugarcane,train,YELLOW LEAF,2,4,640,640,34.51,55.16,0.2454,21.63,2.47,31.18,0.6762,129.41
SMP_04568,roboflow_sugarcane,train,YELLOW LEAF,2,4,640,640,58.62,65.49,0.1777,27.93,-0.33,16.07,0.7722,111.68
SMP_04569,roboflow_sugarcane,train,YELLOW LEAF,2,4,640,640,85.41,56.24,0.2,7.96,10.84,26.47,0.7394,116.3
SMP_04570,roboflow_sugarcane,train,YELLOW LEAF,2,4,640,640,38.89,62.88,0.1698,16.04,4.22,15.39,0.6995,124.25
SMP_04571,roboflow_sugarcane,train,YELLOW LEAF,2,4,640,640,54.33,35.62,0.2267,25.46,11.92,27.61,0.7192,140.83
SMP_04572,roboflow_sugarcane,train,YELLOW LEAF,2,4,640,640,48.04,44.08,0.1503,-0.7,0.61,31.52,0.8382,106.1
SMP_04573,roboflow_sugarcane,train,YELLOW LEAF,2,4,640,640,45.36,53.15,0.1851,11.73,10.7,17.78,0.6918,144.72
SMP_04574,roboflow_sugarcane,train,YELLOW LEAF,2,4,640,640,32.68,61.93,0.1673,15.1,7.5,28.26,0.6488,120.86
SMP_04575,roboflow_sugarcane,train,YELLOW LEAF,2,4,640,640,48.79,46.26,0.2132,19.33,-5.68,35.09,0.7682,153.4
SMP_04576,roboflow_sugarcane,train,YELLOW LEAF,2,4,640,640,76.21,47.01,0.2194,17.43,16.79,12.9,0.6924,170.27
SMP_04577,roboflow_sugarcane,train,YELLOW LEAF,2,4,640,640,74.23,56.25,0.1448,17.58,-6.26,26.6,0.5537,148.06
SMP_04578,roboflow_sugarcane,train,YELLOW LEAF,2,4,640,640,83.48,34.49,0.2203,9.35,15.65,26.87,0.6948,70.51
SMP_04579,roboflow_sugarcane,train,YELLOW LEAF,2,4,640,640,51.9,67.29,0.1262,34.16,8.64,25.36,0.7181,124.63
SMP_04580,roboflow_sugarcane,train,YELLOW LEAF,2,4,640,640,31.74,37.45,0.3096,15.14,10.13,19.66,0.6143,122.59
SMP_04581,roboflow_sugarcane,train,YELLOW LEAF,2,4,640,640,48.32,24.98,0.1744,4.78,1.06,27.76,0.8218,139.44
SMP_04582,roboflow_sugarcane,train,YELLOW LEAF,2,4,640,640,80.58,48.12,0.2525,29.08,2.05,23.58,0.6363,125.54
SMP_04583,roboflow_sugarcane,train,YELLOW LEAF,2,4,640,640,48.14,68.38,0.2101,13.8,5.03,27.46,0.6442,136.39
SMP_04584,roboflow_sugarcane,train,YELLOW LEAF,2,4,640,640,74.42,55.04,0.2121,10.3,-5.31,21.68,0.7467,140.73
SMP_04585,roboflow_sugarcane,train,YELLOW LEAF,2,4,640,640,28.3,57.01,0.1417,25.42,9.6,26.19,0.7241,164.95
SMP_04586,roboflow_sugarcane,train,YELLOW LEAF,2,4,640,640,19.72,48.5,0.2422,15.85,2.13,41.92,0.6933,126.76
SMP_04587,roboflow_sugarcane,train,YELLOW LEAF,2,4,640,640,50.74,46.17,0.2024,21.35,-11.96,16.73,0.7116,73.15
SMP_04588,roboflow_sugarcane,train,YELLOW LEAF,2,4,640,640,72.34,29.46,0.2235,14.93,20.1,8.61,0.6545,161.87
SMP_04589,roboflow_sugarcane,train,YELLOW LEAF,2,4,640,640,58.21,20.89,0.1955,16.3,7.12,26.79,0.6461,142.51
SMP_04590,roboflow_sugarcane,train,YELLOW LEAF,2,4,640,640,35.37,50.36,0.2065,12.06,7.6,24.06,0.6027,117.68
SMP_04591,roboflow_sugarcane,train,YELLOW LEAF,2,4,640,640,55.67,63.75,0.1556,10.29,-0.53,24.78,0.8157,112.08
SMP_04592,roboflow_sugarcane,train,YELLOW LEAF,2,4,640,640,62.45,52.13,0.1924,47.77,7.66,19.76,0.5854,144.42
SMP_04593,roboflow_sugarcane,train,YELLOW LEAF,2,4,640,640,31.62,55.48,0.179,13.38,10.89,28.28,0.6767,127.19
SMP_04594,roboflow_sugarcane,train,YELLOW LEAF,2,4,640,640,26.81,67.0,0.1647,8.3,-6.63,34.55,0.5877,196.73
SMP_04595,roboflow_sugarcane,train,YELLOW LEAF,2,4,640,640,71.26,51.95,0.2067,29.04,9.83,21.68,0.6684,167.91
SMP_04596,roboflow_sugarcane,train,YELLOW LEAF,2,4,640,640,97.25,46.53,0.2182,22.13,-3.47,31.82,0.7118,148.3
SMP_04597,roboflow_sugarcane,train,YELLOW LEAF,2,4,640,640,64.47,38.18,0.2125,20.14,-5.29,27.66,0.6823,171.52
SMP_04598,roboflow_sugarcane,train,YELLOW LEAF,2,4,640,640,77.66,72.27,0.1949,16.1,-2.04,28.49,0.8118,146.35
SMP_04599,roboflow_sugarcane,train,YELLOW LEAF,2,4,640,640,83.91,54.32,0.2206,16.75,21.8,27.02,0.7102,125.13
SMP_04600,roboflow_sugarcane,train,YELLOW LEAF,2,4,640,640,42.81,36.68,0.2121,17.62,11.27,23.31,0.6818,109.32
SMP_04601,roboflow_sugarcane,train,YELLOW LEAF,2,4,640,640,64.72,33.95,0.2049,29.09,4.86,30.0,0.7261,173.25
SMP_04602,roboflow_sugarcane,train,YELLOW LEAF,2,4,640,640,32.66,63.04,0.2083,18.01,18.62,22.65,0.6455,120.37
SMP_04603,roboflow_sugarcane,train,YELLOW LEAF,2,4,640,640,64.06,35.55,0.2592,29.15,-2.38,31.88,0.6683,174.38
SMP_04604,roboflow_sugarcane,train,YELLOW LEAF,2,4,640,640,41.49,70.25,0.1397,19.57,-3.21,32.83,0.5904,161.66
SMP_04605,roboflow_sugarcane,train,YELLOW LEAF,2,4,640,640,56.22,14.92,0.1841,18.36,-2.33,24.79,0.7462,149.05
SMP_04606,roboflow_sugarcane,train,YELLOW LEAF,2,4,640,640,49.79,65.07,0.2169,11.83,20.02,19.63,0.7092,154.87
SMP_04607,roboflow_sugarcane,train,YELLOW LEAF,2,4,640,640,40.7,53.84,0.1209,37.16,11.95,25.88,0.7362,128.29
SMP_04608,roboflow_sugarcane,train,YELLOW LEAF,2,4,640,640,52.76,49.42,0.2691,20.12,-1.53,32.71,0.7798,140.22
SMP_04609,roboflow_sugarcane,train,YELLOW LEAF,2,4,640,640,70.04,45.89,0.2127,19.99,-0.53,23.0,0.6829,133.28
SMP_04610,roboflow_sugarcane,train,YELLOW LEAF,2,4,640,640,49.64,70.69,0.2478,34.87,7.27,26.79,0.6568,141.1
SMP_04611,roboflow_sugarcane,train,YELLOW LEAF,2,4,640,640,58.64,56.48,0.256,23.33,-4.07,24.59,0.7028,111.13
SMP_04612,roboflow_sugarcane,train,YELLOW LEAF,2,4,640,640,85.78,37.16,0.2206,24.22,3.58,23.68,0.6736,155.68
SMP_04613,roboflow_sugarcane,train,YELLOW LEAF,2,4,640,640,82.78,27.37,0.0884,20.48,-2.95,35.9,0.6313,176.43
SMP_04614,roboflow_sugarcane,train,YELLOW LEAF,2,4,640,640,96.98,50.13,0.2074,13.81,4.45,31.52,0.6587,146.45
SMP_04615,roboflow_sugarcane,train,YELLOW LEAF,2,4,640,640,71.77,47.99,0.2106,29.73,11.52,21.26,0.7107,186.82
SMP_04616,roboflow_sugarcane,train,YELLOW LEAF,2,4,640,640,88.03,29.76,0.1457,8.67,18.94,13.81,0.6228,176.82
SMP_04617,roboflow_sugarcane,train,YELLOW LEAF,2,4,640,640,46.81,47.34,0.1105,12.19,-7.52,28.79,0.5579,186.38
SMP_04618,roboflow_sugarcane,train,YELLOW LEAF,2,4,640,640,92.2,41.11,0.2231,13.78,9.8,20.93,0.5767,130.75
SMP_04619,roboflow_sugarcane,train,YELLOW LEAF,2,4,640,640,61.6,48.11,0.1375,22.01,10.42,27.49,0.7107,106.74
SMP_04620,roboflow_sugarcane,train,YELLOW LEAF,2,4,640,640,38.2,56.71,0.3031,19.87,3.15,24.62,0.672,173.52
SMP_04621,roboflow_sugarcane,train,YELLOW LEAF,2,4,640,640,54.83,65.91,0.2132,5.1,0.26,33.65,0.6904,172.6
SMP_04622,roboflow_sugarcane,train,YELLOW LEAF,2,4,640,640,42.0,58.91,0.2676,38.54,0.25,25.0,0.6692,149.03
SMP_04623,roboflow_sugarcane,train,YELLOW LEAF,2,4,640,640,78.51,39.34,0.2016,26.08,-9.82,27.29,0.7085,100.68
SMP_04624,roboflow_sugarcane,train,YELLOW LEAF,2,4,640,640,69.78,52.43,0.2376,16.07,11.23,39.11,0.7439,147.8
SMP_04625,roboflow_sugarcane,train,YELLOW LEAF,2,4,640,640,44.66,48.76,0.2027,23.47,-1.11,33.07,0.7309,130.85
SMP_04626,roboflow_sugarcane,train,YELLOW LEAF,2,4,640,640,65.25,32.01,0.2503,23.58,-8.35,15.33,0.5807,168.73
SMP_04627,roboflow_sugarcane,train,YELLOW LEAF,2,4,640,640,42.86,52.78,0.0981,17.36,7.58,24.3,0.6182,163.57
SMP_04628,roboflow_sugarcane,train,YELLOW LEAF,2,4,640,640,42.54,70.28,0.2444,23.15,7.51,22.72,0.709,129.59
SMP_04629,roboflow_sugarcane,train,YELLOW LEAF,2,4,640,640,54.88,48.39,0.2334,23.24,11.78,29.47,0.6309,118.09
SMP_04630,roboflow_sugarcane,train,YELLOW LEAF,2,4,640,640,35.09,28.87,0.1923,28.73,19.54,22.6,0.7533,113.45
SMP_04631,roboflow_sugarcane,train,YELLOW LEAF,2,4,640,640,69.93,48.36,0.1795,20.55,5.32,16.73,0.772,126.0
SMP_04632,roboflow_sugarcane,train,YELLOW LEAF,2,4,640,640,78.47,33.44,0.185,22.57,2.61,26.65,0.7708,144.09
SMP_04633,roboflow_sugarcane,train,YELLOW LEAF,2,4,640,640,44.69,58.36,0.2141,18.33,1.87,31.74,0.6711,134.56
SMP_04634,roboflow_sugarcane,train,YELLOW LEAF,2,4,640,640,62.76,54.3,0.2607,16.53,2.65,25.09,0.7127,90.19
SMP_04635,roboflow_sugarcane,train,YELLOW LEAF,2,4,640,640,31.55,45.95,0.1733,13.84,-0.9,24.68,0.6737,182.46
SMP_04636,roboflow_sugarcane,train,YELLOW LEAF,2,4,640,640,28.24,44.03,0.1149,13.57,1.53,25.46,0.7861,98.65
SMP_04637,roboflow_sugarcane,train,YELLOW LEAF,2,4,640,640,72.88,45.45,0.3242,16.28,-0.77,21.43,0.6811,113.44
SMP_04638,roboflow_sugarcane,train,YELLOW LEAF,2,4,640,640,52.91,48.1,0.2336,18.11,-3.31,24.62,0.7973,130.65
SMP_04639,roboflow_sugarcane,train,YELLOW LEAF,2,4,640,640,35.35,38.73,0.1804,28.05,18.89,24.21,0.5191,120.54
SMP_04640,roboflow_sugarcane,train,YELLOW LEAF,2,4,640,640,70.14,31.35,0.2594,16.97,16.08,29.61,0.6354,132.58
SMP_04641,roboflow_sugarcane,train,YELLOW LEAF,2,4,640,640,78.18,61.66,0.2467,17.34,-9.9,33.14,0.656,142.93
SMP_04642,roboflow_sugarcane,train,YELLOW LEAF,2,4,640,640,32.15,43.38,0.2246,17.66,7.54,30.46,0.8394,137.24
SMP_04643,roboflow_sugarcane,train,YELLOW LEAF,2,4,640,640,31.72,50.0,0.1761,19.62,4.48,23.43,0.5832,104.57
SMP_04644,roboflow_sugarcane,train,YELLOW LEAF,2,4,640,640,32.7,51.42,0.2334,33.59,6.16,14.8,0.6956,125.6
SMP_04645,roboflow_sugarcane,train,YELLOW LEAF,2,4,640,640,71.68,51.86,0.2545,16.97,-6.61,24.63,0.7114,126.8
SMP_04646,roboflow_sugarcane,train,YELLOW LEAF,2,4,640,640,75.51,33.91,0.114,24.49,-9.78,29.84,0.7581,104.07
SMP_04647,roboflow_sugarcane,train,YELLOW LEAF,2,4,640,640,38.59,27.89,0.2112,22.8,4.56,31.83,0.6365,96.0
SMP_04648,roboflow_sugarcane,train,YELLOW LEAF,2,4,640,640,34.78,40.94,0.2149,20.5,2.04,24.59,0.5659,123.1
SMP_04649,roboflow_sugarcane,train,YELLOW LEAF,2,4,640,640,54.55,52.75,0.2133,12.34,0.6,22.52,0.7514,129.34
SMP_04650,roboflow_sugarcane,train,YELLOW LEAF,2,4,640,640,24.62,39.26,0.2023,24.19,3.34,18.77,0.7607,221.29
SMP_04651,roboflow_sugarcane,train,YELLOW LEAF,2,4,640,640,30.24,43.74,0.2593,4.59,9.8,30.89,0.6681,164.98
SMP_04652,roboflow_sugarcane,train,YELLOW LEAF,2,4,640,640,47.6,73.53,0.1894,11.84,12.05,16.83,0.679,167.0
SMP_04653,roboflow_sugarcane,train,YELLOW LEAF,2,4,640,640,64.58,25.85,0.1999,15.67,-2.85,31.34,0.5467,129.77
SMP_04654,roboflow_sugarcane,train,YELLOW LEAF,2,4,640,640,70.81,38.94,0.2158,18.2,-2.1,22.52,0.8106,202.38
SMP_04655,roboflow_sugarcane,train,YELLOW LEAF,2,4,640,640,51.44,70.76,0.1911,20.67,6.2,18.99,0.7591,153.26
SMP_04656,roboflow_sugarcane,train,YELLOW LEAF,2,4,640,640,79.37,47.46,0.1307,31.13,14.78,34.36,0.6124,156.3
SMP_04657,roboflow_sugarcane,train,YELLOW LEAF,2,4,640,640,28.29,39.53,0.2107,25.04,3.29,18.54,0.751,152.96
SMP_04658,roboflow_sugarcane,train,YELLOW LEAF,2,4,640,640,54.02,62.03,0.2113,21.35,6.16,17.38,0.5244,168.33
SMP_04659,roboflow_sugarcane,train,YELLOW LEAF,2,4,640,640,25.86,48.66,0.1817,17.31,-5.91,37.85,0.6617,148.61
SMP_04660,roboflow_sugarcane,train,YELLOW LEAF,2,4,640,640,71.26,43.82,0.1934,17.4,-12.56,29.57,0.6634,148.84
SMP_04661,roboflow_sugarcane,train,YELLOW LEAF,2,4,640,640,43.94,50.31,0.041,10.92,23.51,28.43,0.5985,170.41
SMP_04662,roboflow_sugarcane,train,YELLOW LEAF,2,4,640,640,29.71,40.1,0.2604,3.14,7.22,27.35,0.6728,138.66
SMP_04663,roboflow_sugarcane,train,YELLOW LEAF,2,4,640,640,54.51,35.79,0.2451,9.8,-3.15,21.92,0.6843,75.78
SMP_04664,roboflow_sugarcane,train,YELLOW LEAF,2,4,640,640,57.23,46.64,0.1331,29.37,-12.14,22.99,0.7359,149.57
SMP_04665,roboflow_sugarcane,train,YELLOW LEAF,2,4,640,640,70.32,35.87,0.1662,14.31,16.57,36.4,0.8092,79.52
SMP_04666,roboflow_sugarcane,train,YELLOW LEAF,2,4,640,640,23.3,48.13,0.2724,15.8,-2.55,25.45,0.7148,130.08
SMP_04667,roboflow_sugarcane,train,YELLOW LEAF,2,4,640,640,50.32,52.25,0.1423,28.17,-2.56,22.04,0.8412,151.63
SMP_04668,roboflow_sugarcane,train,YELLOW LEAF,2,4,640,640,23.61,58.24,0.2239,-1.14,-0.73,34.02,0.6934,150.37
SMP_04669,roboflow_sugarcane,train,YELLOW LEAF,2,4,640,640,81.13,61.54,0.1754,15.31,6.1,21.52,0.6244,123.48
SMP_04670,roboflow_sugarcane,train,YELLOW LEAF,2,4,640,640,35.58,43.13,0.2205,11.22,10.11,28.82,0.6303,89.44
SMP_04671,roboflow_sugarcane,train,YELLOW LEAF,2,4,640,640,38.2,53.99,0.2025,22.35,2.6,34.29,0.6749,105.85
SMP_04672,roboflow_sugarcane,train,YELLOW LEAF,2,4,640,640,58.01,53.91,0.1858,24.46,-3.39,24.9,0.6291,74.2
SMP_04673,roboflow_sugarcane,train,YELLOW LEAF,2,4,640,640,28.83,51.93,0.2194,24.59,23.38,12.92,0.7416,98.17
SMP_04674,roboflow_sugarcane,train,YELLOW LEAF,2,4,640,640,44.42,42.25,0.1753,32.07,1.07,31.3,0.6696,115.46
SMP_04675,roboflow_sugarcane,train,YELLOW LEAF,2,4,640,640,66.1,35.66,0.1108,24.43,5.09,33.67,0.7026,136.19
SMP_04676,roboflow_sugarcane,train,YELLOW LEAF,2,4,640,640,25.97,54.02,0.1536,21.99,-7.01,26.13,0.6122,157.06
SMP_04677,roboflow_sugarcane,train,YELLOW LEAF,2,4,640,640,22.74,27.52,0.1476,39.47,9.63,24.69,0.7319,127.93
SMP_04678,roboflow_sugarcane,train,YELLOW LEAF,2,4,640,640,40.06,44.79,0.1198,2.98,13.73,25.9,0.6371,149.48
SMP_04679,roboflow_sugarcane,train,YELLOW LEAF,2,4,640,640,34.4,17.36,0.2185,37.61,-1.88,26.55,0.7615,135.74
SMP_04680,roboflow_sugarcane,train,YELLOW LEAF,2,4,640,640,29.64,31.96,0.1914,33.94,-9.72,23.93,0.6372,202.74
SMP_04681,roboflow_sugarcane,train,YELLOW LEAF,2,4,640,640,39.4,37.47,0.2177,18.81,1.95,36.56,0.6336,98.09
SMP_04682,roboflow_sugarcane,train,YELLOW LEAF,2,4,640,640,29.93,61.16,0.226,14.34,20.17,27.21,0.6163,203.06
SMP_04683,roboflow_sugarcane,train,YELLOW LEAF,2,4,640,640,70.42,56.26,0.2378,14.73,-0.12,26.11,0.5881,117.28
SMP_04684,roboflow_sugarcane,train,YELLOW LEAF,2,4,640,640,68.24,41.35,0.2203,17.69,25.26,30.68,0.7734,159.15
SMP_04685,roboflow_sugarcane,train,YELLOW LEAF,2,4,640,640,58.22,56.75,0.151,29.57,0.51,23.48,0.7726,119.01
SMP_04686,roboflow_sugarcane,train,YELLOW LEAF,2,4,640,640,24.9,58.65,0.229,0.27,-9.6,24.54,0.7377,121.05
SMP_04687,roboflow_sugarcane,train,YELLOW LEAF,2,4,640,640,34.69,46.07,0.2111,36.08,0.92,29.01,0.6572,144.25
SMP_04688,roboflow_sugarcane,train,YELLOW LEAF,2,4,640,640,39.42,31.39,0.3095,19.99,-9.97,25.77,0.5698,108.17
SMP_04689,roboflow_sugarcane,train,YELLOW LEAF,2,4,640,640,26.3,45.51,0.2004,29.41,-0.75,30.51,0.7415,136.44
SMP_04690,roboflow_sugarcane,train,YELLOW LEAF,2,4,640,640,63.78,46.83,0.2191,10.16,8.06,24.14,0.6138,147.56
SMP_04691,roboflow_sugarcane,train,YELLOW LEAF,2,4,640,640,35.01,33.21,0.1953,25.79,1.28,28.5,0.6256,74.02
SMP_04692,roboflow_sugarcane,train,YELLOW LEAF,2,4,640,640,29.43,52.4,0.2024,23.09,13.81,30.84,0.6813,103.38
SMP_04693,roboflow_sugarcane,train,YELLOW LEAF,2,4,640,640,50.44,51.36,0.1991,24.51,0.71,32.12,0.7349,116.7
SMP_04694,roboflow_sugarcane,train,YELLOW LEAF,2,4,640,640,24.52,53.34,0.1783,14.47,-6.93,14.11,0.7273,205.62
SMP_04695,roboflow_sugarcane,train,YELLOW LEAF,2,4,640,640,50.83,51.35,0.2089,16.94,6.18,27.8,0.7382,114.3
SMP_04696,roboflow_sugarcane,train,YELLOW LEAF,2,4,640,640,33.36,56.76,0.2311,10.12,3.81,31.07,0.5801,147.11
SMP_04697,roboflow_sugarcane,train,YELLOW LEAF,2,4,640,640,31.67,45.85,0.179,26.11,4.81,20.22,0.6694,171.48
SMP_04698,roboflow_sugarcane,train,YELLOW LEAF,2,4,640,640,68.91,50.42,0.2418,30.74,-5.19,32.46,0.7113,124.84
SMP_04699,roboflow_sugarcane,train,YELLOW LEAF,2,4,640,640,26.09,43.23,0.2357,22.26,7.14,27.26,0.568,119.01
SMP_04700,roboflow_sugarcane,train,YELLOW LEAF,2,4,640,640,63.58,40.99,0.156,-1.43,16.11,23.41,0.6752,148.9
SMP_04701,roboflow_sugarcane,train,YELLOW LEAF,2,4,640,640,57.07,64.06,0.1518,30.85,-5.51,28.56,0.6804,115.14
SMP_04702,roboflow_sugarcane,train,YELLOW LEAF,2,4,640,640,30.0,23.47,0.2224,20.95,-10.28,30.94,0.5953,161.18
SMP_04703,roboflow_sugarcane,train,YELLOW LEAF,2,4,640,640,22.64,58.52,0.1706,-1.24,-7.35,13.08,0.6996,168.32
SMP_04704,roboflow_sugarcane,train,YELLOW LEAF,2,4,640,640,52.76,40.55,0.1477,6.37,4.77,35.72,0.7305,146.52
SMP_04705,roboflow_sugarcane,train,YELLOW LEAF,2,4,640,640,63.93,39.0,0.2858,11.57,-7.86,14.31,0.6575,172.38
SMP_04706,roboflow_sugarcane,train,YELLOW LEAF,2,4,640,640,72.44,51.14,0.1517,20.0,7.61,19.38,0.785,167.56
SMP_04707,roboflow_sugarcane,train,YELLOW LEAF,2,4,640,640,53.14,30.12,0.1238,11.83,7.85,34.56,0.7377,114.25
SMP_04708,roboflow_sugarcane,train,YELLOW LEAF,2,4,640,640,80.73,38.21,0.1608,12.88,7.94,31.55,0.6444,75.99
SMP_04709,roboflow_sugarcane,train,YELLOW LEAF,2,4,640,640,27.62,37.81,0.2116,27.31,25.71,23.3,0.7181,66.58
SMP_04710,roboflow_sugarcane,train,YELLOW LEAF,2,4,640,640,36.55,45.34,0.2037,29.5,-9.93,32.17,0.5521,158.98
SMP_04711,roboflow_sugarcane,train,YELLOW LEAF,2,4,640,640,36.3,38.35,0.2944,27.6,-8.66,28.06,0.7956,118.49
SMP_04712,roboflow_sugarcane,train,YELLOW LEAF,2,4,640,640,65.98,67.21,0.1616,6.91,15.23,27.41,0.7148,134.16
SMP_04713,roboflow_sugarcane,train,YELLOW LEAF,2,4,640,640,35.91,69.56,0.2118,27.54,9.26,8.67,0.7046,172.14
SMP_04714,roboflow_sugarcane,train,YELLOW LEAF,2,4,640,640,77.23,23.74,0.2564,16.17,14.18,19.82,0.6269,128.63
SMP_04715,roboflow_sugarcane,train,YELLOW LEAF,2,4,640,640,84.71,54.53,0.167,35.7,-11.33,23.8,0.596,131.26
SMP_04716,roboflow_sugarcane,train,YELLOW LEAF,2,4,640,640,82.77,58.3,0.2352,22.08,-5.88,11.87,0.745,130.78
SMP_04717,roboflow_sugarcane,train,YELLOW LEAF,2,4,640,640,35.47,54.52,0.1084,29.73,12.83,30.65,0.7123,116.95
SMP_04718,roboflow_sugarcane,train,YELLOW LEAF,2,4,640,640,76.35,40.1,0.2879,24.45,3.66,25.64,0.7036,126.9
SMP_04719,roboflow_sugarcane,train,YELLOW LEAF,2,4,640,640,45.23,45.07,0.2497,23.46,15.51,33.92,0.7276,177.47
SMP_04720,roboflow_sugarcane,train,YELLOW LEAF,2,4,640,640,61.73,39.02,0.166,17.06,1.66,22.91,0.6437,112.94
SMP_04721,roboflow_sugarcane,train,YELLOW LEAF,2,4,640,640,41.92,42.96,0.2415,29.66,3.3,17.53,0.6704,151.3
SMP_04722,roboflow_sugarcane,train,YELLOW LEAF,2,4,640,640,58.19,33.48,0.2657,27.45,23.32,20.06,0.6859,164.18
SMP_04723,roboflow_sugarcane,train,YELLOW LEAF,2,4,640,640,77.73,46.62,0.1356,17.35,-3.32,27.84,0.618,176.75
SMP_04724,roboflow_sugarcane,train,YELLOW LEAF,2,4,640,640,32.34,29.97,0.17,16.48,10.93,32.62,0.7136,189.05
SMP_04725,roboflow_sugarcane,train,YELLOW LEAF,2,4,640,640,33.64,45.6,0.2673,14.3,-7.54,26.15,0.6635,134.24
SMP_04726,roboflow_sugarcane,train,YELLOW LEAF,2,4,640,640,69.36,33.02,0.2034,26.54,-1.93,31.95,0.6673,158.62
SMP_04727,roboflow_sugarcane,train,YELLOW LEAF,2,4,640,640,58.73,50.48,0.2218,21.89,10.9,25.95,0.6931,150.13
SMP_04728,roboflow_sugarcane,train,YELLOW LEAF,2,4,640,640,34.05,39.85,0.2035,22.3,-6.32,29.79,0.6868,181.63
SMP_04729,roboflow_sugarcane,train,YELLOW LEAF,2,4,640,640,27.76,51.49,0.2446,17.12,12.01,36.31,0.683,139.69
SMP_04730,roboflow_sugarcane,train,YELLOW LEAF,2,4,640,640,24.74,60.98,0.2256,31.66,3.23,29.28,0.5498,185.04
SMP_04731,roboflow_sugarcane,train,YELLOW LEAF,2,4,640,640,79.01,67.07,0.2053,8.09,-2.8,21.61,0.6634,166.75
SMP_04732,roboflow_sugarcane,train,YELLOW LEAF,2,4,640,640,62.66,17.66,0.0949,26.26,4.14,27.59,0.6799,128.7
SMP_04733,roboflow_sugarcane,train,YELLOW LEAF,2,4,640,640,62.23,37.99,0.232,27.86,0.31,26.61,0.6079,113.61
SMP_04734,roboflow_sugarcane,train,YELLOW LEAF,2,4,640,640,91.48,44.36,0.2365,17.46,-0.69,23.84,0.6319,129.22
SMP_04735,roboflow_sugarcane,train,YELLOW LEAF,2,4,640,640,54.97,53.52,0.138,8.4,1.04,21.21,0.8061,132.08
SMP_04736,roboflow_sugarcane,train,YELLOW LEAF,2,4,640,640,51.93,28.2,0.1414,23.06,-6.14,39.4,0.7209,105.5
SMP_04737,roboflow_sugarcane,train,YELLOW LEAF,2,4,640,640,26.36,36.21,0.2259,29.57,-9.1,24.42,0.6717,142.47
SMP_04738,roboflow_sugarcane,train,YELLOW LEAF,2,4,640,640,39.71,49.56,0.2097,34.18,-12.01,11.96,0.6196,137.93
SMP_04739,roboflow_sugarcane,train,YELLOW LEAF,2,4,640,640,25.86,49.02,0.1013,25.26,9.03,22.19,0.6748,96.85
SMP_04740,roboflow_sugarcane,train,YELLOW LEAF,2,4,640,640,61.29,52.53,0.1589,15.09,8.46,21.38,0.8272,95.0
SMP_04741,roboflow_sugarcane,train,YELLOW LEAF,2,4,640,640,65.43,53.32,0.2157,25.55,-1.35,24.51,0.6559,155.14
SMP_04742,roboflow_sugarcane,train,YELLOW LEAF,2,4,640,640,69.83,52.06,0.2338,24.0,3.96,17.01,0.6699,152.49
SMP_04743,roboflow_sugarcane,train,YELLOW LEAF,2,4,640,640,85.21,50.32,0.1708,22.57,16.08,22.71,0.5602,126.01
SMP_04744,roboflow_sugarcane,train,YELLOW LEAF,2,4,640,640,34.91,48.67,0.1926,12.92,-0.01,27.51,0.6094,114.22
SMP_04745,roboflow_sugarcane,train,YELLOW LEAF,2,4,640,640,62.24,55.98,0.156,24.79,2.86,17.96,0.665,164.97
SMP_04746,roboflow_sugarcane,train,YELLOW LEAF,2,4,640,640,31.07,21.13,0.2662,23.76,20.51,33.04,0.6964,114.17
SMP_04747,roboflow_sugarcane,train,YELLOW LEAF,2,4,640,640,77.93,66.53,0.2087,39.42,8.1,26.26,0.8306,163.59
SMP_04748,roboflow_sugarcane,train,YELLOW LEAF,2,4,640,640,35.04,21.55,0.1666,20.7,12.24,27.02,0.6484,184.59
SMP_04749,roboflow_sugarcane,train,YELLOW LEAF,2,4,640,640,50.63,35.05,0.1422,33.56,10.68,23.6,0.671,168.34
SMP_04750,roboflow_sugarcane,train,YELLOW LEAF,2,4,640,640,53.56,45.28,0.1367,31.13,9.04,27.34,0.7056,102.9
SMP_04751,roboflow_sugarcane,train,YELLOW LEAF,2,4,640,640,78.22,56.07,0.2906,20.4,-0.8,30.6,0.6662,116.61
SMP_04752,roboflow_sugarcane,train,YELLOW LEAF,2,4,640,640,35.56,12.06,0.1913,29.9,-2.79,27.43,0.7134,126.02
SMP_04753,roboflow_sugarcane,train,YELLOW LEAF,2,4,640,640,49.76,47.66,0.18,13.73,10.39,32.79,0.7592,143.69
SMP_04754,roboflow_sugarcane,train,YELLOW LEAF,2,4,640,640,32.44,57.51,0.1893,18.46,9.19,26.84,0.8038,145.51
SMP_04755,roboflow_sugarcane,train,YELLOW LEAF,2,4,640,640,36.2,59.93,0.1685,15.71,6.86,31.03,0.5149,109.87
SMP_04756,roboflow_sugarcane,train,YELLOW LEAF,2,4,640,640,67.55,39.63,0.1946,18.74,7.33,28.55,0.5925,170.8
SMP_04757,roboflow_sugarcane,train,YELLOW LEAF,2,4,640,640,61.28,44.39,0.2017,3.97,-1.18,13.5,0.6556,159.53
SMP_04758,roboflow_sugarcane,train,YELLOW LEAF,2,4,640,640,35.41,40.61,0.2008,34.4,-4.42,20.71,0.7002,136.58
SMP_04759,roboflow_sugarcane,train,YELLOW LEAF,2,4,640,640,42.15,43.29,0.1369,17.56,-0.87,21.05,0.6418,126.96
SMP_04760,roboflow_sugarcane,train,YELLOW LEAF,2,4,640,640,26.86,35.62,0.2446,26.3,2.99,21.2,0.6559,150.6
SMP_04761,roboflow_sugarcane,train,YELLOW LEAF,2,4,640,640,28.55,37.33,0.1724,21.96,0.24,19.53,0.7081,133.24
SMP_04762,roboflow_sugarcane,train,YELLOW LEAF,2,4,640,640,48.64,53.21,0.1671,17.83,17.54,32.79,0.5508,142.88
SMP_04763,roboflow_sugarcane,train,YELLOW LEAF,2,4,640,640,82.39,49.58,0.1648,9.78,16.81,35.08,0.6015,147.79
SMP_04764,roboflow_sugarcane,train,YELLOW LEAF,2,4,640,640,69.69,53.9,0.1474,12.69,11.82,16.15,0.7451,116.51
SMP_04765,roboflow_sugarcane,train,YELLOW LEAF,2,4,640,640,37.17,50.57,0.2134,18.11,14.76,30.75,0.631,205.18
SMP_04766,roboflow_sugarcane,train,YELLOW LEAF,2,4,640,640,60.51,56.45,0.2447,16.2,-5.35,29.58,0.7981,122.99
SMP_04767,roboflow_sugarcane,train,YELLOW LEAF,2,4,640,640,53.45,58.54,0.1639,12.21,10.74,39.34,0.6975,123.27
SMP_04768,roboflow_sugarcane,train,YELLOW LEAF,2,4,640,640,35.53,27.1,0.1078,14.5,4.72,25.54,0.7963,107.6
SMP_04769,roboflow_sugarcane,train,YELLOW LEAF,2,4,640,640,68.94,37.75,0.1486,23.69,1.31,16.72,0.7725,134.69
SMP_04770,roboflow_sugarcane,train,YELLOW LEAF,2,4,640,640,77.35,45.22,0.1776,27.02,2.74,16.7,0.6577,186.23
SMP_04771,roboflow_sugarcane,train,YELLOW LEAF,2,4,640,640,36.38,47.73,0.1384,10.67,2.84,32.71,0.575,111.1
SMP_04772,roboflow_sugarcane,train,YELLOW LEAF,2,4,640,640,43.79,39.96,0.1701,12.96,1.97,20.91,0.7115,145.08
SMP_04773,roboflow_sugarcane,train,YELLOW LEAF,2,4,640,640,27.26,58.94,0.1724,21.72,0.08,30.32,0.6605,170.59
SMP_04774,roboflow_sugarcane,train,YELLOW LEAF,2,4,640,640,65.95,71.76,0.1992,18.69,-5.72,25.84,0.6682,100.1
SMP_04775,roboflow_sugarcane,train,YELLOW LEAF,2,4,640,640,71.14,50.23,0.1273,17.07,-7.58,31.33,0.6574,146.58
SMP_04776,roboflow_sugarcane,train,YELLOW LEAF,2,4,640,640,31.12,49.01,0.229,27.38,8.21,16.71,0.5897,151.4
SMP_04777,roboflow_sugarcane,train,YELLOW LEAF,2,4,640,640,57.43,58.19,0.283,21.48,-17.47,26.41,0.7144,179.63
SMP_04778,roboflow_sugarcane,train,YELLOW LEAF,2,4,640,640,81.39,25.61,0.2715,7.01,20.56,30.73,0.6287,145.37
SMP_04779,roboflow_sugarcane,train,YELLOW LEAF,2,4,640,640,37.2,48.34,0.1708,13.6,0.03,30.15,0.6201,152.21
SMP_04780,roboflow_sugarcane,train,YELLOW LEAF,2,4,640,640,80.98,59.75,0.2334,6.71,-9.4,31.78,0.6625,93.49
SMP_04781,roboflow_sugarcane,train,YELLOW LEAF,2,4,640,640,29.45,40.28,0.2275,18.57,9.18,15.91,0.7552,162.57
SMP_04782,roboflow_sugarcane,train,YELLOW LEAF,2,4,640,640,83.39,33.28,0.1978,9.38,3.92,25.31,0.6718,190.66
SMP_04783,roboflow_sugarcane,train,YELLOW LEAF,2,4,640,640,46.25,45.77,0.2089,5.91,-2.58,25.83,0.6084,171.82
SMP_04784,roboflow_sugarcane,train,YELLOW LEAF,2,4,640,640,37.04,47.27,0.2342,3.56,0.41,34.8,0.6882,132.3
SMP_04785,roboflow_sugarcane,train,YELLOW LEAF,2,4,640,640,69.36,37.1,0.2442,35.88,4.29,42.47,0.7695,137.37
SMP_04786,roboflow_sugarcane,train,YELLOW LEAF,2,4,640,640,39.78,73.15,0.1594,9.08,13.67,34.63,0.7373,140.68
SMP_04787,roboflow_sugarcane,train,YELLOW LEAF,2,4,640,640,50.16,42.26,0.2374,17.47,-16.16,31.38,0.5546,200.73
SMP_04788,roboflow_sugarcane,train,YELLOW LEAF,2,4,640,640,87.59,34.16,0.2833,20.48,7.55,28.69,0.6947,187.16
SMP_04789,roboflow_sugarcane,train,YELLOW LEAF,2,4,640,640,50.71,46.88,0.2441,20.95,18.17,26.2,0.7673,118.12
SMP_04790,roboflow_sugarcane,train,YELLOW LEAF,2,4,640,640,30.67,58.89,0.2768,24.97,-1.52,33.58,0.6895,114.56
SMP_04791,roboflow_sugarcane,train,YELLOW LEAF,2,4,640,640,64.06,48.21,0.0708,19.59,10.98,27.2,0.5706,176.29
SMP_04792,roboflow_sugarcane,train,YELLOW LEAF,2,4,640,640,39.72,53.83,0.2298,16.37,10.37,23.16,0.5681,134.23
SMP_04793,roboflow_sugarcane,train,YELLOW LEAF,2,4,640,640,74.98,37.54,0.2132,21.76,20.05,25.63,0.6171,154.96
SMP_04794,roboflow_sugarcane,train,YELLOW LEAF,2,4,640,640,27.97,65.85,0.2514,21.68,6.88,21.81,0.5827,151.2
SMP_04795,roboflow_sugarcane,train,YELLOW LEAF,2,4,640,640,75.07,54.74,0.1437,20.41,10.63,14.85,0.5955,185.57
SMP_04796,roboflow_sugarcane,train,YELLOW LEAF,2,4,640,640,51.44,60.57,0.1747,25.13,13.52,15.73,0.5808,109.38
SMP_04797,roboflow_sugarcane,train,YELLOW LEAF,2,4,640,640,31.98,52.38,0.245,14.99,9.94,26.26,0.6642,153.53
SMP_04798,roboflow_sugarcane,train,YELLOW LEAF,2,4,640,640,45.93,57.9,0.147,18.39,-2.14,13.71,0.6428,185.11
SMP_04799,roboflow_sugarcane,train,YELLOW LEAF,2,4,640,640,69.17,37.52,0.2121,9.39,-0.83,19.07,0.6691,209.77
SMP_04800,roboflow_sugarcane,train,YELLOW LEAF,2,4,640,640,29.01,42.1,0.1992,18.04,7.14,28.81,0.7197,157.42
SMP_04801,roboflow_sugarcane,train,YELLOW LEAF,2,4,640,640,74.16,64.16,0.1902,14.89,11.94,21.5,0.5907,119.12
SMP_04802,roboflow_sugarcane,train,YELLOW LEAF,2,4,640,640,32.23,66.72,0.2286,28.44,7.71,18.62,0.7935,137.58
SMP_04803,roboflow_sugarcane,train,YELLOW LEAF,2,4,640,640,74.56,34.24,0.1442,8.3,-3.29,19.3,0.7421,131.7
SMP_04804,roboflow_sugarcane,train,YELLOW LEAF,2,4,640,640,27.32,51.0,0.161,16.2,3.04,33.16,0.5485,174.38
SMP_04805,roboflow_sugarcane,train,YELLOW LEAF,2,4,640,640,56.34,42.83,0.193,15.81,-6.1,30.97,0.7031,158.12
SMP_04806,roboflow_sugarcane,train,YELLOW LEAF,2,4,640,640,35.72,39.64,0.1399,25.37,9.7,21.0,0.6412,164.57
SMP_04807,roboflow_sugarcane,train,YELLOW LEAF,2,4,640,640,84.8,51.42,0.2615,9.79,20.84,28.95,0.6916,145.53
SMP_04808,roboflow_sugarcane,train,YELLOW LEAF,2,4,640,640,64.25,61.69,0.1601,20.03,9.21,26.63,0.7066,151.63
SMP_04809,roboflow_sugarcane,train,YELLOW LEAF,2,4,640,640,67.26,53.42,0.2393,20.63,-10.64,30.93,0.6422,138.4
SMP_04810,roboflow_sugarcane,train,YELLOW LEAF,2,4,640,640,35.74,44.17,0.1562,27.39,5.84,33.67,0.66,137.33
SMP_04811,roboflow_sugarcane,train,YELLOW LEAF,2,4,640,640,71.61,54.18,0.2352,13.16,4.88,15.64,0.6353,94.48
SMP_04812,roboflow_sugarcane,train,YELLOW LEAF,2,4,640,640,27.93,43.68,0.1196,9.54,0.76,28.52,0.6981,143.52
SMP_04813,roboflow_sugarcane,train,YELLOW LEAF,2,4,640,640,77.64,52.95,0.2704,23.8,-11.36,26.23,0.6673,166.35
SMP_04814,roboflow_sugarcane,train,YELLOW LEAF,2,4,640,640,27.3,64.76,0.2568,8.84,8.83,32.58,0.7028,160.44
SMP_04815,roboflow_sugarcane,train,YELLOW LEAF,2,4,640,640,52.61,23.07,0.1724,15.82,12.58,15.68,0.6592,147.71
SMP_04816,roboflow_sugarcane,train,YELLOW LEAF,2,4,640,640,33.39,57.57,0.1587,18.09,-2.07,18.29,0.561,140.75
SMP_04817,roboflow_sugarcane,train,YELLOW LEAF,2,4,640,640,36.28,29.53,0.2229,24.93,-2.15,26.57,0.67,123.85
SMP_04818,roboflow_sugarcane,train,YELLOW LEAF,2,4,640,640,69.89,62.74,0.1237,7.67,2.46,24.35,0.7204,133.28
SMP_04819,roboflow_sugarcane,train,YELLOW LEAF,2,4,640,640,61.96,40.36,0.2017,17.63,18.94,28.11,0.7481,175.82
SMP_04820,roboflow_sugarcane,train,YELLOW LEAF,2,4,640,640,27.06,33.39,0.1596,20.21,2.73,16.16,0.5547,158.85
SMP_04821,roboflow_sugarcane,train,YELLOW LEAF,2,4,640,640,33.27,56.34,0.1873,13.11,-1.13,33.16,0.6791,140.24
SMP_04822,roboflow_sugarcane,train,YELLOW LEAF,2,4,640,640,60.52,52.37,0.1678,17.14,1.8,27.09,0.7576,170.9
SMP_04823,roboflow_sugarcane,train,YELLOW LEAF,2,4,640,640,31.69,36.01,0.1601,27.11,9.63,27.08,0.6407,186.33
SMP_04824,roboflow_sugarcane,train,YELLOW LEAF,2,4,640,640,82.03,32.96,0.2852,15.94,-11.18,25.12,0.7661,161.66
SMP_04825,roboflow_sugarcane,train,YELLOW LEAF,2,4,640,640,71.8,45.75,0.239,17.09,3.15,19.11,0.5278,160.51
SMP_04826,roboflow_sugarcane,train,YELLOW LEAF,2,4,640,640,30.63,33.55,0.126,27.08,2.22,21.34,0.6124,119.19
SMP_04827,roboflow_sugarcane,train,YELLOW LEAF,2,4,640,640,28.63,35.26,0.1562,18.26,4.14,35.84,0.593,163.17
SMP_04828,roboflow_sugarcane,train,YELLOW LEAF,2,4,640,640,54.46,49.39,0.2429,30.71,-0.57,26.45,0.6833,141.43
SMP_04829,roboflow_sugarcane,train,YELLOW LEAF,2,4,640,640,78.08,36.41,0.2484,6.89,-5.65,26.05,0.6529,138.68
SMP_04830,roboflow_sugarcane,train,YELLOW LEAF,2,4,640,640,32.38,53.12,0.1307,17.81,12.46,31.12,0.7604,169.14
SMP_04831,roboflow_sugarcane,train,YELLOW LEAF,2,4,640,640,51.54,65.88,0.2349,26.21,-9.71,21.27,0.746,134.39
SMP_04832,roboflow_sugarcane,train,YELLOW LEAF,2,4,640,640,44.0,46.22,0.2133,14.25,17.52,28.58,0.6469,113.02
SMP_04833,roboflow_sugarcane,train,YELLOW LEAF,2,4,640,640,84.02,49.56,0.1029,18.12,7.78,26.92,0.7293,176.0
SMP_04834,roboflow_sugarcane,train,YELLOW LEAF,2,4,640,640,68.66,72.22,0.1798,30.11,10.45,24.31,0.6184,148.13
SMP_04835,roboflow_sugarcane,train,YELLOW LEAF,2,4,640,640,46.8,33.75,0.1932,13.8,5.51,23.08,0.7386,119.94
SMP_04836,roboflow_sugarcane,train,YELLOW LEAF,2,4,640,640,26.7,62.29,0.2024,23.86,14.43,29.98,0.5489,141.81
SMP_04837,roboflow_sugarcane,train,YELLOW LEAF,2,4,640,640,67.3,60.85,0.134,25.97,9.29,29.33,0.8646,152.63
SMP_04838,roboflow_sugarcane,train,YELLOW LEAF,2,4,640,640,38.82,58.25,0.1618,20.61,15.44,21.45,0.7185,115.51
SMP_04839,roboflow_sugarcane,train,YELLOW LEAF,2,4,640,640,69.48,63.5,0.1689,20.32,11.77,28.82,0.8008,134.79
SMP_04840,roboflow_sugarcane,train,YELLOW LEAF,2,4,640,640,17.3,51.37,0.1732,11.8,13.94,19.25,0.7333,139.59
SMP_04841,roboflow_sugarcane,train,YELLOW LEAF,2,4,640,640,77.62,41.0,0.1741,25.85,-0.72,21.84,0.6243,81.87
SMP_04842,roboflow_sugarcane,train,YELLOW LEAF,2,4,640,640,37.51,61.13,0.1934,9.97,1.95,28.28,0.4562,192.61
SMP_04843,roboflow_sugarcane,train,YELLOW LEAF,2,4,640,640,60.22,61.59,0.2155,23.13,5.13,27.53,0.6276,190.78
SMP_04844,roboflow_sugarcane,train,YELLOW LEAF,2,4,640,640,35.98,61.26,0.2887,15.85,5.03,19.51,0.7265,145.07
SMP_04845,roboflow_sugarcane,train,YELLOW LEAF,2,4,640,640,53.23,48.53,0.2435,16.84,9.6,28.13,0.5664,148.57
SMP_04846,roboflow_sugarcane,train,YELLOW LEAF,2,4,640,640,75.7,39.41,0.2658,18.39,-1.0,24.89,0.8162,149.86
SMP_04847,roboflow_sugarcane,train,YELLOW LEAF,2,4,640,640,82.27,50.3,0.176,24.0,4.95,32.37,0.6665,114.37
SMP_04848,roboflow_sugarcane,train,YELLOW LEAF,2,4,640,640,36.12,59.31,0.1498,32.5,10.02,28.52,0.8405,156.9
SMP_04849,roboflow_sugarcane,train,YELLOW LEAF,2,4,640,640,41.11,60.29,0.2401,20.89,-10.32,19.2,0.6374,117.11
SMP_04850,roboflow_sugarcane,train,YELLOW LEAF,2,4,640,640,37.54,42.84,0.1992,14.24,13.45,27.1,0.7209,84.8
SMP_04851,roboflow_sugarcane,train,YELLOW LEAF,2,4,640,640,33.03,51.78,0.2365,8.48,21.36,21.39,0.7182,138.89
SMP_04852,roboflow_sugarcane,train,YELLOW LEAF,2,4,640,640,29.33,32.29,0.1559,29.28,-2.32,26.46,0.5673,135.82
SMP_04853,roboflow_sugarcane,train,YELLOW LEAF,2,4,640,640,44.72,59.82,0.2324,21.4,16.84,28.33,0.7082,190.71
SMP_04854,roboflow_sugarcane,train,YELLOW LEAF,2,4,640,640,50.62,38.6,0.1912,18.15,6.81,28.94,0.719,121.34
SMP_04855,roboflow_sugarcane,train,YELLOW LEAF,2,4,640,640,50.27,57.42,0.177,20.47,-2.08,20.24,0.7317,134.66
SMP_04856,roboflow_sugarcane,train,YELLOW LEAF,2,4,640,640,60.67,34.21,0.1817,26.13,11.62,22.34,0.7689,130.7
SMP_04857,roboflow_sugarcane,train,YELLOW LEAF,2,4,640,640,54.62,60.38,0.2245,16.72,20.52,26.27,0.5699,123.6
SMP_04858,roboflow_sugarcane,train,YELLOW LEAF,2,4,640,640,40.1,51.86,0.2387,14.67,1.78,23.36,0.7174,114.87
SMP_04859,roboflow_sugarcane,train,YELLOW LEAF,2,4,640,640,32.57,38.62,0.1817,9.52,-3.53,23.48,0.5945,120.03
SMP_04860,roboflow_sugarcane,train,YELLOW LEAF,2,4,640,640,69.66,56.3,0.2172,11.37,-12.88,19.59,0.6084,148.72
SMP_04861,roboflow_sugarcane,train,YELLOW LEAF,2,4,640,640,76.16,40.92,0.217,17.24,3.84,28.25,0.6029,116.65
SMP_04862,roboflow_sugarcane,train,YELLOW LEAF,2,4,640,640,39.03,56.99,0.2369,28.6,6.31,22.1,0.6955,209.24
SMP_04863,roboflow_sugarcane,train,YELLOW LEAF,2,4,640,640,71.36,44.71,0.2493,15.93,19.51,24.05,0.7275,136.94
SMP_04864,roboflow_sugarcane,train,YELLOW LEAF,2,4,640,640,38.08,27.35,0.2906,22.08,19.88,26.25,0.6589,213.11
SMP_04865,roboflow_sugarcane,train,YELLOW LEAF,2,4,640,640,40.96,36.21,0.1767,29.0,-0.3,10.96,0.6773,123.05
SMP_04866,roboflow_sugarcane,train,YELLOW LEAF,2,4,640,640,76.54,42.84,0.273,23.05,11.46,16.4,0.5698,88.36
SMP_04867,roboflow_sugarcane,train,YELLOW LEAF,2,4,640,640,36.46,64.42,0.2059,35.79,-4.21,35.52,0.7031,155.99
SMP_04868,roboflow_sugarcane,train,YELLOW LEAF,2,4,640,640,41.9,58.81,0.1453,20.54,5.58,16.65,0.6452,122.03
SMP_04869,roboflow_sugarcane,train,YELLOW LEAF,2,4,640,640,64.64,67.49,0.1675,18.74,3.96,31.52,0.6047,115.63
SMP_04870,roboflow_sugarcane,train,YELLOW LEAF,2,4,640,640,82.04,67.84,0.2233,16.95,-2.01,31.32,0.5027,91.64
SMP_04871,roboflow_sugarcane,train,YELLOW LEAF,2,4,640,640,64.75,41.58,0.2362,35.94,4.04,25.89,0.6076,131.89
SMP_04872,roboflow_sugarcane,train,YELLOW LEAF,2,4,640,640,36.41,45.74,0.1492,29.76,11.74,34.95,0.6616,179.7
SMP_04873,roboflow_sugarcane,train,YELLOW LEAF,2,4,640,640,80.93,43.06,0.1618,8.33,13.77,30.93,0.7186,146.9
SMP_04874,roboflow_sugarcane,train,YELLOW LEAF,2,4,640,640,46.46,39.94,0.1733,36.88,3.84,27.18,0.6077,137.36
SMP_04875,roboflow_sugarcane,train,YELLOW LEAF,2,4,640,640,92.79,25.9,0.1568,23.98,4.3,28.33,0.6557,133.03
SMP_04876,roboflow_sugarcane,train,YELLOW LEAF,2,4,640,640,44.68,47.82,0.106,21.03,-9.71,31.72,0.7846,184.3
SMP_04877,roboflow_sugarcane,train,YELLOW LEAF,2,4,640,640,35.47,32.57,0.089,24.15,7.19,28.38,0.7609,134.42
SMP_04878,roboflow_sugarcane,train,YELLOW LEAF,2,4,640,640,79.96,47.59,0.1809,12.33,2.88,31.12,0.642,113.6
SMP_04879,roboflow_sugarcane,train,YELLOW LEAF,2,4,640,640,47.43,73.39,0.2126,21.58,4.28,35.65,0.6455,133.66
SMP_04880,roboflow_sugarcane,train,YELLOW LEAF,2,4,640,640,70.38,41.89,0.2328,17.53,1.15,33.53,0.8094,145.3
SMP_04881,roboflow_sugarcane,train,YELLOW LEAF,2,4,640,640,30.13,50.34,0.1319,17.12,-2.59,24.13,0.6915,125.04
SMP_04882,roboflow_sugarcane,train,YELLOW LEAF,2,4,640,640,63.98,58.88,0.1327,27.67,-1.99,20.89,0.6561,75.03
SMP_04883,roboflow_sugarcane,train,YELLOW LEAF,2,4,640,640,35.51,51.36,0.1736,17.88,-0.41,26.28,0.6729,131.67
SMP_04884,roboflow_sugarcane,train,YELLOW LEAF,2,4,640,640,76.72,51.51,0.2002,20.8,-5.61,38.45,0.6164,161.13
SMP_04885,roboflow_sugarcane,train,YELLOW LEAF,2,4,640,640,36.34,43.65,0.2504,22.62,7.33,18.93,0.5801,124.89
SMP_04886,roboflow_sugarcane,train,YELLOW LEAF,2,4,640,640,53.61,45.22,0.2359,27.55,9.48,24.72,0.6573,125.46
SMP_04887,roboflow_sugarcane,train,YELLOW LEAF,2,4,640,640,65.72,36.48,0.1816,30.14,3.9,25.19,0.7651,167.32
SMP_04888,roboflow_sugarcane,train,YELLOW LEAF,2,4,640,640,32.01,58.15,0.218,20.12,6.41,20.91,0.665,163.19
SMP_04889,roboflow_sugarcane,train,YELLOW LEAF,2,4,640,640,30.09,27.1,0.1578,16.97,3.16,26.71,0.6628,130.91
SMP_04890,roboflow_sugarcane,train,YELLOW LEAF,2,4,640,640,67.27,59.65,0.2037,35.23,14.14,22.57,0.7226,127.13
SMP_04891,roboflow_sugarcane,train,YELLOW LEAF,2,4,640,640,40.65,31.16,0.1969,-0.64,5.43,25.69,0.6884,94.89
SMP_04892,roboflow_sugarcane,train,YELLOW LEAF,2,4,640,640,34.62,59.55,0.2702,26.94,7.22,24.99,0.5735,146.69
SMP_04893,roboflow_sugarcane,train,YELLOW LEAF,2,4,640,640,63.42,43.75,0.2247,18.85,11.43,26.2,0.7026,130.66
SMP_04894,roboflow_sugarcane,train,YELLOW LEAF,2,4,640,640,37.37,33.22,0.1615,24.56,4.81,20.22,0.5508,195.57
SMP_04895,roboflow_sugarcane,train,YELLOW LEAF,2,4,640,640,58.71,54.95,0.162,20.33,16.14,22.95,0.766,160.22
SMP_04896,roboflow_sugarcane,train,YELLOW LEAF,2,4,640,640,53.36,59.15,0.1833,30.25,-0.32,25.05,0.7162,175.41
SMP_04897,roboflow_sugarcane,train,YELLOW LEAF,2,4,640,640,28.36,42.74,0.1218,23.35,18.81,25.8,0.7127,112.54
SMP_04898,roboflow_sugarcane,train,YELLOW LEAF,2,4,640,640,29.13,56.65,0.1885,8.63,3.43,26.05,0.8273,152.13
SMP_04899,roboflow_sugarcane,train,YELLOW LEAF,2,4,640,640,48.27,20.58,0.1928,8.27,-0.22,29.55,0.6026,142.36
SMP_04900,roboflow_sugarcane,train,YELLOW LEAF,2,4,640,640,48.62,32.15,0.2233,18.28,-7.55,19.41,0.7288,125.08
SMP_04901,roboflow_sugarcane,train,YELLOW LEAF,2,4,640,640,71.87,63.51,0.2306,24.86,11.97,24.4,0.6934,129.67
SMP_04902,roboflow_sugarcane,train,YELLOW LEAF,2,4,640,640,55.74,45.32,0.2049,30.46,2.08,20.42,0.719,80.79
SMP_04903,roboflow_sugarcane,train,YELLOW LEAF,2,4,640,640,50.17,25.65,0.1185,14.64,6.15,19.81,0.6503,177.19
SMP_04904,roboflow_sugarcane,train,YELLOW LEAF,2,4,640,640,31.47,39.61,0.1389,2.31,7.09,28.1,0.7163,89.91
SMP_04905,roboflow_sugarcane,train,YELLOW LEAF,2,4,640,640,40.67,36.92,0.1697,23.45,1.1,26.48,0.6735,143.73
SMP_04906,roboflow_sugarcane,train,YELLOW LEAF,2,4,640,640,71.8,46.01,0.2326,20.34,13.59,22.75,0.7503,160.57
SMP_04907,roboflow_sugarcane,train,YELLOW LEAF,2,4,640,640,34.97,43.55,0.2309,21.15,8.64,22.44,0.6996,178.23
SMP_04908,roboflow_sugarcane,train,YELLOW LEAF,2,4,640,640,53.16,50.15,0.1875,11.19,-1.81,18.15,0.7467,190.72
SMP_04909,roboflow_sugarcane,train,YELLOW LEAF,2,4,640,640,28.46,47.17,0.318,29.54,-5.75,32.31,0.6324,160.11
SMP_04910,roboflow_sugarcane,train,YELLOW LEAF,2,4,640,640,70.07,64.32,0.2781,13.47,11.25,25.18,0.6463,151.58
SMP_04911,roboflow_sugarcane,train,YELLOW LEAF,2,4,640,640,37.42,53.09,0.262,22.46,3.07,16.3,0.6013,187.51
SMP_04912,roboflow_sugarcane,train,YELLOW LEAF,2,4,640,640,67.65,53.49,0.235,22.21,10.58,26.42,0.7694,129.1
SMP_04913,roboflow_sugarcane,train,YELLOW LEAF,2,4,640,640,42.35,61.98,0.2229,24.4,3.0,21.43,0.8062,122.08
SMP_04914,roboflow_sugarcane,train,YELLOW LEAF,2,4,640,640,52.31,43.33,0.2193,14.04,6.7,22.38,0.6261,142.72
SMP_04915,roboflow_sugarcane,train,YELLOW LEAF,2,4,640,640,86.2,32.86,0.1097,12.61,11.44,31.93,0.698,117.22
SMP_04916,roboflow_sugarcane,train,YELLOW LEAF,2,4,640,640,40.41,62.48,0.1474,26.82,-7.01,24.56,0.7755,117.88
SMP_04917,roboflow_sugarcane,train,YELLOW LEAF,2,4,640,640,61.49,49.63,0.1889,24.42,18.49,35.97,0.6899,154.72
SMP_04918,roboflow_sugarcane,train,YELLOW LEAF,2,4,640,640,86.3,49.67,0.2064,22.68,8.01,44.02,0.6903,139.94
SMP_04919,roboflow_sugarcane,train,YELLOW LEAF,2,4,640,640,72.8,40.4,0.1938,29.01,-11.35,34.24,0.6221,123.35
SMP_04920,roboflow_sugarcane,train,YELLOW LEAF,2,4,640,640,41.6,40.6,0.2136,22.73,15.78,19.65,0.6873,143.32
SMP_04921,roboflow_sugarcane,train,YELLOW LEAF,2,4,640,640,29.31,58.16,0.0948,17.04,12.91,34.43,0.6113,152.19
SMP_04922,roboflow_sugarcane,train,YELLOW LEAF,2,4,640,640,75.77,59.82,0.2253,24.14,3.48,22.56,0.785,125.6
SMP_04923,roboflow_sugarcane,train,YELLOW LEAF,2,4,640,640,87.97,57.41,0.2031,23.6,16.17,29.0,0.5205,158.42
SMP_04924,roboflow_sugarcane,train,YELLOW LEAF,2,4,640,640,36.91,57.52,0.1906,23.8,-0.11,34.3,0.5948,137.29
SMP_04925,roboflow_sugarcane,train,YELLOW LEAF,2,4,640,640,43.94,54.83,0.2464,12.94,3.96,19.28,0.6956,163.56
SMP_04926,roboflow_sugarcane,train,YELLOW LEAF,2,4,640,640,79.68,49.58,0.1477,12.17,23.76,26.73,0.5867,148.17
SMP_04927,roboflow_sugarcane,train,YELLOW LEAF,2,4,640,640,32.53,45.9,0.1882,27.04,9.17,26.71,0.5454,83.97
SMP_04928,roboflow_sugarcane,train,YELLOW LEAF,2,4,640,640,79.58,62.52,0.2142,18.81,13.67,20.77,0.8621,159.71
SMP_04929,roboflow_sugarcane,train,YELLOW LEAF,2,4,640,640,55.8,43.52,0.1573,4.45,11.53,15.12,0.7217,159.85
SMP_04930,roboflow_sugarcane,train,YELLOW LEAF,2,4,640,640,37.35,52.44,0.0998,9.03,-6.09,30.3,0.6631,106.31
SMP_04931,roboflow_sugarcane,train,YELLOW LEAF,2,4,640,640,53.42,38.35,0.1423,9.45,7.39,17.51,0.7155,128.65
SMP_04932,roboflow_sugarcane,train,YELLOW LEAF,2,4,640,640,86.04,40.09,0.1968,28.54,6.66,29.91,0.7095,128.12
SMP_04933,roboflow_sugarcane,train,YELLOW LEAF,2,4,640,640,48.75,45.17,0.1875,19.61,14.49,24.85,0.6315,120.08
SMP_04934,roboflow_sugarcane,train,YELLOW LEAF,2,4,640,640,33.84,38.35,0.1991,20.28,17.01,34.04,0.6587,99.12
SMP_04935,roboflow_sugarcane,train,YELLOW LEAF,2,4,640,640,62.98,57.57,0.167,17.17,15.32,19.22,0.6611,163.09
SMP_04936,roboflow_sugarcane,train,YELLOW LEAF,2,4,640,640,35.68,31.82,0.1344,11.53,1.22,25.55,0.6525,156.0
SMP_04937,roboflow_sugarcane,train,YELLOW LEAF,2,4,640,640,86.1,49.19,0.2069,26.08,-6.5,38.57,0.6489,168.31
SMP_04938,roboflow_sugarcane,train,YELLOW LEAF,2,4,640,640,49.66,49.59,0.1917,25.22,9.0,21.74,0.736,136.66
SMP_04939,roboflow_sugarcane,train,YELLOW LEAF,2,4,640,640,55.73,26.27,0.2319,14.36,4.29,35.84,0.6661,176.13
SMP_04940,roboflow_sugarcane,train,YELLOW LEAF,2,4,640,640,57.49,42.71,0.1626,31.22,-3.41,21.3,0.7453,96.76
SMP_04941,roboflow_sugarcane,train,YELLOW LEAF,2,4,640,640,66.95,51.07,0.099,25.96,-0.57,26.96,0.6258,153.73
SMP_04942,roboflow_sugarcane,train,YELLOW LEAF,2,4,640,640,88.17,53.14,0.0698,13.17,4.53,20.88,0.7115,171.45
SMP_04943,roboflow_sugarcane,train,YELLOW LEAF,2,4,640,640,44.33,45.55,0.1799,17.7,7.07,29.12,0.5416,113.21
SMP_04944,roboflow_sugarcane,train,YELLOW LEAF,2,4,640,640,54.79,56.12,0.2064,17.06,0.55,18.42,0.7149,128.22
SMP_04945,roboflow_sugarcane,train,YELLOW LEAF,2,4,640,640,52.99,46.69,0.1884,22.5,4.87,22.78,0.7403,100.76
SMP_04946,roboflow_sugarcane,train,YELLOW LEAF,2,4,640,640,33.84,48.16,0.1717,8.57,4.42,22.96,0.5991,163.68
SMP_04947,roboflow_sugarcane,train,YELLOW LEAF,2,4,640,640,83.36,51.02,0.1204,14.36,7.2,21.72,0.6976,115.31
SMP_04948,roboflow_sugarcane,train,YELLOW LEAF,2,4,640,640,67.43,59.12,0.1055,26.36,-2.81,34.82,0.733,141.43
SMP_04949,roboflow_sugarcane,train,YELLOW LEAF,2,4,640,640,42.15,39.89,0.2184,7.31,-0.59,21.37,0.66,127.34
SMP_04950,roboflow_sugarcane,train,YELLOW LEAF,2,4,640,640,33.41,42.16,0.1886,18.42,15.79,26.73,0.7416,112.46
SMP_04951,roboflow_sugarcane,train,YELLOW LEAF,2,4,640,640,60.57,39.97,0.1818,10.19,2.93,37.14,0.6311,131.85
SMP_04952,roboflow_sugarcane,train,YELLOW LEAF,2,4,640,640,36.49,44.01,0.1229,27.31,8.81,27.5,0.7001,150.24
SMP_04953,roboflow_sugarcane,train,YELLOW LEAF,2,4,640,640,33.97,65.11,0.1517,22.75,-4.74,11.09,0.6842,143.63
SMP_04954,roboflow_sugarcane,train,YELLOW LEAF,2,4,640,640,63.61,54.87,0.2023,8.26,14.5,38.17,0.689,101.97
SMP_04955,roboflow_sugarcane,train,YELLOW LEAF,2,4,640,640,44.93,34.43,0.2142,11.66,14.21,32.7,0.7571,152.55
SMP_04956,roboflow_sugarcane,train,YELLOW LEAF,2,4,640,640,36.17,40.79,0.1918,20.11,7.39,33.73,0.6865,150.94
SMP_04957,roboflow_sugarcane,train,YELLOW LEAF,2,4,640,640,47.12,52.47,0.269,1.54,0.09,34.07,0.6485,173.06
SMP_04958,roboflow_sugarcane,train,YELLOW LEAF,2,4,640,640,84.5,37.12,0.1712,11.2,-6.49,25.43,0.803,108.35
SMP_04959,roboflow_sugarcane,train,YELLOW LEAF,2,4,640,640,49.53,39.3,0.2643,13.41,23.19,17.17,0.7992,172.47
SMP_04960,roboflow_sugarcane,train,YELLOW LEAF,2,4,640,640,83.99,64.14,0.2108,30.28,1.76,31.92,0.8183,117.73
SMP_04961,roboflow_sugarcane,train,YELLOW LEAF,2,4,640,640,36.72,40.64,0.2054,15.39,-6.47,15.78,0.7628,97.73
SMP_04962,roboflow_sugarcane,train,YELLOW LEAF,2,4,640,640,54.35,59.46,0.2466,25.28,0.23,17.42,0.731,158.87
SMP_04963,roboflow_sugarcane,train,YELLOW LEAF,2,4,640,640,75.27,63.06,0.1688,16.22,8.19,25.95,0.7748,160.0
SMP_04964,roboflow_sugarcane,train,YELLOW LEAF,2,4,640,640,53.31,39.2,0.1835,25.96,-4.98,32.22,0.6389,167.33
SMP_04965,roboflow_sugarcane,train,YELLOW LEAF,2,4,640,640,59.65,37.32,0.1388,7.58,0.28,21.92,0.624,116.84
SMP_04966,roboflow_sugarcane,train,YELLOW LEAF,2,4,640,640,55.1,44.69,0.2468,14.21,-6.53,22.35,0.5779,117.45
SMP_04967,roboflow_sugarcane,train,YELLOW LEAF,2,4,640,640,30.78,34.94,0.2168,19.13,16.55,41.32,0.6311,123.98
SMP_04968,roboflow_sugarcane,train,YELLOW LEAF,2,4,640,640,32.73,49.45,0.2549,21.42,4.34,31.57,0.6651,136.3
SMP_04969,roboflow_sugarcane,train,YELLOW LEAF,2,4,640,640,28.51,45.53,0.2102,22.59,-6.62,28.69,0.5731,165.88
SMP_04970,roboflow_sugarcane,train,YELLOW LEAF,2,4,640,640,67.84,52.33,0.2552,21.54,-2.2,34.89,0.6819,110.39
SMP_04971,roboflow_sugarcane,train,YELLOW LEAF,2,4,640,640,38.44,64.76,0.1626,24.05,-0.16,29.63,0.6114,152.03
SMP_04972,roboflow_sugarcane,train,YELLOW LEAF,2,4,640,640,50.9,57.81,0.2494,19.91,5.18,19.29,0.5318,149.51
SMP_04973,roboflow_sugarcane,train,YELLOW LEAF,2,4,640,640,77.61,53.87,0.1801,21.39,-2.29,18.77,0.5009,127.93
SMP_04974,roboflow_sugarcane,train,YELLOW LEAF,2,4,640,640,38.2,24.41,0.2001,11.89,2.08,25.09,0.5966,163.78
SMP_04975,roboflow_sugarcane,train,YELLOW LEAF,2,4,640,640,79.92,53.32,0.2364,7.06,-0.1,24.31,0.6391,177.56
SMP_04976,roboflow_sugarcane,train,YELLOW LEAF,2,4,640,640,81.88,68.67,0.3164,11.06,-6.49,38.64,0.7636,174.87
SMP_04977,roboflow_sugarcane,train,YELLOW LEAF,2,4,640,640,45.06,11.87,0.241,6.5,-2.32,25.31,0.6013,136.04
SMP_04978,roboflow_sugarcane,train,YELLOW LEAF,2,4,640,640,76.21,56.27,0.2457,21.8,-1.17,36.49,0.8371,156.27
SMP_04979,roboflow_sugarcane,train,YELLOW LEAF,2,4,640,640,57.67,46.09,0.1727,27.51,-4.75,28.27,0.7284,133.07
SMP_04980,roboflow_sugarcane,train,YELLOW LEAF,2,4,640,640,49.26,37.8,0.2078,12.42,-6.55,30.97,0.676,131.76
SMP_04981,roboflow_sugarcane,train,YELLOW LEAF,2,4,640,640,78.38,57.61,0.1952,28.07,0.24,8.32,0.6228,134.31
SMP_04982,roboflow_sugarcane,train,YELLOW LEAF,2,4,640,640,45.86,68.52,0.2704,23.61,11.92,40.21,0.653,108.72
SMP_04983,roboflow_sugarcane,train,YELLOW LEAF,2,4,640,640,70.0,57.3,0.1927,15.57,3.82,21.47,0.6128,106.06
SMP_04984,roboflow_sugarcane,train,YELLOW LEAF,2,4,640,640,47.16,43.55,0.2664,17.2,-20.46,32.67,0.6582,112.23
SMP_04985,roboflow_sugarcane,train,YELLOW LEAF,2,4,640,640,71.47,36.68,0.1349,28.92,13.08,16.53,0.6417,154.49
SMP_04986,roboflow_sugarcane,train,YELLOW LEAF,2,4,640,640,64.01,49.74,0.2699,1.41,-0.54,35.96,0.7262,166.7
SMP_04987,roboflow_sugarcane,train,YELLOW LEAF,2,4,640,640,65.94,58.48,0.1569,28.89,16.5,16.62,0.5854,93.85
SMP_04988,roboflow_sugarcane,train,YELLOW LEAF,2,4,640,640,39.76,43.36,0.2427,27.17,11.45,20.09,0.6994,118.4
SMP_04989,roboflow_sugarcane,train,YELLOW LEAF,2,4,640,640,79.13,44.52,0.1568,15.29,2.55,23.24,0.6691,95.01
SMP_04990,roboflow_sugarcane,train,YELLOW LEAF,2,4,640,640,60.22,81.86,0.2309,19.26,3.44,23.67,0.6527,136.5
SMP_04991,roboflow_sugarcane,train,YELLOW LEAF,2,4,640,640,68.61,60.94,0.1519,33.01,-4.13,24.0,0.5177,143.99
SMP_04992,roboflow_sugarcane,train,YELLOW LEAF,2,4,640,640,80.04,61.8,0.2518,9.52,10.21,28.26,0.6433,139.26
SMP_04993,roboflow_sugarcane,train,YELLOW LEAF,2,4,640,640,67.85,30.48,0.2423,18.54,17.93,19.55,0.6761,186.26
SMP_04994,roboflow_sugarcane,train,YELLOW LEAF,2,4,640,640,46.79,39.51,0.17,25.18,-0.82,27.96,0.708,104.24
SMP_04995,roboflow_sugarcane,train,YELLOW LEAF,2,4,640,640,74.33,48.9,0.2289,21.68,0.18,36.3,0.7132,98.38
SMP_04996,roboflow_sugarcane,train,YELLOW LEAF,2,4,640,640,42.71,35.99,0.2474,20.42,20.79,19.59,0.7406,115.74
SMP_04997,roboflow_sugarcane,train,YELLOW LEAF,2,4,640,640,73.74,67.2,0.1538,34.53,5.69,25.36,0.673,129.57
SMP_04998,roboflow_sugarcane,train,YELLOW LEAF,2,4,640,640,71.09,64.92,0.1483,11.13,-7.19,31.09,0.6754,182.8
SMP_04999,roboflow_sugarcane,train,YELLOW LEAF,2,4,640,640,46.87,41.6,0.1464,11.49,-5.91,15.71,0.6645,157.89
SMP_05000,roboflow_sugarcane,train,YELLOW LEAF,2,4,640,640,68.79,69.41,0.1393,-0.1,18.63,18.23,0.7188,137.09
SMP_05001,roboflow_sugarcane,train,YELLOW LEAF,2,4,640,640,48.01,47.95,0.1462,11.37,8.79,29.21,0.6777,173.48
SMP_05002,roboflow_sugarcane,train,YELLOW LEAF,2,4,640,640,39.74,79.07,0.2462,14.68,-3.4,23.95,0.7345,136.34
SMP_05003,roboflow_sugarcane,train,YELLOW LEAF,2,4,640,640,59.88,49.74,0.2279,22.56,7.7,27.32,0.746,127.19
SMP_05004,roboflow_sugarcane,train,YELLOW LEAF,2,4,640,640,55.47,54.91,0.1152,27.68,-1.66,28.49,0.7382,145.78
SMP_05005,roboflow_sugarcane,train,YELLOW LEAF,2,4,640,640,94.09,64.8,0.1745,12.29,-10.36,15.97,0.6501,105.44
SMP_05006,roboflow_sugarcane,train,YELLOW LEAF,2,4,640,640,77.76,63.33,0.1421,18.86,2.24,36.45,0.5496,114.23
SMP_05007,roboflow_sugarcane,train,YELLOW LEAF,2,4,640,640,89.57,54.13,0.2431,31.17,4.93,25.37,0.6906,189.47
SMP_05008,roboflow_sugarcane,train,YELLOW LEAF,2,4,640,640,96.42,46.31,0.1775,18.5,-7.54,25.58,0.6949,156.47
SMP_05009,roboflow_sugarcane,train,YELLOW LEAF,2,4,640,640,36.89,54.17,0.1228,24.15,-5.06,24.85,0.542,161.5
SMP_05010,roboflow_sugarcane,train,YELLOW LEAF,2,4,640,640,42.48,38.21,0.2085,28.97,-3.01,29.32,0.7813,128.79
SMP_05011,roboflow_sugarcane,train,YELLOW LEAF,2,4,640,640,56.01,49.83,0.2303,12.56,3.37,30.53,0.7122,135.86
SMP_05012,roboflow_sugarcane,train,YELLOW LEAF,2,4,640,640,59.59,34.69,0.1523,10.93,6.03,8.46,0.7813,183.91
SMP_05013,roboflow_sugarcane,train,YELLOW LEAF,2,4,640,640,73.07,26.63,0.1868,32.97,-6.54,30.81,0.6902,114.44
SMP_05014,roboflow_sugarcane,train,YELLOW LEAF,2,4,640,640,61.42,48.61,0.1549,24.63,0.34,18.38,0.6978,148.52
SMP_05015,roboflow_sugarcane,train,YELLOW LEAF,2,4,640,640,79.69,63.15,0.2622,9.38,1.23,22.81,0.7065,173.49
SMP_05016,roboflow_sugarcane,train,YELLOW LEAF,2,4,640,640,46.0,59.11,0.1784,11.55,-8.9,19.53,0.6474,111.37
SMP_05017,roboflow_sugarcane,train,YELLOW LEAF,2,4,640,640,58.54,47.02,0.1639,18.4,6.8,22.65,0.5982,117.05
SMP_05018,roboflow_sugarcane,train,YELLOW LEAF,2,4,640,640,60.87,68.96,0.1974,31.15,9.77,23.83,0.5904,119.63
SMP_05019,roboflow_sugarcane,train,YELLOW LEAF,2,4,640,640,52.98,41.17,0.1896,27.85,7.5,24.62,0.8395,139.96
SMP_05020,roboflow_sugarcane,train,YELLOW LEAF,2,4,640,640,49.9,24.99,0.2344,28.54,-5.57,16.0,0.6662,136.57
SMP_05021,roboflow_sugarcane,train,YELLOW LEAF,2,4,640,640,94.26,21.81,0.2608,16.51,9.78,26.04,0.5971,121.97
SMP_05022,roboflow_sugarcane,train,YELLOW LEAF,2,4,640,640,56.77,33.83,0.2612,19.94,4.19,28.75,0.8048,147.57
SMP_05023,roboflow_sugarcane,train,YELLOW LEAF,2,4,640,640,64.08,57.8,0.1809,13.61,12.86,25.43,0.7712,130.06
SMP_05024,roboflow_sugarcane,train,YELLOW LEAF,2,4,640,640,39.35,40.38,0.2153,16.67,8.83,22.51,0.7584,131.67
SMP_05025,roboflow_sugarcane,train,YELLOW LEAF,2,4,640,640,82.8,53.53,0.2744,11.02,7.5,20.31,0.5345,175.38
SMP_05026,roboflow_sugarcane,train,YELLOW LEAF,2,4,640,640,61.46,67.76,0.2763,13.02,2.74,9.79,0.7723,145.62
SMP_05027,roboflow_sugarcane,train,YELLOW LEAF,2,4,640,640,85.05,34.8,0.1562,14.19,12.65,28.95,0.5771,157.88
SMP_05028,roboflow_sugarcane,train,YELLOW LEAF,2,4,640,640,47.35,53.74,0.2296,18.84,-4.15,27.55,0.6697,146.16
SMP_05029,roboflow_sugarcane,train,YELLOW LEAF,2,4,640,640,77.16,54.47,0.2212,23.37,-5.11,23.46,0.6672,121.74
SMP_05030,roboflow_sugarcane,train,YELLOW LEAF,2,4,640,640,78.97,37.67,0.2463,33.33,26.94,15.88,0.7173,140.71
SMP_05031,roboflow_sugarcane,train,YELLOW LEAF,2,4,640,640,55.75,64.25,0.2622,17.08,-10.54,24.76,0.6918,119.21
SMP_05032,roboflow_sugarcane,train,YELLOW LEAF,2,4,640,640,95.46,44.55,0.148,24.7,-4.53,22.52,0.6427,142.84
SMP_05033,roboflow_sugarcane,train,YELLOW LEAF,2,4,640,640,85.62,43.39,0.1655,18.57,11.43,34.0,0.7999,172.34
SMP_05034,roboflow_sugarcane,train,YELLOW LEAF,2,4,640,640,60.38,73.34,0.2454,27.7,-8.02,32.71,0.7996,104.34
SMP_05035,roboflow_sugarcane,train,YELLOW LEAF,2,4,640,640,47.9,54.27,0.2074,9.96,10.89,21.19,0.7049,122.19
SMP_05036,roboflow_sugarcane,train,YELLOW LEAF,2,4,640,640,55.98,59.1,0.0886,15.72,14.81,30.39,0.6709,164.85
SMP_05037,roboflow_sugarcane,train,YELLOW LEAF,2,4,640,640,56.41,64.26,0.1167,25.3,15.77,19.3,0.786,131.96
SMP_05038,roboflow_sugarcane,train,YELLOW LEAF,2,4,640,640,81.1,40.19,0.2331,24.65,5.53,33.61,0.754,112.26
SMP_05039,roboflow_sugarcane,train,YELLOW LEAF,2,4,640,640,40.88,63.0,0.242,24.8,-4.38,27.09,0.591,98.09
SMP_05040,roboflow_sugarcane,train,YELLOW LEAF,2,4,640,640,46.62,41.98,0.1325,31.27,-2.32,38.46,0.8359,128.71
SMP_05041,roboflow_sugarcane,train,YELLOW LEAF,2,4,640,640,71.04,41.46,0.255,6.13,15.12,21.78,0.6127,143.88
SMP_05042,roboflow_sugarcane,train,YELLOW LEAF,2,4,640,640,45.56,44.74,0.1901,9.96,-9.93,33.47,0.6483,163.86
SMP_05043,roboflow_sugarcane,train,YELLOW LEAF,2,4,640,640,33.06,40.54,0.1489,24.49,11.59,34.78,0.5761,172.27
SMP_05044,roboflow_sugarcane,train,YELLOW LEAF,2,4,640,640,74.49,57.87,0.172,26.51,-7.86,23.19,0.6435,131.63
SMP_05045,roboflow_sugarcane,train,YELLOW LEAF,2,4,640,640,70.43,51.21,0.1389,25.24,4.24,17.76,0.7625,154.57
SMP_05046,roboflow_sugarcane,train,YELLOW LEAF,2,4,640,640,79.07,42.11,0.1692,41.67,0.02,30.5,0.6821,150.67
SMP_05047,roboflow_sugarcane,train,YELLOW LEAF,2,4,640,640,40.68,56.09,0.1066,12.67,1.46,20.04,0.6952,140.46
SMP_05048,roboflow_sugarcane,train,YELLOW LEAF,2,4,640,640,91.37,44.7,0.1963,22.95,15.73,23.87,0.6233,186.45
SMP_05049,roboflow_sugarcane,train,YELLOW LEAF,2,4,640,640,58.53,44.06,0.2294,19.43,0.69,21.08,0.7293,46.4
SMP_05050,roboflow_sugarcane,train,YELLOW LEAF,2,4,640,640,76.16,48.58,0.1326,24.97,13.34,37.41,0.5456,83.73
SMP_05051,roboflow_sugarcane,train,YELLOW LEAF,2,4,640,640,89.64,53.56,0.2009,23.01,-0.76,26.28,0.6567,131.97
SMP_05052,roboflow_sugarcane,train,YELLOW LEAF,2,4,640,640,54.47,52.68,0.1598,15.86,7.1,28.06,0.6698,153.44
SMP_05053,roboflow_sugarcane,train,YELLOW LEAF,2,4,640,640,92.08,43.64,0.2334,23.1,3.98,25.98,0.657,197.3
SMP_05054,roboflow_sugarcane,train,YELLOW LEAF,2,4,640,640,82.54,58.17,0.0843,20.67,-5.98,21.38,0.6978,140.74
SMP_05055,roboflow_sugarcane,train,YELLOW LEAF,2,4,640,640,58.97,45.33,0.2356,21.03,-5.8,29.55,0.5737,153.65
SMP_05056,roboflow_sugarcane,train,YELLOW LEAF,2,4,640,640,31.85,40.14,0.1091,29.07,2.9,31.53,0.7428,140.04
SMP_05057,roboflow_sugarcane,train,YELLOW LEAF,2,4,640,640,71.47,30.38,0.1895,39.85,1.85,22.24,0.6045,167.78
SMP_05058,roboflow_sugarcane,train,YELLOW LEAF,2,4,640,640,40.33,59.8,0.1646,4.69,10.41,26.52,0.8139,119.36
SMP_05059,roboflow_sugarcane,train,YELLOW LEAF,2,4,640,640,74.31,48.15,0.182,30.31,-9.84,32.28,0.7062,139.36
SMP_05060,roboflow_sugarcane,train,YELLOW LEAF,2,4,640,640,78.97,50.53,0.1235,25.14,-1.63,18.93,0.7233,104.88
SMP_05061,roboflow_sugarcane,train,YELLOW LEAF,2,4,640,640,68.31,60.55,0.283,14.07,8.44,24.99,0.6329,123.49
SMP_05062,roboflow_sugarcane,train,YELLOW LEAF,2,4,640,640,66.57,42.27,0.1357,17.1,3.01,30.92,0.6463,109.04
SMP_05063,roboflow_sugarcane,train,YELLOW LEAF,2,4,640,640,38.41,31.51,0.1396,27.06,-6.64,19.87,0.7728,122.93
SMP_05064,roboflow_sugarcane,train,YELLOW LEAF,2,4,640,640,35.66,48.84,0.2897,20.4,7.88,26.76,0.5805,133.67
SMP_05065,roboflow_sugarcane,train,YELLOW LEAF,2,4,640,640,57.54,51.7,0.2161,19.61,11.79,22.77,0.6795,149.08
SMP_05066,roboflow_sugarcane,train,YELLOW LEAF,2,4,640,640,76.43,44.85,0.1373,14.51,-2.98,21.73,0.6811,200.68
SMP_05067,roboflow_sugarcane,train,YELLOW LEAF,2,4,640,640,59.41,65.68,0.1936,13.93,12.73,21.8,0.7119,172.13
SMP_05068,roboflow_sugarcane,train,YELLOW LEAF,2,4,640,640,62.23,18.17,0.1882,12.27,0.23,17.94,0.6965,155.6
SMP_05069,roboflow_sugarcane,train,YELLOW LEAF,2,4,640,640,60.74,61.44,0.1156,15.92,2.15,12.64,0.7124,83.46
SMP_05070,roboflow_sugarcane,train,YELLOW LEAF,2,4,640,640,72.05,57.49,0.1621,18.97,0.74,20.24,0.6407,112.27
SMP_05071,roboflow_sugarcane,train,YELLOW LEAF,2,4,640,640,40.12,53.48,0.1987,22.84,13.11,28.45,0.8582,142.91
SMP_05072,roboflow_sugarcane,train,YELLOW LEAF,2,4,640,640,106.8,7.97,0.2633,13.42,3.7,20.1,0.6808,178.68
SMP_05073,roboflow_sugarcane,train,YELLOW LEAF,2,4,640,640,75.97,63.41,0.1906,26.04,11.18,23.28,0.7529,134.8
SMP_05074,roboflow_sugarcane,train,YELLOW LEAF,2,4,640,640,72.56,35.68,0.1943,12.74,1.12,17.72,0.7531,155.88
SMP_05075,roboflow_sugarcane,train,YELLOW LEAF,2,4,640,640,59.7,41.91,0.1592,26.15,7.87,26.82,0.4952,102.17
SMP_05076,roboflow_sugarcane,train,YELLOW LEAF,2,4,640,640,74.25,45.95,0.2548,13.07,-3.7,36.41,0.5705,114.95
SMP_05077,roboflow_sugarcane,train,YELLOW LEAF,2,4,640,640,90.7,52.89,0.2451,36.14,13.01,29.37,0.6226,133.94
SMP_05078,roboflow_sugarcane,train,YELLOW LEAF,2,4,640,640,41.3,55.67,0.2395,25.19,2.55,24.43,0.6445,79.9
SMP_05079,roboflow_sugarcane,train,YELLOW LEAF,2,4,640,640,64.07,58.71,0.2056,26.73,14.99,28.45,0.6991,159.34
SMP_05080,roboflow_sugarcane,train,YELLOW LEAF,2,4,640,640,69.56,57.79,0.1201,18.62,4.58,33.07,0.7006,169.82
SMP_05081,roboflow_sugarcane,train,YELLOW LEAF,2,4,640,640,60.2,51.04,0.2543,24.86,5.77,32.0,0.6247,162.85
SMP_05082,roboflow_sugarcane,train,YELLOW LEAF,2,4,640,640,69.92,52.99,0.2029,9.98,23.29,32.75,0.5378,92.42
SMP_05083,roboflow_sugarcane,train,YELLOW LEAF,2,4,640,640,55.87,34.91,0.1846,12.19,10.96,27.44,0.7936,137.44
SMP_05084,roboflow_sugarcane,train,YELLOW LEAF,2,4,640,640,92.48,38.99,0.2224,17.54,6.56,36.7,0.7417,116.17
SMP_05085,roboflow_sugarcane,train,YELLOW LEAF,2,4,640,640,77.03,58.75,0.2112,32.14,-4.75,23.87,0.7264,122.19
SMP_05086,roboflow_sugarcane,train,YELLOW LEAF,2,4,640,640,82.98,58.05,0.1465,28.05,-1.04,34.67,0.7141,60.91
SMP_05087,roboflow_sugarcane,valid,HEALTHY,0,0,640,640,38.41,77.53,0.1248,41.75,-25.67,15.98,0.8765,161.67
SMP_05088,roboflow_sugarcane,valid,HEALTHY,0,0,640,640,35.61,75.42,0.1034,42.98,-11.4,13.42,0.8627,176.55
SMP_05089,roboflow_sugarcane,valid,HEALTHY,0,0,640,640,37.53,71.43,0.1107,45.01,-17.32,11.7,0.9181,66.55
SMP_05090,roboflow_sugarcane,valid,HEALTHY,0,0,640,640,49.32,65.9,0.1321,43.42,-12.95,10.09,0.9173,106.36
SMP_05091,roboflow_sugarcane,valid,HEALTHY,0,0,640,640,50.3,71.47,0.0877,44.28,-15.23,11.22,0.8865,151.62
SMP_05092,roboflow_sugarcane,valid,HEALTHY,0,0,640,640,50.58,68.04,0.0931,48.67,-3.86,8.08,0.9253,136.99
SMP_05093,roboflow_sugarcane,valid,HEALTHY,0,0,640,640,36.01,83.52,0.1202,32.1,-13.26,11.51,0.8633,139.74
SMP_05094,roboflow_sugarcane,valid,HEALTHY,0,0,640,640,45.94,74.42,0.139,46.2,-12.66,18.01,0.8953,124.37
SMP_05095,roboflow_sugarcane,valid,HEALTHY,0,0,640,640,30.73,73.27,0.1461,35.73,-10.69,12.82,0.9175,158.4
SMP_05096,roboflow_sugarcane,valid,HEALTHY,0,0,640,640,36.25,79.45,0.1157,38.15,-20.96,13.54,0.8981,102.54
SMP_05097,roboflow_sugarcane,valid,HEALTHY,0,0,640,640,32.36,69.39,0.1412,42.73,-10.67,7.85,0.9297,162.33
SMP_05098,roboflow_sugarcane,valid,HEALTHY,0,0,640,640,44.22,71.17,0.1214,44.47,-15.86,16.01,0.8958,140.65
SMP_05099,roboflow_sugarcane,valid,HEALTHY,0,0,640,640,41.18,75.34,0.0894,45.17,-17.77,16.3,0.8747,137.59
SMP_05100,roboflow_sugarcane,valid,HEALTHY,0,0,640,640,40.22,80.14,0.1198,36.33,-11.72,13.04,0.8465,192.36
SMP_05101,roboflow_sugarcane,valid,HEALTHY,0,0,640,640,53.21,77.51,0.1076,51.79,-20.95,14.04,0.8666,143.21
SMP_05102,roboflow_sugarcane,valid,HEALTHY,0,0,640,640,49.74,76.24,0.1384,39.49,-11.24,10.83,0.9058,141.47
SMP_05103,roboflow_sugarcane,valid,HEALTHY,0,0,640,640,51.18,75.39,0.1195,37.68,-15.63,11.81,0.9104,126.18
SMP_05104,roboflow_sugarcane,valid,HEALTHY,0,0,640,640,46.72,77.0,0.0944,34.37,-15.4,19.23,0.8195,128.9
SMP_05105,roboflow_sugarcane,valid,HEALTHY,0,0,640,640,38.42,76.01,0.09,33.78,-23.98,11.33,0.8634,187.08
SMP_05106,roboflow_sugarcane,valid,HEALTHY,0,0,640,640,40.54,69.85,0.1196,33.6,-11.4,17.08,0.8939,181.37
SMP_05107,roboflow_sugarcane,valid,HEALTHY,0,0,640,640,32.29,75.23,0.0716,43.89,-14.01,17.63,0.8857,135.2
SMP_05108,roboflow_sugarcane,valid,HEALTHY,0,0,640,640,44.44,69.63,0.1096,45.63,-16.87,13.61,0.8569,204.84
SMP_05109,roboflow_sugarcane,valid,HEALTHY,0,0,640,640,32.13,75.41,0.1246,36.81,-18.71,12.2,0.9254,124.84
SMP_05110,roboflow_sugarcane,valid,HEALTHY,0,0,640,640,31.3,72.6,0.0989,35.15,-11.87,9.19,0.9069,156.17
SMP_05111,roboflow_sugarcane,valid,HEALTHY,0,0,640,640,42.26,87.7,0.1399,40.73,-13.61,13.85,0.9458,152.42
SMP_05112,roboflow_sugarcane,valid,HEALTHY,0,0,640,640,36.77,74.8,0.1438,42.58,-14.98,12.54,0.8695,120.43
SMP_05113,roboflow_sugarcane,valid,HEALTHY,0,0,640,640,27.18,67.98,0.0997,43.58,-18.95,12.23,0.833,152.48
SMP_05114,roboflow_sugarcane,valid,HEALTHY,0,0,640,640,39.36,74.33,0.114,36.21,-13.79,11.31,0.8843,118.02
SMP_05115,roboflow_sugarcane,valid,HEALTHY,0,0,640,640,39.79,77.6,0.1399,41.0,-14.03,13.25,0.9404,178.88
SMP_05116,roboflow_sugarcane,valid,HEALTHY,0,0,640,640,42.83,83.37,0.12,51.4,-9.74,13.67,0.8857,148.78
SMP_05117,roboflow_sugarcane,valid,HEALTHY,0,0,640,640,38.55,72.05,0.0921,34.83,-19.79,12.42,0.8981,136.08
SMP_05118,roboflow_sugarcane,valid,HEALTHY,0,0,640,640,37.73,67.09,0.1171,41.83,-17.86,15.44,0.8945,134.46
SMP_05119,roboflow_sugarcane,valid,HEALTHY,0,0,640,640,46.53,79.08,0.1029,45.0,-7.23,12.45,0.8407,153.15
SMP_05120,roboflow_sugarcane,valid,HEALTHY,0,0,640,640,31.58,68.1,0.1422,36.19,-14.23,12.12,0.8514,76.71
SMP_05121,roboflow_sugarcane,valid,HEALTHY,0,0,640,640,46.0,72.82,0.1321,45.67,-13.99,9.69,0.8631,163.01
SMP_05122,roboflow_sugarcane,valid,HEALTHY,0,0,640,640,39.36,73.71,0.1137,33.96,-11.14,11.98,0.8718,131.96
SMP_05123,roboflow_sugarcane,valid,HEALTHY,0,0,640,640,63.35,74.65,0.1228,45.81,-7.75,12.34,0.9096,112.23
SMP_05124,roboflow_sugarcane,valid,HEALTHY,0,0,640,640,39.71,78.45,0.0938,42.26,-19.65,6.36,0.857,121.06
SMP_05125,roboflow_sugarcane,valid,HEALTHY,0,0,640,640,35.4,71.58,0.1049,33.48,-6.27,13.78,0.8065,150.57
SMP_05126,roboflow_sugarcane,valid,HEALTHY,0,0,640,640,47.76,73.63,0.1511,46.13,-15.17,14.79,0.854,120.28
SMP_05127,roboflow_sugarcane,valid,HEALTHY,0,0,640,640,35.37,74.93,0.1211,36.62,-13.94,18.0,0.8663,129.28
SMP_05128,roboflow_sugarcane,valid,HEALTHY,0,0,640,640,38.43,75.75,0.1386,41.08,-14.76,10.18,0.9203,192.59
SMP_05129,roboflow_sugarcane,valid,HEALTHY,0,0,640,640,33.72,75.49,0.1246,45.78,-9.01,12.23,0.8555,114.99
SMP_05130,roboflow_sugarcane,valid,HEALTHY,0,0,640,640,36.06,77.18,0.1463,36.21,-11.17,13.63,0.7806,91.68
SMP_05131,roboflow_sugarcane,valid,HEALTHY,0,0,640,640,35.01,79.22,0.08,38.83,-15.58,12.36,0.8514,128.26
SMP_05132,roboflow_sugarcane,valid,HEALTHY,0,0,640,640,45.48,76.96,0.1162,48.76,-19.51,10.63,0.8804,114.88
SMP_05133,roboflow_sugarcane,valid,HEALTHY,0,0,640,640,47.76,77.27,0.1529,29.58,-15.97,8.83,0.8097,175.73
SMP_05134,roboflow_sugarcane,valid,HEALTHY,0,0,640,640,47.68,67.09,0.1391,50.51,-20.35,12.68,0.8975,116.36
SMP_05135,roboflow_sugarcane,valid,HEALTHY,0,0,640,640,40.6,75.25,0.1465,33.21,-11.44,15.58,0.8936,104.34
SMP_05136,roboflow_sugarcane,valid,HEALTHY,0,0,640,640,35.77,77.4,0.1199,37.8,-17.71,12.51,0.8805,169.95
SMP_05137,roboflow_sugarcane,valid,HEALTHY,0,0,640,640,33.29,78.64,0.1093,43.69,-15.41,12.35,0.895,125.87
SMP_05138,roboflow_sugarcane,valid,HEALTHY,0,0,640,640,21.51,71.54,0.0995,45.62,-10.31,13.46,0.866,183.4
SMP_05139,roboflow_sugarcane,valid,HEALTHY,0,0,640,640,45.62,71.7,0.0981,43.79,-11.77,14.39,0.8601,124.73
SMP_05140,roboflow_sugarcane,valid,HEALTHY,0,0,640,640,34.7,72.13,0.1361,42.28,-13.47,13.32,0.8612,85.26
SMP_05141,roboflow_sugarcane,valid,HEALTHY,0,0,640,640,42.33,77.68,0.1303,39.38,-18.18,9.41,0.8703,104.96
SMP_05142,roboflow_sugarcane,valid,HEALTHY,0,0,640,640,42.58,80.17,0.1187,51.37,-13.06,13.65,0.9404,63.9
SMP_05143,roboflow_sugarcane,valid,HEALTHY,0,0,640,640,30.24,72.96,0.1302,46.64,-18.18,10.93,0.8573,58.96
SMP_05144,roboflow_sugarcane,valid,HEALTHY,0,0,640,640,37.91,79.54,0.1228,49.05,-13.02,10.7,0.9029,140.3
SMP_05145,roboflow_sugarcane,valid,HEALTHY,0,0,640,640,50.39,75.62,0.1392,39.47,-20.23,9.8,0.8508,161.0
SMP_05146,roboflow_sugarcane,valid,HEALTHY,0,0,640,640,40.6,74.38,0.1391,28.03,-10.17,12.28,0.8793,175.74
SMP_05147,roboflow_sugarcane,valid,HEALTHY,0,0,640,640,45.24,73.94,0.0987,48.12,-14.2,11.16,0.8778,146.54
SMP_05148,roboflow_sugarcane,valid,HEALTHY,0,0,640,640,42.5,78.73,0.1255,44.14,-15.05,11.77,0.7781,169.01
SMP_05149,roboflow_sugarcane,valid,HEALTHY,0,0,640,640,42.96,76.63,0.0866,43.1,-13.44,10.01,0.8835,124.93
SMP_05150,roboflow_sugarcane,valid,HEALTHY,0,0,640,640,35.54,86.38,0.1227,38.6,-15.46,14.74,0.8587,155.68
SMP_05151,roboflow_sugarcane,valid,HEALTHY,0,0,640,640,36.31,70.74,0.1321,39.91,-14.73,11.52,0.8277,83.16
SMP_05152,roboflow_sugarcane,valid,HEALTHY,0,0,640,640,40.42,77.59,0.0937,38.41,-9.83,10.68,0.8867,127.15
SMP_05153,roboflow_sugarcane,valid,HEALTHY,0,0,640,640,43.7,72.35,0.1117,42.27,-10.77,8.28,0.912,176.18
SMP_05154,roboflow_sugarcane,valid,HEALTHY,0,0,640,640,49.65,70.65,0.1202,35.19,-12.15,16.71,0.8804,124.12
SMP_05155,roboflow_sugarcane,valid,HEALTHY,0,0,640,640,45.08,74.95,0.1247,46.58,-13.99,8.61,0.911,134.22
SMP_05156,roboflow_sugarcane,valid,HEALTHY,0,0,640,640,51.12,75.69,0.1144,54.22,-16.27,13.22,0.9442,178.12
SMP_05157,roboflow_sugarcane,valid,HEALTHY,0,0,640,640,35.54,89.59,0.0966,38.41,-10.71,14.15,0.8785,151.33
SMP_05158,roboflow_sugarcane,valid,HEALTHY,0,0,640,640,43.53,74.08,0.1189,32.44,-18.64,11.53,0.8868,95.37
SMP_05159,roboflow_sugarcane,valid,HEALTHY,0,0,640,640,54.33,69.35,0.087,41.39,-7.86,13.55,0.8896,172.31
SMP_05160,roboflow_sugarcane,valid,HEALTHY,0,0,640,640,41.52,76.37,0.1153,43.89,-12.15,13.74,0.9051,177.69
SMP_05161,roboflow_sugarcane,valid,HEALTHY,0,0,640,640,38.45,64.63,0.1112,44.72,-10.27,14.6,0.8584,110.87
SMP_05162,roboflow_sugarcane,valid,HEALTHY,0,0,640,640,21.47,74.54,0.1173,51.62,-13.13,14.01,0.9116,179.72
SMP_05163,roboflow_sugarcane,valid,HEALTHY,0,0,640,640,27.04,75.08,0.1088,46.89,-15.49,11.72,0.912,147.17
SMP_05164,roboflow_sugarcane,valid,HEALTHY,0,0,640,640,48.86,78.97,0.0898,31.13,-11.21,11.5,0.8902,143.31
SMP_05165,roboflow_sugarcane,valid,HEALTHY,0,0,640,640,25.98,79.87,0.1127,34.58,-20.63,17.62,0.9247,94.18
SMP_05166,roboflow_sugarcane,valid,HEALTHY,0,0,640,640,47.9,72.48,0.1386,44.43,-17.35,15.23,0.9119,168.07
SMP_05167,roboflow_sugarcane,valid,HEALTHY,0,0,640,640,41.03,74.25,0.1452,39.28,-15.76,10.76,0.8475,159.37
SMP_05168,roboflow_sugarcane,valid,HEALTHY,0,0,640,640,68.42,71.17,0.1688,51.09,-20.52,13.33,0.881,165.13
SMP_05169,roboflow_sugarcane,valid,HEALTHY,0,0,640,640,45.46,69.36,0.1538,36.38,-12.45,13.49,0.905,159.09
SMP_05170,roboflow_sugarcane,valid,HEALTHY,0,0,640,640,47.61,76.55,0.0961,47.76,-9.94,12.45,0.912,146.43
SMP_05171,roboflow_sugarcane,valid,HEALTHY,0,0,640,640,34.71,68.63,0.1118,38.1,-21.84,16.89,0.8032,123.7
SMP_05172,roboflow_sugarcane,valid,HEALTHY,0,0,640,640,51.08,72.93,0.1195,43.57,-16.66,12.24,0.8768,174.8
SMP_05173,roboflow_sugarcane,valid,HEALTHY,0,0,640,640,43.3,70.02,0.1183,37.03,-15.68,12.29,0.9172,81.75
SMP_05174,roboflow_sugarcane,valid,HEALTHY,0,0,640,640,43.49,77.75,0.1214,45.35,-13.71,14.56,0.911,180.8
SMP_05175,roboflow_sugarcane,valid,HEALTHY,0,0,640,640,35.39,84.01,0.1682,48.44,-11.58,10.14,0.8343,146.53
SMP_05176,roboflow_sugarcane,valid,HEALTHY,0,0,640,640,41.13,68.49,0.0984,43.52,-16.12,11.18,0.8523,105.04
SMP_05177,roboflow_sugarcane,valid,HEALTHY,0,0,640,640,37.22,65.73,0.1057,53.45,-11.24,16.17,0.8924,117.9
SMP_05178,roboflow_sugarcane,valid,HEALTHY,0,0,640,640,41.18,74.38,0.1529,37.68,-14.65,12.43,0.8766,127.66
SMP_05179,roboflow_sugarcane,valid,HEALTHY,0,0,640,640,33.17,75.08,0.1077,42.59,-17.41,10.49,0.8731,184.95
SMP_05180,roboflow_sugarcane,valid,HEALTHY,0,0,640,640,34.92,76.09,0.1279,47.08,-14.08,12.94,0.8812,134.43
SMP_05181,roboflow_sugarcane,valid,HEALTHY,0,0,640,640,35.25,72.77,0.1407,36.3,-20.05,12.86,0.8728,159.83
SMP_05182,roboflow_sugarcane,valid,MOSAIC,2,3,640,640,46.41,46.7,0.1913,21.88,14.94,24.99,0.6454,185.28
SMP_05183,roboflow_sugarcane,valid,MOSAIC,2,3,640,640,37.82,55.18,0.1946,23.2,8.43,26.35,0.6683,155.68
SMP_05184,roboflow_sugarcane,valid,MOSAIC,2,3,640,640,29.52,43.12,0.1591,17.32,0.93,15.09,0.6674,123.63
SMP_05185,roboflow_sugarcane,valid,MOSAIC,2,3,640,640,23.73,55.29,0.1892,21.07,-4.48,29.45,0.721,134.85
SMP_05186,roboflow_sugarcane,valid,MOSAIC,2,3,640,640,24.97,61.98,0.1729,24.86,7.47,14.89,0.7248,110.04
SMP_05187,roboflow_sugarcane,valid,MOSAIC,2,3,640,640,40.97,50.88,0.2565,11.34,11.08,27.01,0.6366,131.33
SMP_05188,roboflow_sugarcane,valid,MOSAIC,2,3,640,640,30.19,47.66,0.1158,21.47,4.29,22.64,0.7233,103.81
SMP_05189,roboflow_sugarcane,valid,MOSAIC,2,3,640,640,40.49,57.95,0.2445,37.72,-0.06,21.83,0.628,109.48
SMP_05190,roboflow_sugarcane,valid,MOSAIC,2,3,640,640,39.78,37.73,0.1128,13.39,16.26,21.74,0.7888,155.16
SMP_05191,roboflow_sugarcane,valid,MOSAIC,2,3,640,640,36.44,36.54,0.2269,28.24,1.47,34.3,0.6013,116.64
SMP_05192,roboflow_sugarcane,valid,MOSAIC,2,3,640,640,39.26,44.8,0.1581,19.23,-4.22,31.61,0.7208,140.78
SMP_05193,roboflow_sugarcane,valid,MOSAIC,2,3,640,640,55.79,42.1,0.2283,29.46,4.48,31.02,0.692,104.31
SMP_05194,roboflow_sugarcane,valid,MOSAIC,2,3,640,640,37.79,38.36,0.1939,14.21,5.62,25.6,0.7337,177.39
SMP_05195,roboflow_sugarcane,valid,MOSAIC,2,3,640,640,32.44,69.97,0.1284,20.05,-0.88,20.37,0.6539,144.2
SMP_05196,roboflow_sugarcane,valid,MOSAIC,2,3,640,640,42.77,74.06,0.2679,37.69,4.27,22.44,0.7881,179.86
SMP_05197,roboflow_sugarcane,valid,MOSAIC,2,3,640,640,36.29,43.76,0.2388,18.61,-8.56,21.88,0.6562,135.64
SMP_05198,roboflow_sugarcane,valid,MOSAIC,2,3,640,640,43.4,49.1,0.2252,25.07,8.39,27.96,0.7531,114.31
SMP_05199,roboflow_sugarcane,valid,MOSAIC,2,3,640,640,42.98,45.75,0.168,24.76,-3.4,27.89,0.5266,121.99
SMP_05200,roboflow_sugarcane,valid,MOSAIC,2,3,640,640,36.95,61.29,0.2406,3.77,1.95,26.07,0.6686,133.57
SMP_05201,roboflow_sugarcane,valid,MOSAIC,2,3,640,640,42.32,63.67,0.1358,23.57,-0.41,31.65,0.7688,150.15
SMP_05202,roboflow_sugarcane,valid,MOSAIC,2,3,640,640,29.99,26.67,0.0886,10.1,16.21,24.36,0.6967,129.27
SMP_05203,roboflow_sugarcane,valid,MOSAIC,2,3,640,640,36.41,53.71,0.1219,25.06,2.57,28.86,0.8708,147.67
SMP_05204,roboflow_sugarcane,valid,MOSAIC,2,3,640,640,32.64,32.32,0.1539,20.94,-1.75,18.44,0.8231,120.68
SMP_05205,roboflow_sugarcane,valid,MOSAIC,2,3,640,640,45.57,69.1,0.1623,11.08,21.72,37.63,0.5834,129.56
SMP_05206,roboflow_sugarcane,valid,MOSAIC,2,3,640,640,51.92,53.28,0.1783,10.48,19.36,31.85,0.8984,184.22
SMP_05207,roboflow_sugarcane,valid,MOSAIC,2,3,640,640,39.5,38.12,0.1805,19.42,11.69,21.27,0.7406,125.29
SMP_05208,roboflow_sugarcane,valid,MOSAIC,2,3,640,640,41.75,45.1,0.1675,39.85,9.5,31.36,0.7159,108.91
SMP_05209,roboflow_sugarcane,valid,MOSAIC,2,3,640,640,47.25,44.53,0.0942,32.99,-1.92,31.07,0.5741,163.79
SMP_05210,roboflow_sugarcane,valid,MOSAIC,2,3,640,640,39.56,54.3,0.2096,22.88,13.7,15.91,0.7519,59.49
SMP_05211,roboflow_sugarcane,valid,MOSAIC,2,3,640,640,33.21,60.5,0.1868,24.12,7.92,32.1,0.7597,189.03
SMP_05212,roboflow_sugarcane,valid,MOSAIC,2,3,640,640,29.4,34.22,0.1652,24.81,-0.09,19.66,0.6508,135.74
SMP_05213,roboflow_sugarcane,valid,MOSAIC,2,3,640,640,35.39,70.07,0.2699,15.72,6.13,29.65,0.7865,143.48
SMP_05214,roboflow_sugarcane,valid,MOSAIC,2,3,640,640,42.69,67.27,0.1879,14.46,1.29,36.64,0.5878,116.8
SMP_05215,roboflow_sugarcane,valid,MOSAIC,2,3,640,640,48.12,37.5,0.2029,26.81,-7.18,28.17,0.6831,160.63
SMP_05216,roboflow_sugarcane,valid,MOSAIC,2,3,640,640,30.93,48.87,0.2398,15.19,15.92,44.35,0.7821,119.47
SMP_05217,roboflow_sugarcane,valid,MOSAIC,2,3,640,640,39.63,68.53,0.1255,31.52,-9.51,30.88,0.6334,149.2
SMP_05218,roboflow_sugarcane,valid,MOSAIC,2,3,640,640,42.49,62.8,0.1989,9.17,22.25,25.33,0.6552,166.91
SMP_05219,roboflow_sugarcane,valid,MOSAIC,2,3,640,640,38.37,43.96,0.2396,12.79,3.29,25.07,0.6399,171.78
SMP_05220,roboflow_sugarcane,valid,MOSAIC,2,3,640,640,33.34,57.77,0.1954,31.33,8.62,28.39,0.6555,155.75
SMP_05221,roboflow_sugarcane,valid,MOSAIC,2,3,640,640,40.78,83.97,0.1348,17.71,9.27,25.74,0.6733,132.06
SMP_05222,roboflow_sugarcane,valid,MOSAIC,2,3,640,640,29.11,49.26,0.1759,19.02,-2.92,15.75,0.6553,212.57
SMP_05223,roboflow_sugarcane,valid,MOSAIC,2,3,640,640,26.01,40.41,0.2094,25.16,3.32,23.74,0.859,121.64
SMP_05224,roboflow_sugarcane,valid,MOSAIC,2,3,640,640,38.76,50.07,0.0947,29.27,4.19,21.18,0.6393,144.59
SMP_05225,roboflow_sugarcane,valid,MOSAIC,2,3,640,640,29.09,50.96,0.1324,24.88,0.17,30.89,0.6645,88.57
SMP_05226,roboflow_sugarcane,valid,MOSAIC,2,3,640,640,33.86,41.71,0.2987,22.3,13.3,21.57,0.6175,130.63
SMP_05227,roboflow_sugarcane,valid,MOSAIC,2,3,640,640,41.6,53.3,0.2242,26.41,-4.68,28.55,0.5879,128.99
SMP_05228,roboflow_sugarcane,valid,MOSAIC,2,3,640,640,38.02,32.95,0.2742,23.27,6.59,26.73,0.7136,132.88
SMP_05229,roboflow_sugarcane,valid,MOSAIC,2,3,640,640,38.91,40.01,0.2433,28.68,-8.68,24.16,0.7886,124.33
SMP_05230,roboflow_sugarcane,valid,MOSAIC,2,3,640,640,29.18,57.1,0.2197,42.86,6.91,22.13,0.8191,145.45
SMP_05231,roboflow_sugarcane,valid,MOSAIC,2,3,640,640,45.03,26.94,0.1845,24.04,6.36,26.53,0.7314,179.33
SMP_05232,roboflow_sugarcane,valid,MOSAIC,2,3,640,640,36.57,58.84,0.2191,13.12,20.26,26.42,0.6813,84.51
SMP_05233,roboflow_sugarcane,valid,MOSAIC,2,3,640,640,40.75,23.86,0.2725,28.31,0.08,21.4,0.7784,198.49
SMP_05234,roboflow_sugarcane,valid,MOSAIC,2,3,640,640,38.28,27.22,0.2413,18.83,3.64,24.45,0.6739,154.58
SMP_05235,roboflow_sugarcane,valid,MOSAIC,2,3,640,640,48.24,42.01,0.2083,22.7,3.08,24.26,0.7723,148.49
SMP_05236,roboflow_sugarcane,valid,MOSAIC,2,3,640,640,35.82,51.44,0.1914,22.93,18.45,28.91,0.636,116.19
SMP_05237,roboflow_sugarcane,valid,MOSAIC,2,3,640,640,38.45,63.9,0.2249,15.35,0.39,26.15,0.7967,160.0
SMP_05238,roboflow_sugarcane,valid,MOSAIC,2,3,640,640,38.78,48.69,0.1734,17.03,6.8,27.33,0.6711,131.99
SMP_05239,roboflow_sugarcane,valid,MOSAIC,2,3,640,640,38.5,45.04,0.2249,1.53,2.65,26.57,0.7745,170.92
SMP_05240,roboflow_sugarcane,valid,MOSAIC,2,3,640,640,39.69,54.95,0.1651,19.19,3.79,23.79,0.8047,175.33
SMP_05241,roboflow_sugarcane,valid,MOSAIC,2,3,640,640,31.83,37.55,0.1823,24.49,5.09,22.85,0.6957,130.19
SMP_05242,roboflow_sugarcane,valid,MOSAIC,2,3,640,640,43.15,49.67,0.1486,20.12,13.78,33.58,0.6833,115.14
SMP_05243,roboflow_sugarcane,valid,MOSAIC,2,3,640,640,39.87,33.61,0.178,16.32,16.63,21.23,0.7763,116.22
SMP_05244,roboflow_sugarcane,valid,MOSAIC,2,3,640,640,47.3,48.99,0.1658,23.02,-6.1,36.03,0.7331,134.82
SMP_05245,roboflow_sugarcane,valid,MOSAIC,2,3,640,640,33.73,46.44,0.2846,12.46,11.25,36.19,0.773,165.83
SMP_05246,roboflow_sugarcane,valid,MOSAIC,2,3,640,640,38.88,38.35,0.1553,11.54,15.04,22.02,0.7383,137.53
SMP_05247,roboflow_sugarcane,valid,MOSAIC,2,3,640,640,42.75,49.98,0.2192,24.21,7.72,29.45,0.7061,90.52
SMP_05248,roboflow_sugarcane,valid,MOSAIC,2,3,640,640,31.43,49.9,0.1527,24.65,14.47,29.34,0.7389,93.42
SMP_05249,roboflow_sugarcane,valid,MOSAIC,2,3,640,640,43.0,62.11,0.2023,24.09,-4.99,30.52,0.6939,139.86
SMP_05250,roboflow_sugarcane,valid,MOSAIC,2,3,640,640,36.17,28.73,0.2145,17.6,9.06,28.57,0.606,158.53
SMP_05251,roboflow_sugarcane,valid,MOSAIC,2,3,640,640,41.84,47.09,0.1074,28.75,14.99,20.2,0.7114,121.4
SMP_05252,roboflow_sugarcane,valid,MOSAIC,2,3,640,640,35.96,38.88,0.1301,11.01,-0.04,34.78,0.6476,99.04
SMP_05253,roboflow_sugarcane,valid,MOSAIC,2,3,640,640,35.72,58.44,0.1523,17.62,-5.3,36.09,0.6244,168.63
SMP_05254,roboflow_sugarcane,valid,MOSAIC,2,3,640,640,34.01,57.05,0.1348,25.98,14.13,22.81,0.6611,76.79
SMP_05255,roboflow_sugarcane,valid,MOSAIC,2,3,640,640,43.72,54.09,0.2042,26.88,1.62,21.56,0.5984,173.96
SMP_05256,roboflow_sugarcane,valid,MOSAIC,2,3,640,640,40.54,39.55,0.2121,13.82,0.37,13.84,0.4629,177.79
SMP_05257,roboflow_sugarcane,valid,MOSAIC,2,3,640,640,30.52,58.63,0.1468,37.14,-10.04,28.91,0.7297,176.07
SMP_05258,roboflow_sugarcane,valid,MOSAIC,2,3,640,640,39.64,29.64,0.2062,18.96,0.89,24.55,0.6402,158.29
SMP_05259,roboflow_sugarcane,valid,MOSAIC,2,3,640,640,32.94,27.18,0.1788,20.7,-0.59,18.95,0.6999,159.18
SMP_05260,roboflow_sugarcane,valid,MOSAIC,2,3,640,640,43.56,32.69,0.195,27.82,-9.42,26.98,0.669,167.67
SMP_05261,roboflow_sugarcane,valid,MOSAIC,2,3,640,640,40.36,47.6,0.1686,32.42,0.32,21.02,0.7513,158.3
SMP_05262,roboflow_sugarcane,valid,MOSAIC,2,3,640,640,40.64,56.1,0.2244,20.49,14.48,28.66,0.6473,105.99
SMP_05263,roboflow_sugarcane,valid,MOSAIC,2,3,640,640,36.12,12.29,0.2817,29.39,7.74,21.87,0.5917,142.03
SMP_05264,roboflow_sugarcane,valid,MOSAIC,2,3,640,640,43.08,63.87,0.2387,16.35,-8.1,21.16,0.7396,117.02
SMP_05265,roboflow_sugarcane,valid,MOSAIC,2,3,640,640,28.08,49.57,0.2697,33.35,8.12,26.54,0.5137,162.47
SMP_05266,roboflow_sugarcane,valid,RED ROT,2,2,640,640,52.97,29.19,0.1299,20.31,10.81,23.78,0.6955,136.07
SMP_05267,roboflow_sugarcane,valid,RED ROT,2,2,640,640,45.91,49.21,0.1662,22.52,5.83,17.31,0.6947,106.43
SMP_05268,roboflow_sugarcane,valid,RED ROT,2,2,640,640,41.85,61.11,0.2283,17.23,4.72,33.03,0.7253,178.28
SMP_05269,roboflow_sugarcane,valid,RED ROT,2,2,640,640,79.62,55.19,0.2754,21.73,-1.34,23.72,0.8486,206.86
SMP_05270,roboflow_sugarcane,valid,RED ROT,2,2,640,640,78.51,61.19,0.2325,14.16,8.35,31.16,0.6534,116.86
SMP_05271,roboflow_sugarcane,valid,RED ROT,2,2,640,640,55.44,31.61,0.1487,19.5,9.68,27.7,0.7129,112.67
SMP_05272,roboflow_sugarcane,valid,RED ROT,2,2,640,640,29.41,43.03,0.1783,20.14,7.24,14.7,0.7251,103.31
SMP_05273,roboflow_sugarcane,valid,RED ROT,2,2,640,640,33.72,36.9,0.2167,11.55,18.96,29.13,0.6865,87.75
SMP_05274,roboflow_sugarcane,valid,RED ROT,2,2,640,640,33.51,68.61,0.1918,15.43,3.36,23.69,0.6223,153.69
SMP_05275,roboflow_sugarcane,valid,RED ROT,2,2,640,640,41.25,55.67,0.1601,3.2,-5.43,24.63,0.5719,150.04
SMP_05276,roboflow_sugarcane,valid,RED ROT,2,2,640,640,43.67,82.16,0.1855,10.07,18.39,39.19,0.6316,114.89
SMP_05277,roboflow_sugarcane,valid,RED ROT,2,2,640,640,46.05,42.39,0.1993,19.89,-10.12,28.87,0.5832,151.4
SMP_05278,roboflow_sugarcane,valid,RED ROT,2,2,640,640,62.0,39.3,0.1458,27.68,1.81,25.12,0.5914,106.8
SMP_05279,roboflow_sugarcane,valid,RED ROT,2,2,640,640,59.33,46.29,0.2492,17.14,-2.37,23.46,0.6838,162.66
SMP_05280,roboflow_sugarcane,valid,RED ROT,2,2,640,640,60.85,64.54,0.178,19.76,4.18,37.74,0.5884,177.91
SMP_05281,roboflow_sugarcane,valid,RED ROT,2,2,640,640,63.86,43.61,0.1964,29.29,3.91,25.95,0.7228,156.62
SMP_05282,roboflow_sugarcane,valid,RED ROT,2,2,640,640,47.05,49.49,0.2518,26.67,-2.65,32.14,0.6013,149.79
SMP_05283,roboflow_sugarcane,valid,RED ROT,2,2,640,640,44.38,49.16,0.1938,26.55,13.54,28.06,0.7379,133.67
SMP_05284,roboflow_sugarcane,valid,RED ROT,2,2,640,640,34.4,48.47,0.249,20.95,3.92,26.97,0.6126,161.5
SMP_05285,roboflow_sugarcane,valid,RED ROT,2,2,640,640,57.59,40.17,0.1485,16.08,14.75,32.13,0.7283,201.73
SMP_05286,roboflow_sugarcane,valid,RED ROT,2,2,640,640,60.92,46.35,0.2216,23.17,-4.35,27.47,0.6939,146.39
SMP_05287,roboflow_sugarcane,valid,RED ROT,2,2,640,640,73.82,45.84,0.242,30.26,-3.64,25.89,0.7199,122.64
SMP_05288,roboflow_sugarcane,valid,RED ROT,2,2,640,640,51.0,47.91,0.1585,34.46,-3.85,29.11,0.651,124.51
SMP_05289,roboflow_sugarcane,valid,RED ROT,2,2,640,640,51.2,59.32,0.1911,39.25,9.15,19.14,0.6459,139.27
SMP_05290,roboflow_sugarcane,valid,RED ROT,2,2,640,640,56.6,69.13,0.1921,32.24,18.98,28.77,0.8022,166.07
SMP_05291,roboflow_sugarcane,valid,RED ROT,2,2,640,640,61.94,37.91,0.2105,20.35,2.57,26.73,0.6097,179.58
SMP_05292,roboflow_sugarcane,valid,RED ROT,2,2,640,640,50.61,43.3,0.2237,10.38,-13.51,23.01,0.624,147.23
SMP_05293,roboflow_sugarcane,valid,RED ROT,2,2,640,640,29.19,38.1,0.1544,24.82,8.8,28.13,0.5429,150.45
SMP_05294,roboflow_sugarcane,valid,RED ROT,2,2,640,640,37.07,50.25,0.197,28.77,10.32,22.24,0.629,131.22
SMP_05295,roboflow_sugarcane,valid,RED ROT,2,2,640,640,59.64,41.54,0.2796,-0.43,-3.27,20.9,0.5766,149.43
SMP_05296,roboflow_sugarcane,valid,RED ROT,2,2,640,640,69.58,50.88,0.2527,8.17,9.52,32.87,0.7964,139.01
SMP_05297,roboflow_sugarcane,valid,RED ROT,2,2,640,640,59.34,61.24,0.2397,16.35,11.49,30.89,0.7283,144.68
SMP_05298,roboflow_sugarcane,valid,RED ROT,2,2,640,640,43.32,17.69,0.1904,13.85,-11.39,30.92,0.6363,118.93
SMP_05299,roboflow_sugarcane,valid,RED ROT,2,2,640,640,48.98,53.9,0.3064,7.13,13.93,33.64,0.7363,125.33
SMP_05300,roboflow_sugarcane,valid,RED ROT,2,2,640,640,45.23,42.48,0.2515,23.04,14.43,30.18,0.4842,167.29
SMP_05301,roboflow_sugarcane,valid,RED ROT,2,2,640,640,39.19,53.53,0.2019,29.93,2.53,16.75,0.6028,99.3
SMP_05302,roboflow_sugarcane,valid,RED ROT,2,2,640,640,60.68,37.24,0.211,18.49,10.16,31.81,0.7309,148.85
SMP_05303,roboflow_sugarcane,valid,RED ROT,2,2,640,640,62.74,62.36,0.1771,6.72,20.81,23.56,0.5989,160.81
SMP_05304,roboflow_sugarcane,valid,RED ROT,2,2,640,640,64.2,58.96,0.2197,21.65,-0.26,22.86,0.6345,122.66
SMP_05305,roboflow_sugarcane,valid,RED ROT,2,2,640,640,55.57,54.82,0.2297,11.12,14.29,29.57,0.7459,108.17
SMP_05306,roboflow_sugarcane,valid,RED ROT,2,2,640,640,61.33,57.52,0.2351,11.93,6.96,32.02,0.7072,102.64
SMP_05307,roboflow_sugarcane,valid,RED ROT,2,2,640,640,60.7,39.05,0.191,27.68,-4.12,28.9,0.5935,141.4
SMP_05308,roboflow_sugarcane,valid,RED ROT,2,2,640,640,71.99,40.56,0.1263,29.6,-9.57,25.03,0.6544,171.49
SMP_05309,roboflow_sugarcane,valid,RED ROT,2,2,640,640,67.26,57.03,0.2121,17.69,10.77,31.37,0.6363,167.18
SMP_05310,roboflow_sugarcane,valid,RED ROT,2,2,640,640,76.56,38.79,0.2353,25.85,-5.45,27.43,0.6315,213.54
SMP_05311,roboflow_sugarcane,valid,RED ROT,2,2,640,640,68.08,65.35,0.1511,11.41,12.74,28.43,0.6382,163.73
SMP_05312,roboflow_sugarcane,valid,RED ROT,2,2,640,640,53.3,44.12,0.1955,24.23,-12.48,20.0,0.7659,114.46
SMP_05313,roboflow_sugarcane,valid,RED ROT,2,2,640,640,59.53,54.02,0.2671,16.93,6.19,18.3,0.624,110.97
SMP_05314,roboflow_sugarcane,valid,RED ROT,2,2,640,640,42.26,73.19,0.1398,9.4,2.44,24.01,0.7626,144.52
SMP_05315,roboflow_sugarcane,valid,RED ROT,2,2,640,640,38.33,39.53,0.1858,12.74,18.42,20.06,0.7404,102.34
SMP_05316,roboflow_sugarcane,valid,RED ROT,2,2,640,640,83.78,48.83,0.2744,23.28,6.81,34.1,0.7474,103.01
SMP_05317,roboflow_sugarcane,valid,RED ROT,2,2,640,640,82.24,60.65,0.2079,8.16,9.9,17.15,0.7168,120.21
SMP_05318,roboflow_sugarcane,valid,RED ROT,2,2,640,640,54.76,59.42,0.1737,17.75,1.55,21.75,0.7172,142.96
SMP_05319,roboflow_sugarcane,valid,RED ROT,2,2,640,640,47.64,44.07,0.1996,28.55,3.57,15.62,0.6948,121.83
SMP_05320,roboflow_sugarcane,valid,RED ROT,2,2,640,640,45.96,41.8,0.2413,16.06,13.42,28.38,0.6436,146.77
SMP_05321,roboflow_sugarcane,valid,RED ROT,2,2,640,640,47.44,45.2,0.1898,7.67,5.13,22.21,0.7907,129.92
SMP_05322,roboflow_sugarcane,valid,RED ROT,2,2,640,640,63.17,65.37,0.2299,17.78,-2.35,36.02,0.6512,89.59
SMP_05323,roboflow_sugarcane,valid,RED ROT,2,2,640,640,35.15,44.65,0.2117,25.42,14.12,28.29,0.6725,177.58
SMP_05324,roboflow_sugarcane,valid,RED ROT,2,2,640,640,78.34,48.94,0.2159,9.62,18.49,24.28,0.7268,173.26
SMP_05325,roboflow_sugarcane,valid,RED ROT,2,2,640,640,79.68,42.88,0.2331,29.5,17.02,27.49,0.7127,192.18
SMP_05326,roboflow_sugarcane,valid,RED ROT,2,2,640,640,42.96,56.47,0.1853,26.11,15.32,28.65,0.5906,163.33
SMP_05327,roboflow_sugarcane,valid,RED ROT,2,2,640,640,40.1,49.87,0.1528,22.8,2.74,30.73,0.6677,141.28
SMP_05328,roboflow_sugarcane,valid,RED ROT,2,2,640,640,28.84,35.96,0.2237,24.62,-2.85,31.99,0.6663,132.52
SMP_05329,roboflow_sugarcane,valid,RED ROT,2,2,640,640,30.54,36.37,0.1934,21.02,-4.49,23.68,0.7714,172.61
SMP_05330,roboflow_sugarcane,valid,RED ROT,2,2,640,640,31.8,24.02,0.1776,22.67,-5.46,20.88,0.7132,138.44
SMP_05331,roboflow_sugarcane,valid,RED ROT,2,2,640,640,42.51,38.02,0.2263,20.57,4.25,28.27,0.8035,156.7
SMP_05332,roboflow_sugarcane,valid,RED ROT,2,2,640,640,50.26,57.53,0.2639,27.06,19.17,36.32,0.6739,122.64
SMP_05333,roboflow_sugarcane,valid,RED ROT,2,2,640,640,55.89,63.89,0.1923,30.34,-8.23,33.63,0.6763,153.38
SMP_05334,roboflow_sugarcane,valid,RED ROT,2,2,640,640,37.76,56.23,0.2004,13.43,5.13,37.44,0.6743,162.17
SMP_05335,roboflow_sugarcane,valid,RED ROT,2,2,640,640,39.59,54.66,0.1409,14.39,2.44,35.74,0.7118,154.61
SMP_05336,roboflow_sugarcane,valid,RED ROT,2,2,640,640,40.41,46.48,0.1889,16.87,-4.41,19.12,0.872,135.88
SMP_05337,roboflow_sugarcane,valid,RED ROT,2,2,640,640,72.69,57.3,0.2111,15.13,2.97,25.76,0.6874,132.31
SMP_05338,roboflow_sugarcane,valid,RED ROT,2,2,640,640,62.02,51.44,0.199,29.07,15.32,25.3,0.6178,167.41
SMP_05339,roboflow_sugarcane,valid,RED ROT,2,2,640,640,47.65,69.65,0.1819,8.0,6.82,26.69,0.7029,152.8
SMP_05340,roboflow_sugarcane,valid,RED ROT,2,2,640,640,42.06,46.82,0.2363,24.34,10.02,27.09,0.6331,139.27
SMP_05341,roboflow_sugarcane,valid,RED ROT,2,2,640,640,49.59,64.12,0.2029,31.09,13.55,32.57,0.6416,169.26
SMP_05342,roboflow_sugarcane,valid,RED ROT,2,2,640,640,40.45,58.49,0.3294,15.37,8.09,15.74,0.6935,110.99
SMP_05343,roboflow_sugarcane,valid,RED ROT,2,2,640,640,34.61,56.83,0.2104,31.78,2.05,30.78,0.8075,97.76
SMP_05344,roboflow_sugarcane,valid,RED ROT,2,2,640,640,54.38,23.86,0.0627,29.26,5.8,29.57,0.6598,191.4
SMP_05345,roboflow_sugarcane,valid,RED ROT,2,2,640,640,83.27,59.15,0.1444,17.21,-3.59,29.6,0.7011,91.25
SMP_05346,roboflow_sugarcane,valid,RED ROT,2,2,640,640,53.12,46.47,0.2266,26.55,5.46,22.42,0.6786,175.7
SMP_05347,roboflow_sugarcane,valid,RED ROT,2,2,640,640,27.71,42.67,0.1678,13.39,5.98,29.64,0.7269,169.19
SMP_05348,roboflow_sugarcane,valid,RED ROT,2,2,640,640,51.25,30.21,0.1709,11.19,15.54,22.92,0.5201,169.19
SMP_05349,roboflow_sugarcane,valid,RED ROT,2,2,640,640,68.48,47.93,0.138,16.29,2.41,27.59,0.6602,156.65
SMP_05350,roboflow_sugarcane,valid,RED ROT,2,2,640,640,56.06,48.4,0.1762,30.8,2.41,25.04,0.6711,149.56
SMP_05351,roboflow_sugarcane,valid,RED ROT,2,2,640,640,51.36,32.36,0.2097,16.33,-7.13,21.55,0.6975,132.54
SMP_05352,roboflow_sugarcane,valid,RED ROT,2,2,640,640,64.91,30.32,0.2193,20.33,10.19,16.1,0.7339,172.77
SMP_05353,roboflow_sugarcane,valid,RED ROT,2,2,640,640,90.72,53.84,0.149,11.96,-6.75,31.15,0.7759,130.58
SMP_05354,roboflow_sugarcane,valid,RED ROT,2,2,640,640,44.02,58.46,0.2403,26.93,1.02,23.18,0.6871,93.12
SMP_05355,roboflow_sugarcane,valid,RED ROT,2,2,640,640,47.15,50.28,0.1404,26.65,-0.68,24.71,0.7876,125.69
SMP_05356,roboflow_sugarcane,valid,RED ROT,2,2,640,640,41.14,61.81,0.2219,14.37,12.13,28.7,0.7365,126.29
SMP_05357,roboflow_sugarcane,valid,RED ROT,2,2,640,640,81.17,46.96,0.2169,1.46,8.9,18.55,0.7599,161.12
SMP_05358,roboflow_sugarcane,valid,RED ROT,2,2,640,640,82.92,47.35,0.1533,17.11,10.66,29.71,0.7099,151.81
SMP_05359,roboflow_sugarcane,valid,RED ROT,2,2,640,640,43.0,37.0,0.1473,23.54,12.56,27.65,0.7037,87.49
SMP_05360,roboflow_sugarcane,valid,RUST,1,1,640,640,59.01,37.06,0.2511,7.96,24.62,33.91,0.6203,76.31
SMP_05361,roboflow_sugarcane,valid,RUST,1,1,640,640,53.06,21.6,0.2365,2.99,16.79,43.7,0.5496,152.45
SMP_05362,roboflow_sugarcane,valid,RUST,1,1,640,640,41.53,29.44,0.2898,8.55,27.64,35.3,0.4359,100.27
SMP_05363,roboflow_sugarcane,valid,RUST,1,1,640,640,45.64,21.74,0.297,7.09,23.57,43.45,0.4712,154.67
SMP_05364,roboflow_sugarcane,valid,RUST,1,1,640,640,43.73,25.57,0.3075,9.36,24.64,46.87,0.4886,116.97
SMP_05365,roboflow_sugarcane,valid,RUST,1,1,640,640,44.27,28.75,0.2499,5.95,34.18,38.73,0.3725,102.75
SMP_05366,roboflow_sugarcane,valid,RUST,1,1,640,640,51.59,20.57,0.3003,11.81,33.7,28.5,0.5057,204.93
SMP_05367,roboflow_sugarcane,valid,RUST,1,1,640,640,46.63,20.15,0.2845,4.43,23.79,41.98,0.4146,132.13
SMP_05368,roboflow_sugarcane,valid,RUST,1,1,640,640,69.99,33.95,0.2777,2.92,32.75,45.75,0.566,168.76
SMP_05369,roboflow_sugarcane,valid,RUST,1,1,640,640,48.92,29.91,0.2303,9.13,33.05,46.4,0.5494,72.97
SMP_05370,roboflow_sugarcane,valid,RUST,1,1,640,640,49.46,28.74,0.2861,17.27,32.77,39.15,0.6093,150.23
SMP_05371,roboflow_sugarcane,valid,RUST,1,1,640,640,46.76,28.72,0.2874,0.39,26.03,25.99,0.5718,105.84
SMP_05372,roboflow_sugarcane,valid,RUST,1,1,640,640,48.54,26.76,0.2841,2.28,27.31,34.82,0.7074,165.45
SMP_05373,roboflow_sugarcane,valid,RUST,1,1,640,640,59.14,36.11,0.296,9.16,23.01,34.52,0.5289,120.41
SMP_05374,roboflow_sugarcane,valid,RUST,1,1,640,640,42.19,24.26,0.3078,13.64,41.34,43.97,0.515,105.58
SMP_05375,roboflow_sugarcane,valid,RUST,1,1,640,640,50.54,27.46,0.2361,9.53,27.79,40.89,0.615,104.7
SMP_05376,roboflow_sugarcane,valid,RUST,1,1,640,640,44.8,15.29,0.2713,4.96,24.42,44.29,0.5652,159.46
SMP_05377,roboflow_sugarcane,valid,RUST,1,1,640,640,42.45,19.05,0.3006,10.1,28.52,33.24,0.5518,93.52
SMP_05378,roboflow_sugarcane,valid,RUST,1,1,640,640,43.56,16.8,0.2693,10.58,26.9,39.49,0.6099,115.65
SMP_05379,roboflow_sugarcane,valid,RUST,1,1,640,640,42.23,31.64,0.3184,4.6,39.44,21.94,0.6143,171.35
SMP_05380,roboflow_sugarcane,valid,RUST,1,1,640,640,50.7,8.68,0.2836,12.12,24.85,35.14,0.4411,156.63
SMP_05381,roboflow_sugarcane,valid,RUST,1,1,640,640,52.6,21.59,0.2018,7.83,30.36,27.61,0.5412,177.61
SMP_05382,roboflow_sugarcane,valid,RUST,1,1,640,640,46.51,6.04,0.3136,-0.75,24.16,50.17,0.5768,134.2
SMP_05383,roboflow_sugarcane,valid,RUST,1,1,640,640,54.75,19.01,0.2753,7.33,13.19,41.27,0.3939,186.98
SMP_05384,roboflow_sugarcane,valid,RUST,1,1,640,640,43.05,21.05,0.2092,5.15,25.01,40.98,0.502,127.1
SMP_05385,roboflow_sugarcane,valid,RUST,1,1,640,640,42.81,32.31,0.2699,14.52,30.97,29.43,0.5806,165.21
SMP_05386,roboflow_sugarcane,valid,RUST,1,1,640,640,48.48,26.38,0.2293,1.36,25.95,37.1,0.609,122.26
SMP_05387,roboflow_sugarcane,valid,RUST,1,1,640,640,46.83,19.0,0.3101,5.58,16.91,42.62,0.5284,108.33
SMP_05388,roboflow_sugarcane,valid,RUST,1,1,640,640,95.93,30.4,0.2786,9.29,36.1,31.9,0.4845,134.43
SMP_05389,roboflow_sugarcane,valid,RUST,1,1,640,640,52.88,24.11,0.2431,20.1,16.67,34.8,0.5561,147.48
SMP_05390,roboflow_sugarcane,valid,RUST,1,1,640,640,46.68,24.23,0.3124,17.77,19.59,45.74,0.5419,88.35
SMP_05391,roboflow_sugarcane,valid,RUST,1,1,640,640,60.61,16.78,0.2983,7.77,17.12,30.49,0.5131,149.28
SMP_05392,roboflow_sugarcane,valid,RUST,1,1,640,640,64.26,18.06,0.2706,9.75,17.75,34.98,0.4632,124.43
SMP_05393,roboflow_sugarcane,valid,RUST,1,1,640,640,48.28,19.05,0.2302,11.01,25.31,32.28,0.5211,159.18
SMP_05394,roboflow_sugarcane,valid,RUST,1,1,640,640,38.35,24.28,0.2463,2.94,29.28,40.37,0.4552,134.32
SMP_05395,roboflow_sugarcane,valid,RUST,1,1,640,640,52.61,24.47,0.2457,8.05,20.89,43.43,0.5051,158.65
SMP_05396,roboflow_sugarcane,valid,RUST,1,1,640,640,55.93,33.26,0.3099,14.78,28.95,49.24,0.5453,155.57
SMP_05397,roboflow_sugarcane,valid,RUST,1,1,640,640,41.63,26.31,0.2128,8.71,30.38,40.77,0.51,145.84
SMP_05398,roboflow_sugarcane,valid,RUST,1,1,640,640,60.34,7.75,0.2781,17.75,22.7,46.73,0.6641,136.61
SMP_05399,roboflow_sugarcane,valid,RUST,1,1,640,640,49.49,25.58,0.27,5.77,14.4,40.57,0.5409,175.15
SMP_05400,roboflow_sugarcane,valid,RUST,1,1,640,640,55.4,15.3,0.3214,7.56,35.6,28.43,0.6042,139.0
SMP_05401,roboflow_sugarcane,valid,RUST,1,1,640,640,40.85,18.2,0.2893,7.6,20.31,38.28,0.5568,109.84
SMP_05402,roboflow_sugarcane,valid,RUST,1,1,640,640,52.32,19.13,0.3014,1.49,9.53,38.39,0.4782,102.99
SMP_05403,roboflow_sugarcane,valid,RUST,1,1,640,640,37.0,20.02,0.259,13.53,22.28,45.46,0.5116,159.26
SMP_05404,roboflow_sugarcane,valid,RUST,1,1,640,640,48.21,15.75,0.2308,6.33,29.09,37.34,0.5398,151.02
SMP_05405,roboflow_sugarcane,valid,RUST,1,1,640,640,61.57,25.22,0.267,9.29,30.14,35.4,0.5109,179.78
SMP_05406,roboflow_sugarcane,valid,RUST,1,1,640,640,54.4,15.54,0.3111,5.01,17.04,32.04,0.5485,186.96
SMP_05407,roboflow_sugarcane,valid,RUST,1,1,640,640,53.85,26.14,0.311,16.63,12.06,36.17,0.5106,154.5
SMP_05408,roboflow_sugarcane,valid,RUST,1,1,640,640,54.0,37.42,0.2628,14.16,27.14,37.38,0.5554,119.51
SMP_05409,roboflow_sugarcane,valid,RUST,1,1,640,640,39.38,16.02,0.2456,8.29,28.62,42.17,0.6077,157.44
SMP_05410,roboflow_sugarcane,valid,RUST,1,1,640,640,53.87,22.29,0.2377,1.88,32.83,32.29,0.5993,173.0
SMP_05411,roboflow_sugarcane,valid,RUST,1,1,640,640,46.52,8.86,0.2745,11.72,32.02,54.38,0.5702,99.96
SMP_05412,roboflow_sugarcane,valid,RUST,1,1,640,640,57.15,22.19,0.2855,13.41,26.03,31.67,0.5592,130.47
SMP_05413,roboflow_sugarcane,valid,RUST,1,1,640,640,52.61,27.86,0.3389,3.36,18.57,29.05,0.4845,56.52
SMP_05414,roboflow_sugarcane,valid,RUST,1,1,640,640,43.24,28.32,0.2849,7.28,21.62,41.57,0.6163,157.19
SMP_05415,roboflow_sugarcane,valid,RUST,1,1,640,640,33.32,24.46,0.3046,8.38,23.3,29.05,0.442,187.28
SMP_05416,roboflow_sugarcane,valid,RUST,1,1,640,640,46.42,29.34,0.2488,13.43,18.59,38.18,0.5295,163.72
SMP_05417,roboflow_sugarcane,valid,RUST,1,1,640,640,44.05,39.28,0.2817,7.24,32.57,33.15,0.4959,90.96
SMP_05418,roboflow_sugarcane,valid,RUST,1,1,640,640,50.76,34.27,0.2856,12.81,32.2,42.57,0.5863,108.92
SMP_05419,roboflow_sugarcane,valid,RUST,1,1,640,640,47.54,20.86,0.2744,4.14,15.23,39.08,0.6533,144.74
SMP_05420,roboflow_sugarcane,valid,RUST,1,1,640,640,41.99,15.29,0.2791,2.72,22.75,46.0,0.5288,160.01
SMP_05421,roboflow_sugarcane,valid,RUST,1,1,640,640,45.3,21.56,0.285,17.16,39.44,40.97,0.648,184.38
SMP_05422,roboflow_sugarcane,valid,RUST,1,1,640,640,47.59,18.32,0.2992,1.44,33.14,38.33,0.5198,151.53
SMP_05423,roboflow_sugarcane,valid,RUST,1,1,640,640,43.9,26.71,0.3268,4.24,26.32,39.43,0.5131,99.26
SMP_05424,roboflow_sugarcane,valid,RUST,1,1,640,640,44.95,16.91,0.1894,11.92,32.67,31.22,0.5095,132.13
SMP_05425,roboflow_sugarcane,valid,RUST,1,1,640,640,55.42,23.56,0.3245,5.35,36.55,33.1,0.6233,129.28
SMP_05426,roboflow_sugarcane,valid,RUST,1,1,640,640,44.7,29.03,0.2116,5.21,25.66,39.53,0.6205,147.03
SMP_05427,roboflow_sugarcane,valid,RUST,1,1,640,640,44.46,23.4,0.2924,7.01,15.5,42.16,0.5304,161.65
SMP_05428,roboflow_sugarcane,valid,RUST,1,1,640,640,68.92,18.32,0.3742,-2.78,31.02,35.72,0.5869,95.97
SMP_05429,roboflow_sugarcane,valid,RUST,1,1,640,640,37.15,31.05,0.2783,13.6,31.38,36.51,0.517,152.53
SMP_05430,roboflow_sugarcane,valid,RUST,1,1,640,640,55.21,12.73,0.2872,8.88,17.96,35.24,0.615,96.73
SMP_05431,roboflow_sugarcane,valid,RUST,1,1,640,640,54.12,22.03,0.2676,3.94,26.82,40.63,0.5207,144.08
SMP_05432,roboflow_sugarcane,valid,RUST,1,1,640,640,61.11,23.75,0.3067,-0.58,19.47,38.03,0.6054,188.27
SMP_05433,roboflow_sugarcane,valid,RUST,1,1,640,640,60.97,24.1,0.2945,1.17,13.49,42.33,0.597,145.69
SMP_05434,roboflow_sugarcane,valid,RUST,1,1,640,640,47.49,25.08,0.253,0.03,26.54,33.68,0.5778,96.17
SMP_05435,roboflow_sugarcane,valid,RUST,1,1,640,640,42.9,27.66,0.2754,9.14,35.16,37.62,0.4189,167.18
SMP_05436,roboflow_sugarcane,valid,RUST,1,1,640,640,73.29,23.79,0.2353,9.19,27.25,48.58,0.5962,111.73
SMP_05437,roboflow_sugarcane,valid,RUST,1,1,640,640,51.44,21.79,0.2752,11.06,26.24,52.26,0.6224,181.24
SMP_05438,roboflow_sugarcane,valid,RUST,1,1,640,640,39.98,21.55,0.2632,11.66,15.67,36.35,0.5641,119.19
SMP_05439,roboflow_sugarcane,valid,RUST,1,1,640,640,48.93,20.33,0.2855,11.14,29.4,47.21,0.605,103.7
SMP_05440,roboflow_sugarcane,valid,RUST,1,1,640,640,35.1,28.73,0.2516,15.69,21.13,46.87,0.5466,192.86
SMP_05441,roboflow_sugarcane,valid,RUST,1,1,640,640,47.77,20.12,0.2714,13.98,19.55,43.74,0.5029,140.29
SMP_05442,roboflow_sugarcane,valid,RUST,1,1,640,640,46.84,29.08,0.2804,12.79,31.18,25.57,0.5441,130.66
SMP_05443,roboflow_sugarcane,valid,RUST,1,1,640,640,44.62,24.11,0.2831,9.18,16.49,28.06,0.6434,145.95
SMP_05444,roboflow_sugarcane,valid,RUST,1,1,640,640,34.9,20.87,0.291,11.6,23.52,34.45,0.5732,100.7
SMP_05445,roboflow_sugarcane,valid,RUST,1,1,640,640,47.05,27.71,0.273,5.95,16.96,34.5,0.5067,147.76
SMP_05446,roboflow_sugarcane,valid,RUST,1,1,640,640,43.07,19.64,0.2485,6.9,22.9,31.61,0.6044,154.34
SMP_05447,roboflow_sugarcane,valid,RUST,1,1,640,640,43.61,27.83,0.2833,16.61,9.65,41.89,0.5977,79.56
SMP_05448,roboflow_sugarcane,valid,RUST,1,1,640,640,50.19,25.28,0.2728,5.21,28.79,42.28,0.6283,173.59
SMP_05449,roboflow_sugarcane,valid,RUST,1,1,640,640,44.83,20.42,0.321,4.85,27.73,50.54,0.484,121.12
SMP_05450,roboflow_sugarcane,valid,RUST,1,1,640,640,45.55,27.17,0.326,6.19,40.24,33.75,0.5085,137.78
SMP_05451,roboflow_sugarcane,valid,YELLOW LEAF,2,4,640,640,59.81,53.72,0.113,9.36,13.57,29.02,0.7442,127.59
SMP_05452,roboflow_sugarcane,valid,YELLOW LEAF,2,4,640,640,43.93,48.4,0.2772,10.3,-6.89,29.15,0.6249,176.65
SMP_05453,roboflow_sugarcane,valid,YELLOW LEAF,2,4,640,640,53.68,52.58,0.2619,12.97,1.78,27.19,0.6939,146.57
SMP_05454,roboflow_sugarcane,valid,YELLOW LEAF,2,4,640,640,69.04,39.38,0.1557,20.84,0.84,28.9,0.6052,143.14
SMP_05455,roboflow_sugarcane,valid,YELLOW LEAF,2,4,640,640,45.11,40.8,0.1561,0.9,7.13,29.71,0.7816,140.87
SMP_05456,roboflow_sugarcane,valid,YELLOW LEAF,2,4,640,640,41.14,46.22,0.1253,30.93,-3.02,28.49,0.7508,149.77
SMP_05457,roboflow_sugarcane,valid,YELLOW LEAF,2,4,640,640,41.81,34.44,0.2461,19.17,5.82,22.56,0.6497,165.37
SMP_05458,roboflow_sugarcane,valid,YELLOW LEAF,2,4,640,640,59.38,47.46,0.1835,11.15,-3.65,21.09,0.6449,164.16
SMP_05459,roboflow_sugarcane,valid,YELLOW LEAF,2,4,640,640,66.48,43.34,0.1798,12.21,6.38,24.45,0.677,143.37
SMP_05460,roboflow_sugarcane,valid,YELLOW LEAF,2,4,640,640,47.66,42.36,0.1439,14.92,-5.54,23.63,0.6766,161.77
SMP_05461,roboflow_sugarcane,valid,YELLOW LEAF,2,4,640,640,50.18,51.85,0.2906,20.05,1.82,27.08,0.6656,150.55
SMP_05462,roboflow_sugarcane,valid,YELLOW LEAF,2,4,640,640,43.36,26.15,0.1514,21.21,5.03,32.0,0.6771,75.64
SMP_05463,roboflow_sugarcane,valid,YELLOW LEAF,2,4,640,640,28.52,45.25,0.2012,18.45,3.0,24.02,0.6057,88.2
SMP_05464,roboflow_sugarcane,valid,YELLOW LEAF,2,4,640,640,39.02,75.81,0.2108,13.96,11.76,27.1,0.6035,169.73
SMP_05465,roboflow_sugarcane,valid,YELLOW LEAF,2,4,640,640,39.07,34.97,0.1801,19.91,-13.07,37.84,0.6068,143.68
SMP_05466,roboflow_sugarcane,valid,YELLOW LEAF,2,4,640,640,39.23,63.43,0.17,3.41,6.4,27.97,0.6947,134.65
SMP_05467,roboflow_sugarcane,valid,YELLOW LEAF,2,4,640,640,30.21,48.66,0.1815,10.28,-1.64,29.03,0.7553,118.03
SMP_05468,roboflow_sugarcane,valid,YELLOW LEAF,2,4,640,640,35.15,40.76,0.2283,14.59,9.73,35.95,0.8328,163.68
SMP_05469,roboflow_sugarcane,valid,YELLOW LEAF,2,4,640,640,41.98,32.15,0.1826,9.26,5.24,24.78,0.7919,130.48
SMP_05470,roboflow_sugarcane,valid,YELLOW LEAF,2,4,640,640,39.65,49.68,0.2813,18.25,13.7,29.87,0.6239,72.57
SMP_05471,roboflow_sugarcane,valid,YELLOW LEAF,2,4,640,640,40.67,65.44,0.1611,9.3,3.14,20.87,0.764,76.85
SMP_05472,roboflow_sugarcane,valid,YELLOW LEAF,2,4,640,640,40.17,43.33,0.2377,33.7,14.87,23.84,0.6907,148.0
SMP_05473,roboflow_sugarcane,valid,YELLOW LEAF,2,4,640,640,66.03,47.03,0.1122,8.34,6.25,23.86,0.7199,114.68
SMP_05474,roboflow_sugarcane,valid,YELLOW LEAF,2,4,640,640,39.81,60.12,0.1612,32.09,-5.35,28.83,0.7928,104.67
SMP_05475,roboflow_sugarcane,valid,YELLOW LEAF,2,4,640,640,43.53,52.09,0.1592,3.96,-1.51,38.48,0.77,137.78
SMP_05476,roboflow_sugarcane,valid,YELLOW LEAF,2,4,640,640,37.28,29.13,0.1448,36.04,0.31,21.29,0.6376,152.38
SMP_05477,roboflow_sugarcane,valid,YELLOW LEAF,2,4,640,640,30.69,49.19,0.2142,24.67,5.92,32.68,0.6589,176.95
SMP_05478,roboflow_sugarcane,valid,YELLOW LEAF,2,4,640,640,41.48,66.15,0.1945,26.33,12.2,31.12,0.6741,141.13
SMP_05479,roboflow_sugarcane,valid,YELLOW LEAF,2,4,640,640,29.64,47.56,0.0861,9.08,9.89,27.4,0.6924,162.15
SMP_05480,roboflow_sugarcane,valid,YELLOW LEAF,2,4,640,640,77.55,15.1,0.2998,17.42,10.32,27.63,0.7096,97.71
SMP_05481,roboflow_sugarcane,valid,YELLOW LEAF,2,4,640,640,31.21,52.66,0.2088,17.94,-0.97,30.31,0.7866,178.37
SMP_05482,roboflow_sugarcane,valid,YELLOW LEAF,2,4,640,640,49.6,45.62,0.2001,19.19,12.06,26.15,0.6722,77.67
SMP_05483,roboflow_sugarcane,valid,YELLOW LEAF,2,4,640,640,35.96,26.05,0.2655,30.18,5.83,23.43,0.6541,152.36
SMP_05484,roboflow_sugarcane,valid,YELLOW LEAF,2,4,640,640,30.52,27.85,0.2494,25.53,11.36,32.72,0.6924,120.25
SMP_05485,roboflow_sugarcane,valid,YELLOW LEAF,2,4,640,640,30.96,59.7,0.1851,18.67,-6.82,25.18,0.6412,132.65
SMP_05486,roboflow_sugarcane,valid,YELLOW LEAF,2,4,640,640,47.75,39.21,0.1024,27.99,8.62,26.82,0.7875,127.02
SMP_05487,roboflow_sugarcane,valid,YELLOW LEAF,2,4,640,640,41.36,37.11,0.2282,29.47,0.11,20.0,0.6018,127.93
SMP_05488,roboflow_sugarcane,valid,YELLOW LEAF,2,4,640,640,32.75,47.57,0.1519,15.46,-5.12,25.59,0.5338,131.83
SMP_05489,roboflow_sugarcane,valid,YELLOW LEAF,2,4,640,640,26.35,40.27,0.262,15.22,10.17,17.45,0.6202,190.56
SMP_05490,roboflow_sugarcane,valid,YELLOW LEAF,2,4,640,640,37.71,49.2,0.1612,37.29,1.57,26.87,0.5346,173.69
SMP_05491,roboflow_sugarcane,valid,YELLOW LEAF,2,4,640,640,27.39,45.57,0.1774,18.08,9.24,17.45,0.7037,158.8
SMP_05492,roboflow_sugarcane,valid,YELLOW LEAF,2,4,640,640,32.24,33.6,0.1328,14.86,-2.83,15.54,0.5914,131.27
SMP_05493,roboflow_sugarcane,valid,YELLOW LEAF,2,4,640,640,26.8,41.87,0.1369,18.76,21.25,17.29,0.8261,149.68
SMP_05494,roboflow_sugarcane,valid,YELLOW LEAF,2,4,640,640,64.92,53.31,0.1945,28.6,4.05,28.74,0.695,120.77
SMP_05495,roboflow_sugarcane,valid,YELLOW LEAF,2,4,640,640,27.89,48.5,0.1899,25.75,1.25,20.19,0.6583,150.96
SMP_05496,roboflow_sugarcane,valid,YELLOW LEAF,2,4,640,640,36.83,47.02,0.1762,19.0,12.92,25.23,0.5953,137.75
SMP_05497,roboflow_sugarcane,valid,YELLOW LEAF,2,4,640,640,34.24,71.25,0.3027,24.89,4.31,22.17,0.6934,155.46
SMP_05498,roboflow_sugarcane,valid,YELLOW LEAF,2,4,640,640,35.98,56.77,0.2302,22.0,30.33,28.57,0.8038,126.83
SMP_05499,roboflow_sugarcane,valid,YELLOW LEAF,2,4,640,640,32.84,58.23,0.2005,18.86,14.32,15.42,0.5466,170.11
SMP_05500,roboflow_sugarcane,valid,YELLOW LEAF,2,4,640,640,39.34,46.01,0.0621,17.6,1.21,25.68,0.7365,142.3
SMP_05501,roboflow_sugarcane,valid,YELLOW LEAF,2,4,640,640,43.77,50.64,0.2413,21.18,5.59,23.53,0.6211,135.15
SMP_05502,roboflow_sugarcane,valid,YELLOW LEAF,2,4,640,640,33.35,42.83,0.3497,16.67,5.53,30.41,0.76,163.47
SMP_05503,roboflow_sugarcane,valid,YELLOW LEAF,2,4,640,640,31.18,57.33,0.1906,20.57,-3.44,29.64,0.6258,188.93
SMP_05504,roboflow_sugarcane,valid,YELLOW LEAF,2,4,640,640,32.34,46.68,0.1595,19.6,15.27,13.15,0.7866,141.17
SMP_05505,roboflow_sugarcane,valid,YELLOW LEAF,2,4,640,640,36.1,50.67,0.2082,8.4,1.56,33.05,0.7216,135.14
SMP_05506,roboflow_sugarcane,valid,YELLOW LEAF,2,4,640,640,31.04,49.93,0.1284,15.77,3.02,32.2,0.6087,152.97
SMP_05507,roboflow_sugarcane,valid,YELLOW LEAF,2,4,640,640,33.16,47.78,0.2231,17.93,6.75,28.75,0.6138,126.72
SMP_05508,roboflow_sugarcane,valid,YELLOW LEAF,2,4,640,640,32.21,83.26,0.275,34.88,-2.33,17.65,0.6646,107.66
SMP_05509,roboflow_sugarcane,valid,YELLOW LEAF,2,4,640,640,46.71,40.0,0.1665,18.72,6.69,29.07,0.6062,120.93
SMP_05510,roboflow_sugarcane,valid,YELLOW LEAF,2,4,640,640,33.28,39.89,0.1681,22.19,0.98,30.2,0.5676,179.21
SMP_05511,roboflow_sugarcane,valid,YELLOW LEAF,2,4,640,640,38.18,56.33,0.196,37.21,1.19,24.09,0.7662,125.82
SMP_05512,roboflow_sugarcane,valid,YELLOW LEAF,2,4,640,640,24.82,40.86,0.1749,7.37,3.7,31.66,0.5443,147.84
SMP_05513,roboflow_sugarcane,valid,YELLOW LEAF,2,4,640,640,26.93,44.5,0.1244,7.72,-0.88,36.12,0.7932,90.66
SMP_05514,roboflow_sugarcane,valid,YELLOW LEAF,2,4,640,640,41.2,34.96,0.1807,13.77,-7.52,23.64,0.6503,107.46
SMP_05515,roboflow_sugarcane,valid,YELLOW LEAF,2,4,640,640,38.08,53.9,0.1706,17.34,6.39,20.64,0.7119,172.53
SMP_05516,roboflow_sugarcane,valid,YELLOW LEAF,2,4,640,640,29.43,54.05,0.2683,18.14,-13.32,24.76,0.8415,153.82
SMP_05517,roboflow_sugarcane,valid,YELLOW LEAF,2,4,640,640,59.12,44.22,0.2578,15.91,-13.03,29.17,0.7278,145.33
SMP_05518,roboflow_sugarcane,valid,YELLOW LEAF,2,4,640,640,37.66,56.58,0.2699,10.13,5.36,25.91,0.6347,101.88
SMP_05519,roboflow_sugarcane,valid,YELLOW LEAF,2,4,640,640,51.54,25.7,0.2401,27.79,3.55,20.25,0.8049,146.25
SMP_05520,roboflow_sugarcane,valid,YELLOW LEAF,2,4,640,640,32.14,39.52,0.2103,16.37,7.07,32.98,0.5508,144.05
SMP_05521,roboflow_sugarcane,valid,YELLOW LEAF,2,4,640,640,34.52,45.96,0.1563,29.47,10.31,24.98,0.6956,141.67
SMP_05522,roboflow_sugarcane,valid,YELLOW LEAF,2,4,640,640,34.29,33.93,0.2663,11.86,-10.82,29.63,0.7701,117.38
SMP_05523,roboflow_sugarcane,valid,YELLOW LEAF,2,4,640,640,40.54,27.02,0.2174,35.68,0.08,29.86,0.6472,162.58
SMP_05524,roboflow_sugarcane,valid,YELLOW LEAF,2,4,640,640,30.83,44.31,0.1376,6.67,1.42,24.92,0.607,117.11
SMP_05525,roboflow_sugarcane,valid,YELLOW LEAF,2,4,640,640,37.88,56.33,0.1543,19.88,7.5,29.74,0.5929,133.24
SMP_05526,roboflow_sugarcane,valid,YELLOW LEAF,2,4,640,640,35.37,63.39,0.1368,12.01,6.83,36.39,0.6731,79.15
SMP_05527,roboflow_sugarcane,valid,YELLOW LEAF,2,4,640,640,30.46,41.43,0.0974,20.28,1.76,31.48,0.5404,138.89
SMP_05528,roboflow_sugarcane,valid,YELLOW LEAF,2,4,640,640,35.11,56.8,0.2194,12.16,5.35,16.29,0.5459,105.71
SMP_05529,roboflow_sugarcane,valid,YELLOW LEAF,2,4,640,640,42.39,55.64,0.1381,2.84,2.8,24.94,0.6347,146.28
SMP_05530,roboflow_sugarcane,valid,YELLOW LEAF,2,4,640,640,51.42,62.62,0.1622,13.75,-2.3,21.85,0.6487,142.3
SMP_05531,roboflow_sugarcane,valid,YELLOW LEAF,2,4,640,640,33.7,43.8,0.2019,32.77,5.43,33.22,0.7023,140.71
SMP_05532,roboflow_sugarcane,valid,YELLOW LEAF,2,4,640,640,31.08,26.42,0.1906,12.0,-12.15,25.98,0.6571,105.47
SMP_05533,roboflow_sugarcane,valid,YELLOW LEAF,2,4,640,640,30.07,48.84,0.1643,24.07,6.96,25.11,0.6318,96.46
SMP_05534,roboflow_sugarcane,valid,YELLOW LEAF,2,4,640,640,31.64,35.83,0.2759,20.05,16.3,17.0,0.768,138.65
SMP_05535,roboflow_sugarcane,valid,YELLOW LEAF,2,4,640,640,36.23,39.32,0.1237,16.36,2.22,44.37,0.7048,89.0
SMP_05536,roboflow_sugarcane,valid,YELLOW LEAF,2,4,640,640,38.2,44.39,0.1258,36.35,21.5,26.65,0.8101,177.89
SMP_05537,roboflow_sugarcane,valid,YELLOW LEAF,2,4,640,640,42.57,43.93,0.2229,17.48,9.82,25.09,0.6787,149.3
SMP_05538,roboflow_sugarcane,valid,YELLOW LEAF,2,4,640,640,50.75,49.7,0.1687,21.36,16.67,16.92,0.5649,166.27
SMP_05539,roboflow_sugarcane,valid,YELLOW LEAF,2,4,640,640,35.25,56.44,0.1667,20.69,8.09,27.05,0.6312,169.47
SMP_05540,roboflow_sugarcane,valid,YELLOW LEAF,2,4,640,640,44.81,43.59,0.146,32.6,9.41,25.67,0.5966,150.76
SMP_05541,roboflow_sugarcane,valid,YELLOW LEAF,2,4,640,640,61.07,52.75,0.2169,8.01,6.15,26.77,0.6893,138.84
SMP_05542,roboflow_sugarcane,valid,YELLOW LEAF,2,4,640,640,49.31,48.18,0.2113,37.95,-7.54,17.65,0.6912,137.68
SMP_05543,roboflow_sugarcane,valid,YELLOW LEAF,2,4,640,640,54.46,59.23,0.206,32.16,-10.72,16.0,0.5939,179.37
SMP_05544,roboflow_sugarcane,valid,YELLOW LEAF,2,4,640,640,47.1,45.74,0.1709,23.18,3.07,36.16,0.6639,124.21
SMP_05545,roboflow_sugarcane,valid,YELLOW LEAF,2,4,640,640,56.02,47.05,0.1624,24.95,0.18,18.98,0.7107,136.88
SMP_05546,roboflow_sugarcane,valid,YELLOW LEAF,2,4,640,640,33.49,43.51,0.1918,18.18,0.44,29.15,0.6105,111.78
SMP_05547,roboflow_sugarcane,valid,YELLOW LEAF,2,4,640,640,44.12,46.05,0.2483,21.2,-5.11,24.31,0.906,122.29
SMP_05548,roboflow_sugarcane,valid,YELLOW LEAF,2,4,640,640,83.66,38.6,0.2784,23.36,13.87,31.97,0.6448,128.21
SMP_05549,roboflow_sugarcane,valid,YELLOW LEAF,2,4,640,640,70.85,37.41,0.2556,12.73,-3.25,27.14,0.6664,136.11
SMP_05550,roboflow_sugarcane,valid,YELLOW LEAF,2,4,640,640,62.32,57.31,0.2253,32.16,-3.77,26.55,0.6323,136.8
SMP_05551,mendeley_data,full,GRASSY SHOOT,2,6,2890,4591,4675.73,35.0,0.2491,21.79,5.31,26.86,0.5825,236.5
SMP_05552,mendeley_data,full,GRASSY SHOOT,2,6,4088,2632,4845.26,44.17,0.1409,21.13,13.67,21.37,0.6254,245.67
SMP_05553,mendeley_data,full,GRASSY SHOOT,2,6,6016,4016,12328.59,60.18,0.1643,13.07,11.79,19.04,0.6413,390.96
SMP_05554,mendeley_data,full,GRASSY SHOOT,2,6,6016,4016,12168.54,43.77,0.2262,29.36,-0.2,24.54,0.707,428.32
SMP_05555,mendeley_data,full,GRASSY SHOOT,2,6,6016,4016,11979.45,57.94,0.1941,19.63,3.3,16.82,0.6865,378.04
SMP_05556,mendeley_data,full,GRASSY SHOOT,2,6,6016,4016,9963.99,40.91,0.2169,15.8,18.12,13.28,0.595,341.05
SMP_05557,mendeley_data,full,GRASSY SHOOT,2,6,6016,4016,14517.64,35.39,0.249,11.31,13.85,26.87,0.7119,450.71
SMP_05558,mendeley_data,full,GRASSY SHOOT,2,6,6016,4016,2807.61,28.86,0.2412,18.71,12.01,24.36,0.6853,161.33
SMP_05559,mendeley_data,full,GRASSY SHOOT,2,6,6016,4016,2491.93,63.75,0.1455,10.64,8.08,31.85,0.7654,183.18
SMP_05560,mendeley_data,full,GRASSY SHOOT,2,6,6016,4016,1895.49,34.36,0.2006,22.77,5.8,31.07,0.8217,189.0
SMP_05561,mendeley_data,full,GRASSY SHOOT,2,6,6016,4016,1910.01,56.97,0.154,26.2,21.07,29.1,0.7257,191.68
SMP_05562,mendeley_data,full,GRASSY SHOOT,2,6,6016,4016,1442.89,36.0,0.1611,16.86,14.03,29.01,0.7284,155.68
SMP_05563,mendeley_data,full,GRASSY SHOOT,2,6,6016,4016,1480.61,63.81,0.1145,21.89,5.98,21.25,0.626,177.21
SMP_05564,mendeley_data,full,GRASSY SHOOT,2,6,6016,4016,9273.31,74.48,0.2067,29.76,10.79,28.84,0.6702,284.95
SMP_05565,mendeley_data,full,GRASSY SHOOT,2,6,6016,4016,10679.37,27.76,0.1108,18.62,3.01,22.33,0.506,385.4
SMP_05566,mendeley_data,full,GRASSY SHOOT,2,6,6016,4016,6525.91,34.98,0.2197,19.16,-7.84,29.49,0.6465,285.15
SMP_05567,mendeley_data,full,GRASSY SHOOT,2,6,6016,4016,6993.62,57.28,0.2679,20.04,-3.18,42.53,0.7153,279.46
SMP_05568,mendeley_data,full,GRASSY SHOOT,2,6,6016,4016,7718.85,54.16,0.2265,16.48,1.31,11.58,0.7923,302.36
SMP_05569,mendeley_data,full,GRASSY SHOOT,2,6,6016,4016,8026.25,57.32,0.2026,17.19,0.8,30.41,0.6621,279.68
SMP_05570,mendeley_data,full,GRASSY SHOOT,2,6,6016,4016,7921.38,41.11,0.2767,13.85,-0.78,26.44,0.6601,337.82
SMP_05571,mendeley_data,full,GRASSY SHOOT,2,6,6016,4016,9240.55,71.85,0.2164,23.44,-0.42,22.27,0.6501,377.22
SMP_05572,mendeley_data,full,GRASSY SHOOT,2,6,6016,4016,9240.55,49.42,0.1569,19.43,15.45,30.49,0.6162,277.7
SMP_05573,mendeley_data,full,GRASSY SHOOT,2,6,6016,4016,12190.07,33.4,0.2063,24.79,19.66,18.43,0.6125,403.3
SMP_05574,mendeley_data,full,GRASSY SHOOT,2,6,6016,4016,13861.74,44.96,0.298,28.17,15.5,38.33,0.6184,439.36
SMP_05575,mendeley_data,full,GRASSY SHOOT,2,6,6016,4016,14017.92,33.56,0.1454,11.59,-12.26,32.37,0.768,434.41
SMP_05576,mendeley_data,full,GRASSY SHOOT,2,6,6016,4016,14043.82,67.09,0.131,13.31,13.62,22.67,0.6664,393.36
SMP_05577,mendeley_data,full,GRASSY SHOOT,2,6,6016,4016,7297.39,40.08,0.2307,25.54,10.89,14.43,0.6005,269.29
SMP_05578,mendeley_data,full,GRASSY SHOOT,2,6,6016,4016,7355.28,53.91,0.1888,17.97,4.7,22.25,0.608,220.25
SMP_05579,mendeley_data,full,GRASSY SHOOT,2,6,3008,2008,3972.61,42.35,0.1734,20.65,1.02,34.59,0.5444,185.99
SMP_05580,mendeley_data,full,GRASSY SHOOT,2,6,3008,2008,3972.61,40.62,0.137,20.67,2.56,37.52,0.6548,275.48
SMP_05581,mendeley_data,full,GRASSY SHOOT,2,6,3008,2008,3937.97,25.08,0.1025,12.42,12.92,24.58,0.6342,176.12
SMP_05582,mendeley_data,full,GRASSY SHOOT,2,6,3008,2008,4046.75,55.18,0.1272,24.05,8.09,30.27,0.6917,258.32
SMP_05583,mendeley_data,full,GRASSY SHOOT,2,6,3008,2008,3286.3,63.59,0.2807,21.99,14.76,23.53,0.7321,218.72
SMP_05584,mendeley_data,full,GRASSY SHOOT,2,6,3008,2008,4017.47,37.01,0.1996,11.93,11.52,24.27,0.6236,210.33
SMP_05585,mendeley_data,full,GRASSY SHOOT,2,6,3008,2008,3832.88,29.46,0.1019,18.68,16.52,20.75,0.664,213.71
SMP_05586,mendeley_data,full,GRASSY SHOOT,2,6,3008,2008,3546.84,57.64,0.2592,19.13,10.07,34.39,0.7534,244.84
SMP_05587,mendeley_data,full,GRASSY SHOOT,2,6,3008,2008,3930.92,28.25,0.2617,25.98,-4.1,21.75,0.6312,182.82
SMP_05588,mendeley_data,full,GRASSY SHOOT,2,6,3008,2008,3975.21,62.63,0.2615,29.39,-7.8,28.37,0.5928,206.72
SMP_05589,mendeley_data,full,GRASSY SHOOT,2,6,3008,2008,4074.39,37.15,0.1789,19.93,10.17,27.04,0.7095,242.38
SMP_05590,mendeley_data,full,GRASSY SHOOT,2,6,3008,2008,4068.65,34.76,0.1866,6.55,9.8,41.71,0.7599,206.27
SMP_05591,mendeley_data,full,GRASSY SHOOT,2,6,1200,1600,129.48,50.98,0.2069,25.81,0.06,26.19,0.7558,193.06
SMP_05592,mendeley_data,full,GRASSY SHOOT,2,6,1200,1600,129.48,35.54,0.2701,37.58,6.98,22.97,0.6306,158.62
SMP_05593,mendeley_data,full,GRASSY SHOOT,2,6,1200,1600,129.48,39.51,0.1723,25.74,1.36,21.62,0.604,117.15
SMP_05594,mendeley_data,full,GRASSY SHOOT,2,6,1200,1600,129.48,52.25,0.1623,17.82,1.05,31.48,0.6624,159.16
SMP_05595,mendeley_data,full,GRASSY SHOOT,2,6,1200,1600,129.48,18.85,0.2348,23.21,-6.47,38.14,0.6818,133.45
SMP_05596,mendeley_data,full,GRASSY SHOOT,2,6,1200,1600,129.48,67.71,0.2605,26.4,5.36,36.85,0.6786,102.08
SMP_05597,mendeley_data,full,GRASSY SHOOT,2,6,1200,1600,101.93,48.52,0.1974,20.9,0.86,23.06,0.6396,179.31
SMP_05598,mendeley_data,full,GRASSY SHOOT,2,6,1200,1600,100.59,32.48,0.2335,30.52,8.03,30.87,0.7621,95.43
SMP_05599,mendeley_data,full,GRASSY SHOOT,2,6,1200,1600,103.61,35.79,0.2056,10.94,-9.03,19.76,0.7733,173.82
SMP_05600,mendeley_data,full,GRASSY SHOOT,2,6,1200,1600,130.16,59.9,0.1874,16.77,9.82,25.86,0.5845,133.24
SMP_05601,mendeley_data,full,GRASSY SHOOT,2,6,1200,1600,98.78,55.21,0.1585,23.67,0.88,17.76,0.6129,190.66
SMP_05602,mendeley_data,full,GRASSY SHOOT,2,6,1200,1600,115.52,64.64,0.1423,25.59,-3.53,26.27,0.6632,153.74
SMP_05603,mendeley_data,full,GRASSY SHOOT,2,6,1200,1600,167.25,39.81,0.1693,15.62,1.48,19.93,0.672,156.33
SMP_05604,mendeley_data,full,GRASSY SHOOT,2,6,1200,1600,64.22,51.56,0.1512,16.38,-7.79,25.6,0.7139,142.13
SMP_05605,mendeley_data,full,GRASSY SHOOT,2,6,1200,1600,102.01,53.12,0.2142,14.67,2.67,33.96,0.653,125.78
SMP_05606,mendeley_data,full,GRASSY SHOOT,2,6,1200,1600,124.57,56.34,0.2609,14.04,5.99,20.9,0.6648,162.57
SMP_05607,mendeley_data,full,GRASSY SHOOT,2,6,1200,1600,156.39,61.53,0.2102,24.15,5.58,23.58,0.5151,135.29
SMP_05608,mendeley_data,full,GRASSY SHOOT,2,6,1200,1600,119.64,39.39,0.154,19.7,8.68,31.74,0.7649,128.57
SMP_05609,mendeley_data,full,GRASSY SHOOT,2,6,1200,1600,230.42,46.63,0.2428,30.38,0.46,23.73,0.5546,133.19
SMP_05610,mendeley_data,full,GRASSY SHOOT,2,6,1200,1600,269.99,40.68,0.2148,11.25,11.23,18.78,0.5547,141.72
SMP_05611,mendeley_data,full,GRASSY SHOOT,2,6,1200,1600,182.84,47.37,0.2247,18.74,7.13,23.5,0.5683,171.17
SMP_05612,mendeley_data,full,GRASSY SHOOT,2,6,1200,1600,199.51,56.38,0.174,25.89,11.53,26.15,0.6187,122.18
SMP_05613,mendeley_data,full,GRASSY SHOOT,2,6,1200,1600,256.96,28.15,0.2567,22.75,18.27,29.71,0.751,114.31
SMP_05614,mendeley_data,full,GRASSY SHOOT,2,6,1200,1600,156.28,61.31,0.2564,11.21,-7.41,15.23,0.7509,151.53
SMP_05615,mendeley_data,full,GRASSY SHOOT,2,6,1200,1600,65.91,34.33,0.1908,29.22,1.94,29.41,0.6418,139.66
SMP_05616,mendeley_data,full,GRASSY SHOOT,2,6,1200,1600,65.96,44.31,0.2359,20.77,-1.1,27.18,0.5737,140.79
SMP_05617,mendeley_data,full,GRASSY SHOOT,2,6,1200,1600,240.84,62.93,0.2551,35.34,22.11,13.38,0.7037,173.86
SMP_05618,mendeley_data,full,GRASSY SHOOT,2,6,1200,1600,65.93,51.94,0.1767,18.94,9.78,24.39,0.6562,129.85
SMP_05619,mendeley_data,full,GRASSY SHOOT,2,6,1200,1600,65.86,52.07,0.1959,29.26,7.3,26.66,0.7386,157.38
SMP_05620,mendeley_data,full,GRASSY SHOOT,2,6,1200,1600,100.15,33.83,0.204,17.13,14.57,20.78,0.5924,186.93
SMP_05621,mendeley_data,full,GRASSY SHOOT,2,6,1200,1600,111.3,35.47,0.1451,18.11,5.1,19.68,0.6581,146.53
SMP_05622,mendeley_data,full,GRASSY SHOOT,2,6,1200,1600,88.54,59.3,0.2221,23.95,8.73,25.68,0.7295,144.12
SMP_05623,mendeley_data,full,GRASSY SHOOT,2,6,1200,1600,80.39,40.93,0.2511,6.38,1.35,25.84,0.7456,103.38
SMP_05624,mendeley_data,full,GRASSY SHOOT,2,6,1200,1600,128.96,42.06,0.1928,3.85,-5.92,13.22,0.7782,178.49
SMP_05625,mendeley_data,full,GRASSY SHOOT,2,6,1200,1600,154.27,59.57,0.217,14.58,12.18,21.82,0.7792,123.54
SMP_05626,mendeley_data,full,GRASSY SHOOT,2,6,1200,1600,154.4,35.4,0.2699,9.6,-2.68,21.12,0.669,159.94
SMP_05627,mendeley_data,full,GRASSY SHOOT,2,6,1200,1600,154.27,51.23,0.1797,1.96,10.99,17.96,0.7462,177.3
SMP_05628,mendeley_data,full,GRASSY SHOOT,2,6,1200,1600,166.42,48.51,0.218,25.94,13.67,31.14,0.7498,189.5
SMP_05629,mendeley_data,full,GRASSY SHOOT,2,6,1200,1600,154.4,47.97,0.1715,13.67,-12.96,31.65,0.5936,75.16
SMP_05630,mendeley_data,full,GRASSY SHOOT,2,6,1200,1600,154.27,41.78,0.1701,17.25,13.36,17.26,0.7221,139.84
SMP_05631,mendeley_data,full,GRASSY SHOOT,2,6,1200,1600,166.42,41.04,0.2171,21.11,7.04,24.92,0.6644,186.7
SMP_05632,mendeley_data,full,GRASSY SHOOT,2,6,1200,1600,154.4,35.06,0.2121,24.04,-2.76,28.59,0.7248,156.57
SMP_05633,mendeley_data,full,GRASSY SHOOT,2,6,1200,1600,183.61,53.79,0.2278,22.26,-8.92,31.95,0.714,130.99
SMP_05634,mendeley_data,full,GRASSY SHOOT,2,6,1200,1600,166.27,39.98,0.2038,21.62,4.43,31.23,0.754,129.81
SMP_05635,mendeley_data,full,GRASSY SHOOT,2,6,1200,1600,183.61,59.62,0.2233,23.76,3.57,23.87,0.7243,133.19
SMP_05636,mendeley_data,full,GRASSY SHOOT,2,6,1200,1600,191.49,45.31,0.2833,16.0,13.74,26.52,0.6597,188.86
SMP_05637,mendeley_data,full,GRASSY SHOOT,2,6,1200,1600,166.27,35.3,0.253,14.3,5.52,32.56,0.694,87.23
SMP_05638,mendeley_data,full,GRASSY SHOOT,2,6,1200,1600,159.1,45.15,0.2169,1.46,-3.7,23.52,0.6219,132.54
SMP_05639,mendeley_data,full,GRASSY SHOOT,2,6,1200,1600,114.66,43.07,0.2252,25.11,-7.43,20.48,0.7703,152.76
SMP_05640,mendeley_data,full,GRASSY SHOOT,2,6,1200,1600,134.8,60.11,0.1851,14.52,6.17,32.76,0.7433,129.81
SMP_05641,mendeley_data,full,GRASSY SHOOT,2,6,1200,1600,134.8,43.57,0.192,35.87,5.03,19.72,0.591,185.45
SMP_05642,mendeley_data,full,GRASSY SHOOT,2,6,1200,1600,115.86,44.69,0.2246,25.9,15.56,15.65,0.7036,121.62
SMP_05643,mendeley_data,full,GRASSY SHOOT,2,6,1200,1600,116.07,64.94,0.2044,27.6,1.07,27.74,0.7856,156.76
SMP_05644,mendeley_data,full,GRASSY SHOOT,2,6,1200,1600,112.82,54.1,0.2397,25.65,8.35,30.3,0.7328,136.24
SMP_05645,mendeley_data,full,GRASSY SHOOT,2,6,1200,1600,73.81,67.95,0.2634,24.25,3.94,33.31,0.7117,119.01
SMP_05646,mendeley_data,full,GRASSY SHOOT,2,6,1200,1600,140.11,63.11,0.1949,23.81,-16.62,29.99,0.7256,126.83
SMP_05647,mendeley_data,full,GRASSY SHOOT,2,6,1200,1600,120.86,37.35,0.0995,24.55,10.73,30.73,0.6898,161.37
SMP_05648,mendeley_data,full,GRASSY SHOOT,2,6,1200,1600,115.26,59.88,0.3017,21.4,1.59,19.29,0.6288,148.3
SMP_05649,mendeley_data,full,GRASSY SHOOT,2,6,1200,1600,127.83,66.3,0.1674,15.07,10.27,28.28,0.652,113.07
SMP_05650,mendeley_data,full,GRASSY SHOOT,2,6,1200,1600,118.29,66.39,0.2098,10.57,6.35,29.45,0.6322,192.62
SMP_05651,mendeley_data,full,GRASSY SHOOT,2,6,1200,1600,106.47,59.86,0.2364,23.38,-2.91,22.33,0.7077,150.97
SMP_05652,mendeley_data,full,GRASSY SHOOT,2,6,1200,1600,108.74,59.61,0.2704,30.33,3.61,26.04,0.7692,102.04
SMP_05653,mendeley_data,full,GRASSY SHOOT,2,6,1200,1600,94.62,44.37,0.2903,19.0,4.75,32.99,0.7581,105.46
SMP_05654,mendeley_data,full,GRASSY SHOOT,2,6,1200,1600,105.77,37.95,0.1818,21.21,6.47,31.28,0.6,123.83
SMP_05655,mendeley_data,full,GRASSY SHOOT,2,6,1200,1600,227.18,43.77,0.2595,9.46,9.1,33.21,0.62,203.82
SMP_05656,mendeley_data,full,GRASSY SHOOT,2,6,1200,1600,227.18,28.02,0.2099,16.37,5.24,22.87,0.6395,134.3
SMP_05657,mendeley_data,full,GRASSY SHOOT,2,6,1200,1600,128.3,64.11,0.3372,10.17,18.97,35.17,0.6942,140.02
SMP_05658,mendeley_data,full,GRASSY SHOOT,2,6,6016,4016,5553.22,44.6,0.255,10.72,11.72,22.74,0.6178,241.38
SMP_05659,mendeley_data,full,GRASSY SHOOT,2,6,6016,4016,7970.02,63.5,0.1911,20.79,12.97,17.25,0.7408,259.96
SMP_05660,mendeley_data,full,GRASSY SHOOT,2,6,6016,4016,6872.12,33.22,0.1603,19.54,11.6,25.27,0.5908,233.67
SMP_05661,mendeley_data,full,GRASSY SHOOT,2,6,6016,4016,6886.58,60.99,0.0687,26.3,5.61,25.42,0.7355,244.48
SMP_05662,mendeley_data,full,GRASSY SHOOT,2,6,6016,4016,7043.93,42.06,0.2337,26.13,10.85,20.9,0.7194,283.38
SMP_05663,mendeley_data,full,GRASSY SHOOT,2,6,6016,4016,6999.55,32.59,0.2504,13.01,14.99,28.33,0.5905,266.23
SMP_05664,mendeley_data,full,GRASSY SHOOT,2,6,6016,4016,7356.97,67.53,0.2373,4.52,6.01,40.62,0.673,277.2
SMP_05665,mendeley_data,full,GRASSY SHOOT,2,6,6016,4016,6764.81,61.29,0.0823,12.41,13.41,29.01,0.6454,293.31
SMP_05666,mendeley_data,full,GRASSY SHOOT,2,6,6016,4016,8315.5,50.54,0.1371,14.32,-5.42,31.17,0.6048,338.05
SMP_05667,mendeley_data,full,GRASSY SHOOT,2,6,6016,4016,7744.35,48.41,0.224,24.42,13.79,30.42,0.7263,259.02
SMP_05668,mendeley_data,full,GRASSY SHOOT,2,6,6016,4016,7834.12,53.27,0.2893,24.9,-1.17,22.42,0.6994,262.47
SMP_05669,mendeley_data,full,GRASSY SHOOT,2,6,6016,4016,7879.86,50.34,0.1972,19.63,-5.44,19.73,0.6272,261.27
SMP_05670,mendeley_data,full,GRASSY SHOOT,2,6,6016,4016,8006.03,38.49,0.2546,25.92,2.77,25.12,0.8006,253.65
SMP_05671,mendeley_data,full,GRASSY SHOOT,2,6,6016,4016,8112.48,43.06,0.1483,40.5,6.66,26.08,0.6606,317.79
SMP_05672,mendeley_data,full,GRASSY SHOOT,2,6,6016,4016,7989.48,71.53,0.2104,19.05,7.68,33.8,0.6192,281.49
SMP_05673,mendeley_data,full,GRASSY SHOOT,2,6,6016,4016,7093.6,80.07,0.1863,18.13,15.32,21.47,0.6912,246.52
SMP_05674,mendeley_data,full,GRASSY SHOOT,2,6,6016,4016,6985.41,66.75,0.2594,13.27,0.54,26.18,0.7914,266.23
SMP_05675,mendeley_data,full,GRASSY SHOOT,2,6,6016,4016,7175.16,53.74,0.173,22.55,18.15,25.99,0.6021,271.94
SMP_05676,mendeley_data,full,GRASSY SHOOT,2,6,6016,4016,7314.66,43.95,0.2839,29.1,18.17,24.26,0.6885,305.55
SMP_05677,mendeley_data,full,GRASSY SHOOT,2,6,6016,4016,7892.25,38.42,0.1846,16.01,6.81,29.27,0.6663,313.8
SMP_05678,mendeley_data,full,GRASSY SHOOT,2,6,6016,4016,6546.38,39.21,0.1465,16.87,-1.62,27.43,0.7019,241.09
SMP_05679,mendeley_data,full,GRASSY SHOOT,2,6,6016,4016,7330.72,41.36,0.1482,15.83,24.93,34.26,0.6159,286.6
SMP_05680,mendeley_data,full,GRASSY SHOOT,2,6,6016,4016,8401.13,73.81,0.1689,10.79,18.8,26.91,0.71,286.07
SMP_05681,mendeley_data,full,GRASSY SHOOT,2,6,6016,4016,8644.7,69.68,0.2185,21.07,6.52,14.39,0.7035,296.17
SMP_05682,mendeley_data,full,GRASSY SHOOT,2,6,6016,4016,7628.65,56.96,0.1695,21.36,-5.9,19.9,0.7377,228.01
SMP_05683,mendeley_data,full,GRASSY SHOOT,2,6,6016,4016,8258.86,36.47,0.159,19.67,9.96,22.82,0.7107,261.34
SMP_05684,mendeley_data,full,GRASSY SHOOT,2,6,6016,4016,9687.62,58.72,0.2445,34.71,0.28,11.17,0.744,290.83
SMP_05685,mendeley_data,full,GRASSY SHOOT,2,6,6016,4016,10270.94,45.14,0.0394,23.2,11.99,19.61,0.7088,334.08
SMP_05686,mendeley_data,full,GRASSY SHOOT,2,6,6016,4016,10149.97,22.16,0.1785,11.07,6.84,31.87,0.7468,332.01
SMP_05687,mendeley_data,full,GRASSY SHOOT,2,6,6016,4016,6217.11,51.45,0.1333,25.06,-7.77,16.85,0.7327,274.86
SMP_05688,mendeley_data,full,GRASSY SHOOT,2,6,6016,4016,6984.53,37.9,0.1566,17.28,-4.44,29.03,0.7136,289.31
SMP_05689,mendeley_data,full,GRASSY SHOOT,2,6,6016,4016,6611.8,38.3,0.2122,17.37,-1.1,18.25,0.721,278.57
SMP_05690,mendeley_data,full,GRASSY SHOOT,2,6,6016,4016,6535.15,45.0,0.1897,18.61,18.13,25.87,0.7042,310.36
SMP_05691,mendeley_data,full,GRASSY SHOOT,2,6,6016,4016,8944.47,42.02,0.1852,17.72,-0.2,25.97,0.6331,286.01
SMP_05692,mendeley_data,full,GRASSY SHOOT,2,6,6016,4016,8160.71,47.59,0.2595,22.16,-13.19,27.54,0.6875,283.14
SMP_05693,mendeley_data,full,GRASSY SHOOT,2,6,6016,4016,6160.15,47.01,0.1993,36.92,3.39,17.33,0.6418,301.16
SMP_05694,mendeley_data,full,GRASSY SHOOT,2,6,6016,4016,8083.93,25.49,0.2903,17.05,2.91,32.04,0.7165,290.92
SMP_05695,mendeley_data,full,GRASSY SHOOT,2,6,6016,4016,9562.91,66.24,0.2356,20.71,17.72,23.29,0.5191,330.43
SMP_05696,mendeley_data,full,GRASSY SHOOT,2,6,6016,4016,8733.43,36.2,0.1517,21.87,17.12,20.51,0.658,318.58
SMP_05697,mendeley_data,full,GRASSY SHOOT,2,6,6016,4016,8439.27,36.57,0.2967,15.9,-5.47,28.77,0.5947,264.59
SMP_05698,mendeley_data,full,GRASSY SHOOT,2,6,6016,4016,7935.56,44.06,0.2139,16.79,8.15,25.86,0.6785,275.2
SMP_05699,mendeley_data,full,GRASSY SHOOT,2,6,6016,4016,7724.32,46.7,0.2936,27.95,11.33,21.69,0.6166,268.92
SMP_05700,mendeley_data,full,GRASSY SHOOT,2,6,6016,4016,7967.82,65.51,0.1867,15.92,4.03,23.54,0.7999,340.32
SMP_05701,mendeley_data,full,GRASSY SHOOT,2,6,6016,4016,8774.13,51.23,0.2136,12.9,6.41,8.89,0.5991,276.16
SMP_05702,mendeley_data,full,GRASSY SHOOT,2,6,6016,4016,6844.23,54.8,0.2216,34.26,13.84,24.8,0.6509,245.04
SMP_05703,mendeley_data,full,GRASSY SHOOT,2,6,6016,4016,6945.05,51.29,0.1916,10.36,7.34,23.47,0.787,281.69
SMP_05704,mendeley_data,full,GRASSY SHOOT,2,6,6016,4016,5515.75,50.78,0.2636,27.07,10.36,23.26,0.7605,215.14
SMP_05705,mendeley_data,full,GRASSY SHOOT,2,6,6016,4016,4559.38,51.72,0.2966,18.39,16.26,21.45,0.7588,228.44
SMP_05706,mendeley_data,full,GRASSY SHOOT,2,6,6016,4016,4418.29,24.81,0.0853,10.28,1.43,29.69,0.5662,255.84
SMP_05707,mendeley_data,full,GRASSY SHOOT,2,6,6016,4016,4623.9,45.0,0.2407,16.99,11.37,28.55,0.6654,227.7
SMP_05708,mendeley_data,full,GRASSY SHOOT,2,6,6016,4016,5160.46,61.95,0.1553,18.19,1.44,27.69,0.6107,243.87
SMP_05709,mendeley_data,full,GRASSY SHOOT,2,6,6016,4016,5233.29,95.31,0.0704,6.96,13.59,19.71,0.7104,244.68
SMP_05710,mendeley_data,full,GRASSY SHOOT,2,6,6016,4016,5524.83,33.55,0.2259,23.42,0.03,22.07,0.7292,216.64
SMP_05711,mendeley_data,full,GRASSY SHOOT,2,6,6016,4016,4423.36,53.08,0.226,22.62,8.48,9.15,0.767,216.39
SMP_05712,mendeley_data,full,GRASSY SHOOT,2,6,6016,4016,5925.17,41.15,0.234,17.21,3.18,28.54,0.6838,250.7
SMP_05713,mendeley_data,full,GRASSY SHOOT,2,6,6016,4016,6717.79,72.57,0.2186,23.79,9.7,33.98,0.6365,283.46
SMP_05714,mendeley_data,full,GRASSY SHOOT,2,6,6016,4016,7416.78,31.75,0.2438,21.63,-1.76,13.53,0.632,226.86
SMP_05715,mendeley_data,full,GRASSY SHOOT,2,6,6016,4016,7579.14,55.5,0.1698,30.35,2.78,31.95,0.6804,335.96
SMP_05716,mendeley_data,full,GRASSY SHOOT,2,6,6016,4016,7035.66,31.11,0.2132,11.38,4.58,33.01,0.7111,307.42
SMP_05717,mendeley_data,full,GRASSY SHOOT,2,6,6016,4016,8177.97,44.18,0.2349,17.66,-3.6,20.58,0.73,314.8
SMP_05718,mendeley_data,full,GRASSY SHOOT,2,6,6016,4016,7325.83,47.59,0.2676,28.01,0.14,41.79,0.6983,281.89
SMP_05719,mendeley_data,full,GRASSY SHOOT,2,6,6016,4016,8308.78,60.84,0.2022,24.33,-8.12,20.37,0.5981,260.08
SMP_05720,mendeley_data,full,GRASSY SHOOT,2,6,6016,4016,7752.39,35.07,0.1893,1.59,8.02,23.15,0.6902,291.92
SMP_05721,mendeley_data,full,GRASSY SHOOT,2,6,6016,4016,7580.08,55.96,0.1972,6.65,11.35,24.5,0.7048,303.48
SMP_05722,mendeley_data,full,GRASSY SHOOT,2,6,6016,4016,6689.24,48.23,0.1403,20.01,-6.13,29.15,0.5128,233.97
SMP_05723,mendeley_data,full,GRASSY SHOOT,2,6,6016,4016,7294.57,51.27,0.2385,33.12,-4.37,20.95,0.6941,309.11
SMP_05724,mendeley_data,full,GRASSY SHOOT,2,6,6016,4016,5939.86,59.5,0.1271,16.55,-2.67,23.06,0.6793,205.69
SMP_05725,mendeley_data,full,GRASSY SHOOT,2,6,6016,4016,6587.81,32.61,0.2195,25.19,-5.19,17.93,0.7324,325.85
SMP_05726,mendeley_data,full,GRASSY SHOOT,2,6,6016,4016,7346.22,57.73,0.2042,20.66,8.19,26.67,0.6264,288.63
SMP_05727,mendeley_data,full,GRASSY SHOOT,2,6,6016,4016,7381.22,41.17,0.1225,24.63,-0.53,34.06,0.6738,284.17
SMP_05728,mendeley_data,full,GRASSY SHOOT,2,6,6016,4016,6430.09,61.15,0.1253,28.57,7.0,24.75,0.6586,282.52
SMP_05729,mendeley_data,full,GRASSY SHOOT,2,6,6016,4016,6923.41,52.01,0.1573,27.55,-0.98,30.1,0.6904,240.56
SMP_05730,mendeley_data,full,GRASSY SHOOT,2,6,6016,4016,4293.24,45.49,0.1828,27.27,2.28,23.85,0.6178,267.04
SMP_05731,mendeley_data,full,GRASSY SHOOT,2,6,6016,4016,5998.88,40.92,0.274,15.08,13.31,35.05,0.7384,282.34
SMP_05732,mendeley_data,full,GRASSY SHOOT,2,6,6016,4016,6643.55,57.88,0.1945,18.79,-4.24,26.43,0.5783,312.07
SMP_05733,mendeley_data,full,GRASSY SHOOT,2,6,6016,4016,4219.35,63.13,0.2273,24.15,0.51,19.64,0.7109,222.51
SMP_05734,mendeley_data,full,GRASSY SHOOT,2,6,6016,4016,4984.35,41.61,0.2633,23.86,8.34,26.57,0.8612,191.14
SMP_05735,mendeley_data,full,GRASSY SHOOT,2,6,6016,4016,8588.77,34.4,0.2537,24.76,2.45,24.71,0.6657,270.24
SMP_05736,mendeley_data,full,GRASSY SHOOT,2,6,6016,4016,6634.22,56.33,0.1996,5.85,6.51,24.58,0.7623,303.84
SMP_05737,mendeley_data,full,GRASSY SHOOT,2,6,6016,4016,8183.41,30.62,0.1647,29.58,5.01,28.37,0.649,298.92
SMP_05738,mendeley_data,full,GRASSY SHOOT,2,6,6016,4016,7763.49,32.33,0.2249,6.37,-7.05,16.66,0.7876,318.23
SMP_05739,mendeley_data,full,GRASSY SHOOT,2,6,6016,4016,9473.98,35.25,0.1657,13.99,16.19,24.87,0.667,372.13
SMP_05740,mendeley_data,full,GRASSY SHOOT,2,6,6016,4016,6734.23,43.01,0.2907,21.56,4.21,32.46,0.687,305.1
SMP_05741,mendeley_data,full,GRASSY SHOOT,2,6,6016,4016,7101.88,31.96,0.2434,19.76,17.76,33.83,0.6875,305.67
SMP_05742,mendeley_data,full,GRASSY SHOOT,2,6,6016,4016,8081.28,24.73,0.2104,31.35,7.7,21.62,0.594,284.83
SMP_05743,mendeley_data,full,GRASSY SHOOT,2,6,6016,4016,8348.65,34.37,0.2256,10.63,15.53,16.14,0.719,372.91
SMP_05744,mendeley_data,full,GRASSY SHOOT,2,6,6016,4016,8535.17,55.71,0.2089,17.09,13.18,35.02,0.676,282.31
SMP_05745,mendeley_data,full,GRASSY SHOOT,2,6,6016,4016,7188.38,32.74,0.1816,4.25,14.83,20.54,0.6686,308.2
SMP_05746,mendeley_data,full,GRASSY SHOOT,2,6,6016,4016,8569.01,43.92,0.2249,21.05,3.22,23.46,0.54,321.48
SMP_05747,mendeley_data,full,GRASSY SHOOT,2,6,6016,4016,8263.9,71.36,0.1879,18.34,19.3,21.07,0.7961,322.06
SMP_05748,mendeley_data,full,GRASSY SHOOT,2,6,6016,4016,9313.29,47.41,0.2968,10.08,1.22,25.52,0.8395,286.69
SMP_05749,mendeley_data,full,GRASSY SHOOT,2,6,6016,4016,7036.24,52.11,0.1654,30.47,7.9,22.44,0.5015,337.38
SMP_05750,mendeley_data,full,GRASSY SHOOT,2,6,6016,4016,6491.68,36.65,0.2254,28.64,11.91,31.04,0.6888,200.19
SMP_05751,mendeley_data,full,GRASSY SHOOT,2,6,6016,4016,7473.91,73.96,0.1609,20.58,30.38,30.21,0.6905,214.36
SMP_05752,mendeley_data,full,GRASSY SHOOT,2,6,6016,4016,6469.73,41.5,0.1603,29.11,13.75,18.16,0.8052,215.25
SMP_05753,mendeley_data,full,GRASSY SHOOT,2,6,6016,4016,8398.62,45.26,0.1107,19.26,0.79,16.82,0.6302,339.39
SMP_05754,mendeley_data,full,GRASSY SHOOT,2,6,6016,4016,7890.37,63.8,0.2206,25.71,7.15,19.11,0.7805,241.33
SMP_05755,mendeley_data,full,GRASSY SHOOT,2,6,6016,4016,7639.57,45.82,0.1734,26.9,-5.77,22.06,0.6218,265.95
SMP_05756,mendeley_data,full,GRASSY SHOOT,2,6,6016,4016,6957.11,48.57,0.2542,11.45,16.76,29.48,0.6752,278.45
SMP_05757,mendeley_data,full,LEAF SCALD,2,5,1112,2008,1609.76,44.62,0.2207,23.46,-20.01,27.9,0.7531,186.31
SMP_05758,mendeley_data,full,LEAF SCALD,2,5,1380,2008,1931.02,44.7,0.2074,21.35,3.62,35.48,0.7158,165.14
SMP_05759,mendeley_data,full,LEAF SCALD,2,5,2854,5333,5957.27,52.45,0.1295,11.81,22.57,21.98,0.6834,306.31
SMP_05760,mendeley_data,full,LEAF SCALD,2,5,1542,2033,2012.2,54.64,0.2292,9.78,11.08,19.47,0.7013,166.45
SMP_05761,mendeley_data,full,LEAF SCALD,2,5,2952,1068,2245.4,40.28,0.1669,23.98,8.92,25.81,0.7576,211.23
SMP_05762,mendeley_data,full,LEAF SCALD,2,5,2588,968,2066.36,38.81,0.1284,17.74,-4.53,15.53,0.673,230.09
SMP_05763,mendeley_data,full,LEAF SCALD,2,5,3008,1660,3008.34,40.69,0.2215,8.28,15.65,26.53,0.7048,194.03
SMP_05764,mendeley_data,full,LEAF SCALD,2,5,6016,4016,7724.32,31.18,0.1371,24.64,-2.32,22.48,0.7696,270.72
SMP_05765,mendeley_data,full,LEAF SCALD,2,5,6016,4016,8009.11,28.91,0.0954,27.48,-2.25,37.72,0.6863,262.59
SMP_05766,mendeley_data,full,LEAF SCALD,2,5,6016,4016,8740.06,51.57,0.2649,10.63,15.63,24.72,0.6483,320.22
SMP_05767,mendeley_data,full,LEAF SCALD,2,5,6016,4016,7772.98,59.26,0.172,19.99,-2.58,38.12,0.7302,325.37
SMP_05768,mendeley_data,full,LEAF SCALD,2,5,6016,4016,7859.57,58.45,0.1128,32.15,-6.71,28.57,0.7649,297.91
SMP_05769,mendeley_data,full,LEAF SCALD,2,5,6016,4016,9265.25,19.42,0.1519,12.71,-2.71,30.47,0.7643,320.01
SMP_05770,mendeley_data,full,LEAF SCALD,2,5,6016,4016,10255.19,45.06,0.1639,33.66,6.51,28.53,0.7289,282.26
SMP_05771,mendeley_data,full,LEAF SCALD,2,5,6016,4016,8309.23,34.77,0.2572,17.41,0.98,16.75,0.7903,310.56
SMP_05772,mendeley_data,full,LEAF SCALD,2,5,6016,4016,7376.1,49.72,0.1169,19.44,19.53,34.22,0.6922,277.89
SMP_05773,mendeley_data,full,LEAF SCALD,2,5,6016,4016,7750.51,42.99,0.1331,8.84,5.27,30.72,0.6475,292.72
SMP_05774,mendeley_data,full,LEAF SCALD,2,5,6016,4016,5973.62,55.1,0.249,9.13,-4.92,26.46,0.583,246.05
SMP_05775,mendeley_data,full,LEAF SCALD,2,5,6016,4016,7528.55,47.77,0.1775,14.75,-9.94,17.63,0.611,333.08
SMP_05776,mendeley_data,full,LEAF SCALD,2,5,6016,4016,6403.74,25.25,0.2114,27.09,12.2,15.85,0.7126,273.68
SMP_05777,mendeley_data,full,LEAF SCALD,2,5,6016,4016,7622.72,36.39,0.1755,38.72,7.4,24.39,0.7127,295.41
SMP_05778,mendeley_data,full,LEAF SCALD,2,5,6016,4016,8228.45,48.07,0.301,40.85,9.87,31.29,0.7815,342.13
SMP_05779,mendeley_data,full,LEAF SCALD,2,5,6016,4016,7142.36,49.08,0.1355,19.01,1.58,26.5,0.7263,290.41
SMP_05780,mendeley_data,full,LEAF SCALD,2,5,6016,4016,8278.42,31.13,0.2141,17.15,6.23,27.95,0.7097,334.35
SMP_05781,mendeley_data,full,LEAF SCALD,2,5,6016,4016,8101.33,29.56,0.2751,12.13,14.53,35.06,0.6407,326.46
SMP_05782,mendeley_data,full,LEAF SCALD,2,5,6016,4016,8518.08,48.67,0.1813,28.92,5.04,31.18,0.7628,326.13
SMP_05783,mendeley_data,full,LEAF SCALD,2,5,6016,4016,7394.95,31.16,0.1623,14.19,-4.18,30.12,0.8495,279.16
SMP_05784,mendeley_data,full,LEAF SCALD,2,5,6016,4016,5392.76,27.98,0.2384,18.1,10.78,30.14,0.6578,256.33
SMP_05785,mendeley_data,full,LEAF SCALD,2,5,6016,4016,7565.92,42.66,0.2502,23.98,2.21,28.56,0.6284,300.55
SMP_05786,mendeley_data,full,LEAF SCALD,2,5,6016,4016,9088.08,42.14,0.16,23.61,12.73,29.58,0.6328,380.4
SMP_05787,mendeley_data,full,LEAF SCALD,2,5,3008,2008,3684.72,37.46,0.2731,15.12,5.2,29.03,0.7953,210.88
SMP_05788,mendeley_data,full,LEAF SCALD,2,5,3008,2008,3554.45,39.56,0.2026,19.24,11.89,29.39,0.733,222.92
SMP_05789,mendeley_data,full,LEAF SCALD,2,5,3008,2008,3468.46,48.17,0.2254,15.33,9.06,47.37,0.6859,198.7
SMP_05790,mendeley_data,full,LEAF SCALD,2,5,1200,1600,85.65,39.36,0.2744,13.34,15.38,25.36,0.7198,134.47
SMP_05791,mendeley_data,full,LEAF SCALD,2,5,1200,1600,139.36,48.85,0.2384,11.8,12.7,12.55,0.5676,132.26
SMP_05792,mendeley_data,full,LEAF SCALD,2,5,1200,1600,157.81,43.43,0.2,8.23,-5.44,19.54,0.8003,109.45
SMP_05793,mendeley_data,full,LEAF SCALD,2,5,1200,1600,109.15,50.01,0.1664,22.9,-9.99,32.74,0.7293,153.79
SMP_05794,mendeley_data,full,LEAF SCALD,2,5,1200,1600,103.07,58.54,0.3354,18.07,4.38,28.38,0.7394,126.19
SMP_05795,mendeley_data,full,LEAF SCALD,2,5,1200,1600,157.81,58.07,0.1605,10.92,9.81,24.27,0.6485,171.73
SMP_05796,mendeley_data,full,LEAF SCALD,2,5,1200,1600,109.15,63.46,0.2159,10.18,-0.8,28.53,0.5956,176.48
SMP_05797,mendeley_data,full,LEAF SCALD,2,5,1200,1600,103.07,58.06,0.2255,10.05,8.57,31.6,0.694,137.71
SMP_05798,mendeley_data,full,LEAF SCALD,2,5,1200,1600,101.93,50.86,0.2279,15.1,8.23,29.29,0.7168,162.8
SMP_05799,mendeley_data,full,LEAF SCALD,2,5,1200,1600,103.39,42.8,0.3064,29.01,4.42,34.58,0.6919,69.55
SMP_05800,mendeley_data,full,LEAF SCALD,2,5,1200,1600,101.93,43.35,0.2024,14.55,-0.08,37.32,0.7442,139.33
SMP_05801,mendeley_data,full,LEAF SCALD,2,5,1200,1600,103.39,37.47,0.1952,24.46,-3.15,31.55,0.6192,132.72
SMP_05802,mendeley_data,full,LEAF SCALD,2,5,1200,1600,137.69,48.05,0.2776,32.48,24.83,25.65,0.6183,176.67
SMP_05803,mendeley_data,full,LEAF SCALD,2,5,1200,1600,137.69,56.37,0.1932,21.35,-11.97,34.11,0.6246,129.33
SMP_05804,mendeley_data,full,LEAF SCALD,2,5,1200,1600,62.05,39.29,0.2438,13.88,-4.91,21.59,0.6029,169.33
SMP_05805,mendeley_data,full,LEAF SCALD,2,5,1200,1600,137.69,47.55,0.2097,19.28,25.8,19.0,0.6509,167.72
SMP_05806,mendeley_data,full,LEAF SCALD,2,5,1200,1600,157.29,39.87,0.246,19.65,-3.26,18.95,0.6561,78.9
SMP_05807,mendeley_data,full,LEAF SCALD,2,5,1200,1600,100.33,50.51,0.2363,33.82,0.5,24.49,0.6917,151.52
SMP_05808,mendeley_data,full,LEAF SCALD,2,5,1200,1600,100.33,41.41,0.1798,6.14,10.44,19.56,0.7428,192.34
SMP_05809,mendeley_data,full,LEAF SCALD,2,5,1200,1600,116.11,39.13,0.1078,28.92,8.85,28.0,0.7059,163.01
SMP_05810,mendeley_data,full,LEAF SCALD,2,5,1200,1600,91.39,39.84,0.1163,6.06,8.54,29.84,0.5798,139.32
SMP_05811,mendeley_data,full,LEAF SCALD,2,5,1200,1600,203.14,54.04,0.108,26.49,16.96,37.02,0.7363,109.91
SMP_05812,mendeley_data,full,LEAF SCALD,2,5,1200,1600,62.24,46.84,0.1954,16.73,-2.66,23.93,0.6022,113.79
SMP_05813,mendeley_data,full,LEAF SCALD,2,5,1200,1600,177.46,42.86,0.0824,34.61,6.4,32.83,0.5331,170.27
SMP_05814,mendeley_data,full,LEAF SCALD,2,5,1200,1600,66.74,51.14,0.192,25.39,4.57,27.6,0.7377,63.4
SMP_05815,mendeley_data,full,LEAF SCALD,2,5,1200,1600,85.58,43.03,0.2067,24.59,-2.03,30.23,0.7508,157.22
SMP_05816,mendeley_data,full,LEAF SCALD,2,5,1200,1600,61.35,61.52,0.2428,12.47,5.83,37.18,0.7754,145.23
SMP_05817,mendeley_data,full,LEAF SCALD,2,5,1200,1600,61.97,36.31,0.2252,34.44,9.48,30.94,0.699,135.89
SMP_05818,mendeley_data,full,LEAF SCALD,2,5,1200,1600,58.44,45.76,0.2451,42.52,9.68,21.47,0.7833,144.21
SMP_05819,mendeley_data,full,LEAF SCALD,2,5,1200,1600,135.47,31.14,0.2207,36.09,13.56,19.33,0.5668,116.0
SMP_05820,mendeley_data,full,LEAF SCALD,2,5,1200,1600,103.12,43.84,0.1838,11.98,4.68,17.27,0.6547,169.11
SMP_05821,mendeley_data,full,LEAF SCALD,2,5,1200,1600,100.09,27.84,0.1947,18.48,-3.06,15.44,0.7437,140.67
SMP_05822,mendeley_data,full,LEAF SCALD,2,5,1200,1600,151.26,56.96,0.1574,10.49,-6.07,23.4,0.6796,154.62
SMP_05823,mendeley_data,full,LEAF SCALD,2,5,1200,1600,139.78,57.2,0.2114,15.12,1.31,27.27,0.7152,107.18
SMP_05824,mendeley_data,full,LEAF SCALD,2,5,1200,1600,107.05,57.41,0.1208,22.27,-5.82,26.17,0.7135,119.62
SMP_05825,mendeley_data,full,LEAF SCALD,2,5,1200,1600,110.59,48.35,0.2533,25.84,-0.69,22.31,0.7425,150.93
SMP_05826,mendeley_data,full,LEAF SCALD,2,5,1200,1600,90.41,37.44,0.1522,24.26,-4.45,14.81,0.8153,204.64
SMP_05827,mendeley_data,full,LEAF SCALD,2,5,1200,1600,100.74,38.4,0.2077,6.23,-0.24,33.81,0.7146,158.27
SMP_05828,mendeley_data,full,LEAF SCALD,2,5,1200,1600,90.63,66.36,0.2161,19.71,19.27,21.8,0.7229,192.98
SMP_05829,mendeley_data,full,LEAF SCALD,2,5,1200,1600,93.93,65.23,0.2581,24.14,4.01,29.12,0.6163,206.7
SMP_05830,mendeley_data,full,LEAF SCALD,2,5,1200,1600,114.83,49.47,0.1159,27.59,17.58,19.84,0.6492,136.23
SMP_05831,mendeley_data,full,LEAF SCALD,2,5,1200,1600,104.18,41.81,0.1837,23.43,8.34,16.28,0.6914,180.61
SMP_05832,mendeley_data,full,LEAF SCALD,2,5,1200,1600,151.26,64.42,0.2275,23.91,0.02,23.2,0.6691,143.62
SMP_05833,mendeley_data,full,LEAF SCALD,2,5,1200,1600,135.47,39.67,0.2876,18.09,4.01,29.37,0.599,121.17
SMP_05834,mendeley_data,full,LEAF SCALD,2,5,1200,1600,100.09,50.75,0.1981,22.17,-8.21,15.84,0.75,180.77
SMP_05835,mendeley_data,full,LEAF SCALD,2,5,1200,1600,109.43,64.22,0.1703,40.68,2.35,24.1,0.6445,142.09
SMP_05836,mendeley_data,full,LEAF SCALD,2,5,1200,1600,110.96,37.96,0.3013,29.66,-5.49,25.27,0.6785,135.78
SMP_05837,mendeley_data,full,LEAF SCALD,2,5,1200,1600,307.84,57.95,0.2401,22.92,9.79,23.47,0.5922,178.65
SMP_05838,mendeley_data,full,LEAF SCALD,2,5,1200,1600,183.33,54.25,0.2687,25.83,1.52,18.5,0.7265,128.04
SMP_05839,mendeley_data,full,LEAF SCALD,2,5,1200,1600,170.59,47.53,0.1395,20.61,2.57,25.1,0.6645,129.15
SMP_05840,mendeley_data,full,LEAF SCALD,2,5,1200,1600,143.76,36.08,0.2261,20.57,1.66,21.79,0.7219,165.25
SMP_05841,mendeley_data,full,LEAF SCALD,2,5,1200,1600,230.36,39.31,0.1458,27.6,12.19,17.26,0.4885,164.37
SMP_05842,mendeley_data,full,LEAF SCALD,2,5,1200,1600,147.04,51.47,0.1347,15.21,-2.12,33.05,0.6268,153.45
SMP_05843,mendeley_data,full,LEAF SCALD,2,5,1200,1600,140.43,30.92,0.2291,18.96,-2.65,31.89,0.7408,162.62
SMP_05844,mendeley_data,full,LEAF SCALD,2,5,6016,4016,6758.9,49.57,0.2326,9.04,7.74,22.17,0.6758,316.84
SMP_05845,mendeley_data,full,LEAF SCALD,2,5,6016,4016,7385.09,54.49,0.1759,26.21,13.69,22.44,0.83,267.34
SMP_05846,mendeley_data,full,LEAF SCALD,2,5,6016,4016,7945.88,59.82,0.2716,28.56,7.65,25.41,0.7018,325.67
SMP_05847,mendeley_data,full,LEAF SCALD,2,5,6016,4016,7069.06,31.22,0.1815,24.82,22.49,31.11,0.7418,304.73
SMP_05848,mendeley_data,full,LEAF SCALD,2,5,6016,4016,7151.85,63.79,0.1865,18.13,-2.47,33.89,0.7285,375.52
SMP_05849,mendeley_data,full,LEAF SCALD,2,5,6016,4016,7304.41,68.34,0.1982,19.65,-12.33,17.18,0.6321,328.11
SMP_05850,mendeley_data,full,LEAF SCALD,2,5,6016,4016,7240.86,52.92,0.1879,21.18,8.9,31.71,0.6605,274.44
SMP_05851,mendeley_data,full,LEAF SCALD,2,5,6016,4016,6924.06,35.54,0.2639,28.76,3.77,26.71,0.7272,291.89
SMP_05852,mendeley_data,full,LEAF SCALD,2,5,6016,4016,7245.54,44.06,0.1479,28.29,8.77,24.97,0.7109,294.03
SMP_05853,mendeley_data,full,LEAF SCALD,2,5,6016,4016,7321.51,47.43,0.1623,8.52,11.85,18.76,0.5581,357.91
SMP_05854,mendeley_data,full,LEAF SCALD,2,5,6016,4016,7289.55,51.25,0.1404,12.97,-7.2,25.05,0.7503,313.56
SMP_05855,mendeley_data,full,LEAF SCALD,2,5,6016,4016,6214.13,48.26,0.2942,23.48,2.71,25.27,0.6908,258.22
SMP_05856,mendeley_data,full,LEAF SCALD,2,5,6016,4016,7175.97,51.37,0.1838,9.29,9.69,23.9,0.5462,279.49
SMP_05857,mendeley_data,full,LEAF SCALD,2,5,6016,4016,6981.27,46.91,0.1616,27.35,7.04,24.97,0.6364,266.83
SMP_05858,mendeley_data,full,LEAF SCALD,2,5,6016,4016,7556.33,51.18,0.1856,17.8,3.59,32.43,0.7273,280.49
SMP_05859,mendeley_data,full,LEAF SCALD,2,5,6016,4016,6681.72,42.47,0.2425,25.66,10.91,27.88,0.6364,324.92
SMP_05860,mendeley_data,full,LEAF SCALD,2,5,6016,4016,7790.22,43.94,0.2332,20.27,12.97,31.76,0.6412,294.78
SMP_05861,mendeley_data,full,LEAF SCALD,2,5,6016,4016,8345.69,41.09,0.1712,19.21,-11.41,17.42,0.7319,351.35
SMP_05862,mendeley_data,full,LEAF SCALD,2,5,6016,4016,7963.02,71.01,0.18,11.3,17.61,23.86,0.6317,310.86
SMP_05863,mendeley_data,full,LEAF SCALD,2,5,6016,4016,7776.57,65.57,0.1272,15.62,-4.78,23.02,0.7272,265.84
SMP_05864,mendeley_data,full,LEAF SCALD,2,5,6016,4016,8184.02,54.66,0.2069,19.08,9.76,29.41,0.5951,275.11
SMP_05865,mendeley_data,full,LEAF SCALD,2,5,6016,4016,8272.94,63.9,0.2641,18.81,2.36,27.43,0.7361,291.6
SMP_05866,mendeley_data,full,LEAF SCALD,2,5,6016,4016,7422.84,57.58,0.1709,25.79,15.04,30.59,0.7596,320.61
SMP_05867,mendeley_data,full,LEAF SCALD,2,5,6016,4016,8104.21,50.18,0.2318,14.86,10.77,35.64,0.692,312.67
SMP_05868,mendeley_data,full,LEAF SCALD,2,5,6016,4016,6479.2,29.93,0.1709,19.76,9.71,27.37,0.6802,216.33
SMP_05869,mendeley_data,full,LEAF SCALD,2,5,6016,4016,6891.92,44.85,0.1452,32.04,6.78,25.8,0.6063,260.35
SMP_05870,mendeley_data,full,LEAF SCALD,2,5,6016,4016,7768.17,43.98,0.234,26.57,0.7,24.45,0.7463,297.77
SMP_05871,mendeley_data,full,LEAF SCALD,2,5,6016,4016,7156.54,34.4,0.3174,20.84,-2.92,15.53,0.6886,288.89
SMP_05872,mendeley_data,full,LEAF SCALD,2,5,6016,4016,7379.92,30.17,0.2272,8.34,-6.06,18.5,0.7598,242.51
SMP_05873,mendeley_data,full,LEAF SCALD,2,5,6016,4016,7619.55,53.91,0.1793,9.01,-0.01,16.27,0.7193,265.67
SMP_05874,mendeley_data,full,LEAF SCALD,2,5,6016,4016,7781.23,51.89,0.1825,25.1,12.3,22.77,0.7792,292.21
SMP_05875,mendeley_data,full,LEAF SCALD,2,5,6016,4016,7548.01,33.99,0.2955,25.92,-3.02,23.64,0.7415,256.89
SMP_05876,mendeley_data,full,LEAF SCALD,2,5,6016,4016,7512.78,39.05,0.2153,4.44,14.67,36.37,0.7475,254.42
SMP_05877,mendeley_data,full,LEAF SCALD,2,5,6016,4016,7440.13,61.93,0.1617,25.6,-3.21,26.6,0.6998,279.75
SMP_05878,mendeley_data,full,LEAF SCALD,2,5,6016,4016,3501.53,37.47,0.1969,15.5,3.68,26.92,0.6577,238.8
SMP_05879,mendeley_data,full,LEAF SCALD,2,5,6016,4016,7389.83,50.05,0.2108,16.76,8.61,21.49,0.6774,292.17
SMP_05880,mendeley_data,full,LEAF SCALD,2,5,6016,4016,6115.32,45.72,0.2235,27.11,13.21,25.15,0.6517,238.8
SMP_05881,mendeley_data,full,LEAF SCALD,2,5,6016,4016,6972.02,54.08,0.2756,25.86,2.07,12.76,0.7176,284.67
SMP_05882,mendeley_data,full,LEAF SCALD,2,5,6016,4016,8170.4,37.73,0.2638,19.21,8.85,29.84,0.573,285.49
SMP_05883,mendeley_data,full,LEAF SCALD,2,5,6016,4016,7744.91,49.08,0.2099,25.51,6.7,23.53,0.7041,309.82
SMP_05884,mendeley_data,full,LEAF SCALD,2,5,6016,4016,8679.31,50.02,0.1979,17.09,3.0,18.7,0.694,287.84
SMP_05885,mendeley_data,full,LEAF SCALD,2,5,6016,4016,6206.43,50.76,0.2198,13.68,-3.31,24.98,0.6908,244.57
SMP_05886,mendeley_data,full,LEAF SCALD,2,5,6016,4016,6365.88,48.95,0.1696,30.08,8.52,30.0,0.6247,267.47
SMP_05887,mendeley_data,full,LEAF SCALD,2,5,6016,4016,6892.2,52.14,0.249,30.61,5.22,30.63,0.5897,298.31
SMP_05888,mendeley_data,full,LEAF SCALD,2,5,6016,4016,8007.43,74.3,0.1898,14.85,2.44,36.78,0.6269,324.6
SMP_05889,mendeley_data,full,LEAF SCALD,2,5,6016,4016,5656.5,78.74,0.2245,15.73,5.92,25.27,0.676,272.29
SMP_05890,mendeley_data,full,LEAF SCALD,2,5,6016,4016,6590.24,40.33,0.2857,27.13,9.57,19.15,0.6738,334.57
SMP_05891,mendeley_data,full,LEAF SCALD,2,5,6016,4016,4336.32,20.18,0.2276,14.45,-8.44,28.08,0.6673,236.4
SMP_05892,mendeley_data,full,LEAF SCALD,2,5,6016,4016,8619.92,55.15,0.2115,26.41,0.63,31.87,0.679,323.18
SMP_05893,mendeley_data,full,LEAF SCALD,2,5,6016,4016,9131.87,50.24,0.1741,11.8,-2.79,28.95,0.6171,318.84
SMP_05894,mendeley_data,full,LEAF SCALD,2,5,6016,4016,8797.54,60.73,0.1961,17.71,-2.19,26.8,0.6937,292.77
SMP_05895,mendeley_data,full,LEAF SCALD,2,5,6016,4016,6892.52,51.42,0.1432,27.83,-1.31,30.4,0.5468,276.77
SMP_05896,mendeley_data,full,LEAF SCALD,2,5,6016,4016,8038.62,48.7,0.2267,12.25,13.79,23.92,0.7617,300.5
SMP_05897,mendeley_data,full,LEAF SCALD,2,5,6016,4016,6138.81,61.55,0.0933,15.3,7.67,26.39,0.6567,257.16
SMP_05898,mendeley_data,full,LEAF SCALD,2,5,6016,4016,6987.83,63.23,0.2484,23.01,-3.8,27.62,0.7837,272.65
SMP_05899,mendeley_data,full,LEAF SCALD,2,5,6016,4016,7032.77,31.36,0.2366,5.61,6.49,10.14,0.6687,323.1
SMP_05900,mendeley_data,full,LEAF SCALD,2,5,6016,4016,8254.77,38.2,0.2049,20.58,8.43,22.0,0.7088,271.64
SMP_05901,mendeley_data,full,LEAF SCALD,2,5,6016,4016,5866.92,46.73,0.1733,29.29,2.13,18.43,0.7993,239.28
SMP_05902,mendeley_data,full,LEAF SCALD,2,5,6016,4016,5867.1,49.18,0.1992,26.92,-5.3,17.66,0.7021,235.75
SMP_05903,mendeley_data,full,LEAF SCALD,2,5,6016,4016,8839.33,45.29,0.1113,19.6,-3.71,17.56,0.6314,348.46
SMP_05904,mendeley_data,full,LEAF SCALD,2,5,6016,4016,7223.12,53.21,0.2412,20.17,-7.69,26.62,0.7471,320.06
SMP_05905,mendeley_data,full,LEAF SCALD,2,5,6016,4016,7589.9,59.95,0.1918,31.93,22.12,29.22,0.7017,287.16
SMP_05906,mendeley_data,full,LEAF SCALD,2,5,6016,4016,6898.38,68.67,0.2758,30.96,-8.83,19.18,0.6002,256.69
SMP_05907,mendeley_data,full,LEAF SCALD,2,5,6016,4016,6768.88,54.95,0.2196,19.24,-5.03,19.5,0.5824,270.27
SMP_05908,mendeley_data,full,LEAF SCALD,2,5,6016,4016,6033.57,37.77,0.2116,14.96,4.81,28.44,0.6271,309.53
SMP_05909,mendeley_data,full,LEAF SCALD,2,5,6016,4016,6219.74,46.23,0.22,26.86,-9.62,31.97,0.7869,208.8
SMP_05910,mendeley_data,full,LEAF SCALD,2,5,6016,4016,7891.96,47.1,0.1512,29.04,-4.27,28.39,0.6904,299.1
SMP_05911,mendeley_data,full,LEAF SCALD,2,5,6016,4016,8787.31,54.18,0.1775,31.03,5.92,31.84,0.676,308.23
SMP_05912,mendeley_data,full,LEAF SCALD,2,5,6016,4016,8141.92,52.66,0.2066,24.67,6.63,24.9,0.7662,279.78
SMP_05913,mendeley_data,full,LEAF SCALD,2,5,6016,4016,7912.14,72.6,0.1849,17.15,8.28,30.67,0.8074,311.89
SMP_05914,mendeley_data,full,LEAF SCALD,2,5,6016,4016,8194.36,42.46,0.1712,6.64,10.72,24.0,0.6835,300.62
SMP_05915,mendeley_data,full,LEAF SCALD,2,5,6016,4016,7097.79,52.62,0.1859,35.51,4.68,28.11,0.7276,254.26
SMP_05916,mendeley_data,full,LEAF SCALD,2,5,6016,4016,8121.79,76.26,0.2022,32.82,-0.51,19.14,0.7288,354.77
SMP_05917,mendeley_data,full,LEAF SCALD,2,5,6016,4016,9399.19,40.98,0.3159,13.86,8.66,34.53,0.7593,296.82
SMP_05918,mendeley_data,full,LEAF SCALD,2,5,6016,4016,7312.2,49.74,0.1837,21.53,16.12,36.29,0.6735,287.56
SMP_05919,mendeley_data,full,LEAF SCALD,2,5,6016,4016,7328.4,36.66,0.1661,18.23,9.94,27.09,0.766,288.98
SMP_05920,mendeley_data,full,LEAF SCALD,2,5,6016,4016,6907.05,48.99,0.1924,20.53,-1.91,35.93,0.5668,294.38
SMP_05921,mendeley_data,full,LEAF SCALD,2,5,6016,4016,6953.21,38.64,0.2751,16.8,9.91,28.78,0.7063,269.79
SMP_05922,mendeley_data,full,LEAF SCALD,2,5,6016,4016,8406.45,60.56,0.2787,25.53,9.47,25.42,0.6164,287.57
SMP_05923,mendeley_data,full,LEAF SCALD,2,5,6016,4016,7441.62,49.77,0.2975,10.93,-4.9,23.3,0.6426,322.33
SMP_05924,mendeley_data,full,LEAF SCALD,2,5,6016,4016,8246.75,36.78,0.203,16.85,3.14,37.16,0.7849,283.1
SMP_05925,mendeley_data,full,LEAF SCALD,2,5,6016,4016,10569.14,58.09,0.2321,26.99,9.53,25.1,0.6548,292.01
SMP_05926,mendeley_data,full,LEAF SCALD,2,5,6016,4016,8517.96,50.16,0.1475,4.21,14.29,25.95,0.6807,305.05
SMP_05927,mendeley_data,full,LEAF SCALD,2,5,6016,4016,11568.43,59.43,0.1823,22.47,-0.17,31.57,0.6636,407.25
SMP_05928,mendeley_data,full,LEAF SCALD,2,5,6016,4016,6816.77,34.23,0.1442,15.62,-6.66,28.3,0.6888,286.39
SMP_05929,mendeley_data,full,LEAF SCALD,2,5,6016,4016,6831.41,52.43,0.2237,32.92,9.07,24.22,0.7531,251.33
SMP_05930,mendeley_data,full,LEAF SCALD,2,5,6016,4016,7406.06,57.28,0.2019,22.63,3.01,31.64,0.6721,302.6
SMP_05931,mendeley_data,full,LEAF SCALD,2,5,6016,4016,8146.2,42.92,0.2113,13.7,6.92,16.52,0.7503,297.91
SMP_05932,mendeley_data,full,LEAF SCALD,2,5,6016,4016,7640.23,32.89,0.1577,31.62,6.52,25.46,0.7203,292.28
SMP_05933,mendeley_data,full,LEAF SCALD,2,5,6016,4016,6880.39,47.5,0.2425,20.17,6.19,26.18,0.5943,248.22
SMP_05934,mendeley_data,full,LEAF SCALD,2,5,6016,4016,7395.92,62.74,0.0796,21.05,1.69,25.12,0.7105,302.15
SMP_05935,mendeley_data,full,LEAF SCALD,2,5,6016,4016,6992.4,61.51,0.1874,27.1,12.25,30.99,0.7665,288.47
SMP_05936,mendeley_data,full,LEAF SCALD,2,5,6016,4016,9134.1,42.86,0.1947,15.15,-1.79,20.99,0.6836,297.47
SMP_05937,mendeley_data,full,LEAF SCALD,2,5,6016,4016,6550.19,32.6,0.0989,31.58,7.12,25.29,0.6984,302.54
SMP_05938,mendeley_data,full,LEAF SCALD,2,5,6016,4016,6686.52,42.83,0.2192,24.62,8.12,41.05,0.7164,278.15
SMP_05939,mendeley_data,full,LEAF SCALD,2,5,6016,4016,7531.65,42.38,0.1913,14.87,3.44,30.32,0.7575,327.51
SMP_05940,mendeley_data,full,LEAF SCALD,2,5,6016,4016,7758.45,53.36,0.2281,16.54,11.35,31.94,0.7828,264.36
SMP_05941,mendeley_data,full,LEAF SCALD,2,5,6016,4016,8445.02,46.74,0.3,9.95,1.28,25.34,0.7467,340.19
SMP_05942,mendeley_data,full,LEAF SCALD,2,5,6016,4016,6438.53,38.96,0.2162,22.46,23.37,34.3,0.6915,270.15
SMP_05943,mendeley_data,full,LEAF SCALD,2,5,6016,4016,7945.35,61.25,0.2486,18.58,6.89,16.51,0.7334,304.72
SMP_05944,mendeley_data,full,LEAF SCALD,2,5,6016,4016,8346.72,49.69,0.269,22.5,14.91,32.75,0.746,354.98
SMP_05945,mendeley_data,full,LEAF SCALD,2,5,6016,4016,7478.69,53.22,0.2246,6.39,12.1,24.54,0.61,295.04
SMP_05946,mendeley_data,full,LEAF SCALD,2,5,6016,4016,7394.56,27.3,0.1567,15.81,16.39,21.94,0.5152,284.47
SMP_05947,mendeley_data,full,LEAF SCALD,2,5,6016,4016,7633.1,18.91,0.118,12.14,5.7,21.51,0.5594,298.7
SMP_05948,mendeley_data,full,LEAF SCALD,2,5,6016,4016,5178.97,30.75,0.2187,23.94,14.02,25.52,0.6651,267.8
SMP_05949,mendeley_data,full,LEAF SCALD,2,5,6016,4016,5553.37,42.23,0.18,15.19,16.65,31.87,0.6973,237.97
SMP_05950,mendeley_data,full,LEAF SCALD,2,5,6016,4016,6400.39,54.92,0.2642,23.76,7.3,18.66,0.6081,234.58
SMP_05951,mendeley_data,full,LEAF SCALD,2,5,6016,4016,5794.18,19.89,0.1762,15.74,-0.59,34.98,0.7057,233.54
SMP_05952,mendeley_data,full,LEAF SCALD,2,5,6016,4016,7431.26,67.11,0.1993,33.01,19.64,19.97,0.689,284.62
SMP_05953,mendeley_data,full,LEAF SCALD,2,5,6016,4016,7590.91,50.05,0.142,20.41,5.15,23.88,0.642,275.35
SMP_05954,mendeley_data,full,LEAF SCALD,2,5,6016,4016,7611.78,64.32,0.1828,27.33,5.63,22.66,0.7296,281.32
SMP_05955,mendeley_data,full,LEAF SCALD,2,5,6016,4016,7804.72,37.37,0.1529,19.09,7.16,26.26,0.5823,313.77
SMP_05956,mendeley_data,full,LEAF SCALD,2,5,6016,4016,7127.19,54.05,0.1574,27.38,-1.27,22.09,0.6906,295.17
SMP_05957,mendeley_data,full,LEAF SCALD,2,5,6016,4016,7139.42,49.02,0.1974,13.82,7.72,22.52,0.789,238.3
SMP_05958,mendeley_data,full,LEAF SCALD,2,5,6016,4016,7208.24,57.81,0.1697,19.66,7.79,18.71,0.666,289.96
SMP_05959,mendeley_data,full,LEAF SCALD,2,5,6016,4016,6895.33,45.19,0.3315,16.28,4.92,26.79,0.7338,320.6
SMP_05960,mendeley_data,full,LEAF SCALD,2,5,6016,4016,6695.69,53.68,0.2418,34.95,4.47,17.97,0.7315,269.63
SMP_05961,mendeley_data,full,LEAF SCALD,2,5,6016,4016,7729.04,61.23,0.2542,10.49,3.22,24.23,0.6548,275.86
SMP_05962,mendeley_data,full,LEAF SCALD,2,5,6016,4016,4876.01,40.19,0.1945,36.56,1.96,20.01,0.5841,303.67
SMP_05963,mendeley_data,full,LEAF SCALD,2,5,6016,4016,5836.86,50.91,0.2053,9.01,10.81,19.55,0.6376,263.62
SMP_05964,mendeley_data,full,LEAF SCALD,2,5,6016,4016,3912.54,25.35,0.1785,25.89,7.32,21.51,0.7018,216.42
SMP_05965,mendeley_data,full,LEAF SCALD,2,5,6016,4016,6933.98,56.43,0.3312,15.03,12.45,20.83,0.7538,298.97
SMP_05966,mendeley_data,full,LEAF SCALD,2,5,6016,4016,6569.64,71.46,0.1946,22.04,0.83,28.64,0.567,256.4
SMP_05967,mendeley_data,full,LEAF SCALD,2,5,6016,4016,7117.71,33.07,0.1698,18.63,14.02,22.65,0.6245,269.29
SMP_05968,mendeley_data,full,LEAF SCALD,2,5,6016,4016,7706.03,46.9,0.1623,13.36,12.13,33.88,0.6818,292.29
SMP_05969,mendeley_data,full,LEAF SCALD,2,5,6016,4016,7475.55,58.57,0.2168,20.65,3.06,21.9,0.6215,323.88
SMP_05970,mendeley_data,full,LEAF SCALD,2,5,6016,4016,7998.47,48.38,0.2711,16.66,-0.33,24.91,0.781,341.28
SMP_05971,mendeley_data,full,LEAF SCALD,2,5,6016,4016,7975.82,49.98,0.2543,24.57,9.76,22.76,0.6702,292.7
SMP_05972,mendeley_data,full,LEAF SCALD,2,5,6016,4016,7327.17,43.31,0.1622,11.96,-7.69,25.26,0.6989,254.79
SMP_05973,mendeley_data,full,LEAF SCALD,2,5,6016,4016,7304.35,42.86,0.161,23.78,1.68,25.84,0.6215,279.69
SMP_05974,mendeley_data,full,LEAF SCALD,2,5,6016,4016,7738.35,46.96,0.2623,26.91,7.2,25.7,0.7304,285.84
SMP_05975,mendeley_data,full,LEAF SCALD,2,5,6016,4016,7529.62,48.5,0.3051,19.13,3.8,29.82,0.6157,269.34
SMP_05976,mendeley_data,full,LEAF SCALD,2,5,6016,4016,7258.69,33.82,0.1927,9.42,-3.57,26.35,0.7114,304.63
SMP_05977,mendeley_data,full,LEAF SCALD,2,5,6016,4016,7619.31,47.21,0.2603,33.86,5.72,27.47,0.792,337.32
SMP_05978,mendeley_data,full,LEAF SCALD,2,5,6016,4016,7095.58,66.82,0.1267,23.74,-2.99,33.15,0.7378,320.36
SMP_05979,mendeley_data,full,LEAF SCALD,2,5,6016,4016,7360.44,42.97,0.1578,14.23,7.09,24.2,0.6935,284.77
SMP_05980,mendeley_data,full,LEAF SCALD,2,5,6016,4016,6887.19,33.15,0.1495,23.95,1.87,33.69,0.6251,249.27
SMP_05981,mendeley_data,full,LEAF SCALD,2,5,6016,4016,7426.64,46.18,0.2206,6.59,3.89,26.98,0.63,318.55
SMP_05982,mendeley_data,full,LEAF SCALD,2,5,6016,4016,9147.67,39.42,0.1911,29.41,-1.58,9.89,0.711,304.21
SMP_05983,mendeley_data,full,LEAF SCALD,2,5,6016,4016,9262.94,31.94,0.2119,37.0,11.19,27.15,0.69,277.98
SMP_05984,mendeley_data,full,LEAF SCALD,2,5,6016,4016,7840.67,49.67,0.261,26.59,3.83,34.46,0.7436,337.97
SMP_05985,mendeley_data,full,LEAF SCALD,2,5,6016,4016,7584.82,39.48,0.1673,11.98,-0.9,29.57,0.677,267.1
SMP_05986,mendeley_data,full,LEAF SCALD,2,5,6016,4016,7364.3,40.5,0.2047,4.09,4.03,25.3,0.7174,314.75
SMP_05987,mendeley_data,full,LEAF SCALD,2,5,6016,4016,7689.13,49.84,0.1331,30.91,18.88,22.75,0.687,281.67
SMP_05988,mendeley_data,full,LEAF SCALD,2,5,6016,4016,7708.55,29.6,0.2582,18.82,7.68,35.8,0.7253,256.78
SMP_05989,mendeley_data,full,LEAF SCALD,2,5,6016,4016,7382.66,27.1,0.2548,16.87,13.61,26.5,0.6586,264.34
SMP_05990,mendeley_data,full,LEAF SCALD,2,5,6016,4016,8118.22,56.05,0.2181,29.32,-7.89,18.95,0.5777,196.4
SMP_05991,mendeley_data,full,LEAF SCALD,2,5,6016,4016,5278.9,24.83,0.206,15.28,3.42,26.72,0.7497,207.64
SMP_05992,mendeley_data,full,LEAF SCALD,2,5,6016,4016,5702.55,36.28,0.1745,26.1,-3.0,20.89,0.6704,274.65
SMP_05993,mendeley_data,full,LEAF SCALD,2,5,6016,4016,7457.28,26.4,0.1302,20.19,0.85,11.91,0.775,279.17
SMP_05994,mendeley_data,full,LEAF SCALD,2,5,6016,4016,6932.02,42.17,0.2153,21.98,-1.13,26.07,0.6873,280.59
SMP_05995,mendeley_data,full,LEAF SCALD,2,5,6016,4016,8144.54,53.14,0.2378,33.03,15.32,26.34,0.6822,326.1
SMP_05996,mendeley_data,full,LEAF SCALD,2,5,6016,4016,8308.67,49.35,0.301,16.09,10.74,23.93,0.7733,345.79
SMP_05997,mendeley_data,full,LEAF SCALD,2,5,6016,4016,7882.61,76.7,0.1803,15.36,-1.04,23.97,0.6345,330.81
SMP_05998,mendeley_data,full,LEAF SCALD,2,5,6016,4016,7792.88,61.04,0.2135,18.38,1.28,26.82,0.6495,326.32
SMP_05999,mendeley_data,full,LEAF SCALD,2,5,6016,4016,7331.73,36.83,0.2557,10.38,7.9,21.94,0.7107,250.88
SMP_06000,mendeley_data,full,LEAF SCALD,2,5,6016,4016,4599.18,33.64,0.2572,27.49,12.12,19.27,0.6207,187.19
SMP_06001,mendeley_data,full,LEAF SCALD,2,5,6016,4016,4345.17,80.48,0.1689,26.43,13.33,18.24,0.8055,172.22
SMP_06002,mendeley_data,full,LEAF SCALD,2,5,6016,4016,4496.42,60.75,0.186,19.93,10.08,23.63,0.658,234.67
SMP_06003,mendeley_data,full,LEAF SCALD,2,5,6016,4016,6349.81,55.07,0.1737,12.61,19.51,27.57,0.6667,297.97
SMP_06004,mendeley_data,full,LEAF SCALD,2,5,6016,4016,7175.86,48.9,0.1549,-1.96,8.41,12.51,0.7752,287.19
SMP_06005,mendeley_data,full,LEAF SCALD,2,5,6016,4016,6723.86,51.28,0.2736,13.33,1.44,28.94,0.6845,281.41
SMP_06006,mendeley_data,full,LEAF SCALD,2,5,6016,4016,7852.71,30.22,0.2031,18.15,-1.52,24.19,0.6221,350.82
SMP_06007,mendeley_data,full,LEAF SCALD,2,5,6016,4016,7908.11,49.88,0.1963,4.81,-3.64,22.44,0.7482,311.96
SMP_06008,mendeley_data,full,LEAF SCALD,2,5,6016,4016,7909.33,48.85,0.2124,39.96,-4.68,34.82,0.7406,284.83
SMP_06009,mendeley_data,full,LEAF SCALD,2,5,6016,4016,8178.78,37.15,0.2027,23.32,10.4,32.97,0.6018,243.11
SMP_06010,mendeley_data,full,LEAF SCALD,2,5,6016,4016,8673.32,41.54,0.189,24.36,17.73,29.2,0.6314,351.44
SMP_06011,mendeley_data,full,LEAF SCALD,2,5,6016,4016,8150.5,66.18,0.1619,18.8,5.84,19.79,0.6107,296.98
SMP_06012,mendeley_data,full,LEAF SCALD,2,5,6016,4016,9428.35,46.5,0.2783,25.9,19.62,33.19,0.4209,345.28
SMP_06013,mendeley_data,full,LEAF SCALD,2,5,6016,4016,5702.66,72.85,0.1715,17.59,5.22,19.81,0.8279,197.23
SMP_06014,mendeley_data,full,LEAF SCALD,2,5,6016,4016,7581.71,27.11,0.1535,18.7,9.86,24.17,0.5814,311.19
SMP_06015,mendeley_data,full,LEAF SCALD,2,5,6016,4016,7697.5,41.73,0.196,31.24,-7.66,27.44,0.6221,290.8
SMP_06016,mendeley_data,full,LEAF SCALD,2,5,6016,4016,7917.48,29.43,0.3079,28.78,11.5,13.38,0.7147,236.86
SMP_06017,mendeley_data,full,LEAF SCALD,2,5,6016,4016,7683.92,33.49,0.1589,19.91,-0.1,27.47,0.7038,256.86
SMP_06018,mendeley_data,full,LEAF SCALD,2,5,6016,4016,8051.13,38.06,0.2355,36.18,11.64,20.98,0.7261,273.57
SMP_06019,mendeley_data,full,LEAF SCALD,2,5,6016,4016,1890.45,51.78,0.1877,19.34,15.26,23.22,0.7001,154.01
SMP_06020,mendeley_data,full,LEAF SCALD,2,5,6016,4016,2913.16,51.2,0.2122,15.95,7.44,18.87,0.787,161.3
SMP_06021,mendeley_data,full,LEAF SCALD,2,5,6016,4016,4253.3,39.85,0.2461,21.02,8.47,32.38,0.6395,218.78
SMP_06022,mendeley_data,full,LEAF SCALD,2,5,6016,4016,6937.56,21.27,0.114,22.41,5.95,23.9,0.803,299.03
SMP_06023,mendeley_data,full,LEAF SCALD,2,5,6016,4016,7494.51,65.73,0.1552,10.46,10.12,26.02,0.6516,305.17
SMP_06024,mendeley_data,full,LEAF SCALD,2,5,6016,4016,6619.17,44.57,0.2454,23.9,19.98,35.75,0.5914,261.15
SMP_06025,mendeley_data,full,LEAF SCALD,2,5,6016,4016,7885.61,34.6,0.2049,36.92,5.09,31.74,0.6532,317.92
SMP_06026,mendeley_data,full,LEAF SCALD,2,5,6016,4016,7619.32,51.3,0.2106,27.6,6.32,26.32,0.7158,374.02
SMP_06027,mendeley_data,full,LEAF SCALD,2,5,6016,4016,7869.86,50.45,0.2356,25.31,-9.23,21.68,0.7686,302.33
SMP_06028,mendeley_data,full,LEAF SCALD,2,5,6016,4016,7986.01,44.13,0.1555,23.84,8.38,21.63,0.7278,262.39
SMP_06029,mendeley_data,full,LEAF SCALD,2,5,6016,4016,7918.43,49.78,0.2528,12.02,-1.25,28.61,0.5968,299.64
SMP_06030,mendeley_data,full,LEAF SCALD,2,5,6016,4016,4568.55,34.14,0.241,12.03,3.42,20.4,0.6193,235.21
SMP_06031,mendeley_data,full,LEAF SCALD,2,5,6016,4016,5329.27,57.12,0.2119,21.3,8.82,14.69,0.6403,200.59
SMP_06032,mendeley_data,full,LEAF SCALD,2,5,6016,4016,8253.42,36.04,0.2234,16.57,-7.93,21.32,0.6984,322.48
SMP_06033,mendeley_data,full,LEAF SCALD,2,5,6016,4016,9436.22,40.73,0.2582,8.43,8.72,28.42,0.7517,313.89
SMP_06034,mendeley_data,full,LEAF SCALD,2,5,6016,4016,7880.02,55.79,0.1703,17.2,7.01,22.25,0.6908,327.41
SMP_06035,mendeley_data,full,LEAF SCALD,2,5,6016,4016,7797.75,62.45,0.2331,23.61,10.63,32.19,0.5658,294.14
SMP_06036,mendeley_data,full,LEAF SCALD,2,5,6016,4016,5757.89,67.03,0.2872,24.64,-0.11,22.08,0.7749,252.93
SMP_06037,mendeley_data,full,LEAF SCALD,2,5,6016,4016,5430.98,60.67,0.232,13.34,13.9,24.86,0.6358,278.64
SMP_06038,mendeley_data,full,LEAF SCALD,2,5,6016,4016,7204.17,44.11,0.1889,19.63,7.44,21.39,0.7689,266.46
SMP_06039,mendeley_data,full,LEAF SCALD,2,5,6016,4016,7904.0,29.51,0.3159,23.32,-0.68,25.16,0.6566,261.11
SMP_06040,mendeley_data,full,LEAF SCALD,2,5,6016,4016,7880.45,64.86,0.2115,9.85,-5.96,19.23,0.6659,296.29
SMP_06041,mendeley_data,full,LEAF SCALD,2,5,6016,4016,7947.29,64.45,0.2699,13.82,0.67,33.79,0.7045,250.59
SMP_06042,mendeley_data,full,LEAF SCALD,2,5,6016,4016,3681.82,39.94,0.1789,19.89,11.97,31.85,0.7433,186.77
SMP_06043,mendeley_data,full,LEAF SCALD,2,5,6016,4016,5151.44,59.05,0.2534,12.73,8.56,17.97,0.8325,275.86
SMP_06044,mendeley_data,full,LEAF SCALD,2,5,6016,4016,4607.16,44.01,0.1727,17.38,-12.17,32.21,0.6519,215.1
SMP_06045,mendeley_data,full,LEAF SCALD,2,5,6016,4016,4906.81,66.02,0.2162,39.97,2.34,34.42,0.6683,246.7
SMP_06046,mendeley_data,full,LEAF SCALD,2,5,6016,4016,4980.34,41.82,0.1697,7.94,6.0,29.46,0.6174,168.51
SMP_06047,mendeley_data,full,LEAF SCALD,2,5,6016,4016,6810.97,71.74,0.2951,31.4,20.28,33.23,0.6216,296.96
SMP_06048,mendeley_data,full,LEAF SCALD,2,5,6016,4016,6957.66,57.43,0.1889,22.73,15.3,26.57,0.666,252.93
SMP_06049,mendeley_data,full,LEAF SCALD,2,5,6016,4016,6543.99,69.57,0.1446,10.21,3.57,29.85,0.7501,252.65
SMP_06050,mendeley_data,full,LEAF SCALD,2,5,6016,4016,7943.38,42.43,0.2048,25.43,6.45,28.93,0.6403,327.34
SMP_06051,mendeley_data,full,LEAF SCALD,2,5,6016,4016,7817.79,52.86,0.2269,20.34,-5.9,20.43,0.7491,301.97
SMP_06052,mendeley_data,full,LEAF SCALD,2,5,6016,4016,6968.71,36.37,0.1987,29.64,-16.01,31.19,0.6534,275.23
SMP_06053,mendeley_data,full,LEAF SCALD,2,5,6016,4016,8031.37,58.13,0.1593,25.28,1.82,28.19,0.7576,304.24
SMP_06054,mendeley_data,full,LEAF SCALD,2,5,6016,4016,5035.35,58.79,0.2519,21.57,13.03,19.64,0.5073,258.2
SMP_06055,mendeley_data,full,LEAF SCALD,2,5,6016,4016,5980.06,76.76,0.263,17.55,6.45,16.22,0.6356,256.28
SMP_06056,mendeley_data,full,LEAF SCALD,2,5,6016,4016,4232.48,53.78,0.1176,29.35,-0.99,27.61,0.7512,229.73
SMP_06057,mendeley_data,full,LEAF SCALD,2,5,6016,4016,3216.89,56.69,0.1561,16.86,12.3,25.12,0.7122,164.34
SMP_06058,mendeley_data,full,LEAF SCALD,2,5,6016,4016,4261.53,42.35,0.192,8.8,19.35,18.5,0.6712,198.24
SMP_06059,mendeley_data,full,LEAF SCALD,2,5,6016,4016,3603.82,54.5,0.1735,4.83,-6.91,33.3,0.7017,187.97
SMP_06060,mendeley_data,full,LEAF SCALD,2,5,6016,4016,8322.33,43.44,0.2263,10.11,4.58,28.76,0.712,265.29
SMP_06061,mendeley_data,full,LEAF SCALD,2,5,6016,4016,8278.61,49.39,0.292,26.42,0.74,28.77,0.6775,313.62
SMP_06062,mendeley_data,full,LEAF SCALD,2,5,6016,4016,8709.5,50.09,0.181,17.09,5.35,26.91,0.6591,341.92
SMP_06063,mendeley_data,full,LEAF SCALD,2,5,6016,4016,8942.67,43.77,0.2788,13.82,1.35,18.63,0.7446,327.87
SMP_06064,mendeley_data,full,LEAF SCALD,2,5,6016,4016,8980.2,48.76,0.1266,16.53,27.33,19.58,0.7412,337.16
SMP_06065,mendeley_data,full,LEAF SCALD,2,5,6016,4016,8720.71,43.5,0.2228,26.64,4.04,33.35,0.7534,339.22
SMP_06066,mendeley_data,full,LEAF SCALD,2,5,6016,4016,8529.38,43.44,0.1703,25.07,7.4,27.34,0.8279,302.11
SMP_06067,mendeley_data,full,LEAF SCALD,2,5,6016,4016,6369.45,60.92,0.2239,21.3,6.34,19.68,0.7021,254.64
SMP_06068,mendeley_data,full,LEAF SCALD,2,5,6016,4016,6279.09,50.1,0.1122,15.2,-5.03,25.44,0.8288,301.96
SMP_06069,mendeley_data,full,LEAF SCALD,2,5,6016,4016,3932.2,52.16,0.1357,16.88,6.63,28.95,0.7928,180.65
SMP_06070,mendeley_data,full,LEAF SCALD,2,5,6016,4016,4751.16,30.51,0.2238,18.94,-6.78,22.84,0.7957,244.55
SMP_06071,mendeley_data,full,LEAF SCALD,2,5,6016,4016,7305.66,53.08,0.1685,12.84,19.43,27.24,0.7143,292.7
SMP_06072,mendeley_data,full,LEAF SCALD,2,5,6016,4016,7587.87,54.37,0.1838,19.12,12.23,32.2,0.7501,260.04
SMP_06073,mendeley_data,full,LEAF SCALD,2,5,6016,4016,7150.2,43.22,0.2918,12.43,0.39,36.47,0.7994,320.39
SMP_06074,mendeley_data,full,LEAF SCALD,2,5,6016,4016,7108.43,73.02,0.2069,22.93,3.66,15.19,0.6054,322.22
SMP_06075,mendeley_data,full,LEAF SCALD,2,5,6016,4016,8144.62,20.53,0.2451,23.83,13.21,31.44,0.6782,329.79
SMP_06076,mendeley_data,full,LEAF SCALD,2,5,6016,4016,7842.9,57.41,0.162,28.94,7.18,28.99,0.7001,305.06
SMP_06077,mendeley_data,full,LEAF SCALD,2,5,6016,4016,8322.45,56.55,0.1329,22.08,-8.21,27.95,0.765,298.25
SMP_06078,mendeley_data,full,LEAF SCALD,2,5,6016,4016,8546.47,54.5,0.196,21.83,6.35,20.73,0.7312,315.55
SMP_06079,mendeley_data,full,LEAF SCALD,2,5,6016,4016,8232.37,50.11,0.1255,13.31,13.68,28.62,0.7454,355.59
SMP_06080,mendeley_data,full,LEAF SCALD,2,5,6016,4016,8503.52,54.61,0.1651,19.62,-13.67,22.88,0.7162,315.33
SMP_06081,mendeley_data,full,LEAF SCALD,2,5,6016,4016,8989.38,58.42,0.2119,11.82,6.1,28.59,0.7,313.8
SMP_06082,mendeley_data,full,LEAF SCALD,2,5,6016,4016,9041.87,39.29,0.1944,6.37,-1.68,28.72,0.5692,288.67
SMP_06083,mendeley_data,full,LEAF SCALD,2,5,6016,4016,9407.18,51.59,0.2167,17.88,15.14,33.58,0.6505,313.21
SMP_06084,mendeley_data,full,LEAF SCALD,2,5,6016,4016,9058.07,45.8,0.23,15.97,1.38,30.85,0.7423,308.89
SMP_06085,mendeley_data,full,LEAF SCALD,2,5,6016,4016,7760.82,34.87,0.1402,24.89,0.55,14.55,0.6824,305.1
SMP_06086,mendeley_data,full,LEAF SCALD,2,5,6016,4016,7633.7,56.61,0.1529,12.31,11.62,26.29,0.5764,335.67
SMP_06087,mendeley_data,full,LEAF SCALD,2,5,6016,4016,8612.85,41.23,0.0911,42.51,-2.18,33.91,0.6456,334.01
SMP_06088,mendeley_data,full,LEAF SCALD,2,5,6016,4016,8180.34,30.03,0.1815,16.16,5.67,17.14,0.8214,281.9
SMP_06089,mendeley_data,full,LEAF SCALD,2,5,6016,4016,7869.13,41.53,0.2368,19.44,7.25,25.28,0.5774,283.51
SMP_06090,mendeley_data,full,LEAF SCALD,2,5,6016,4016,7634.5,38.41,0.2746,15.47,3.45,28.0,0.522,268.35
SMP_06091,mendeley_data,full,LEAF SCALD,2,5,6016,4016,8302.61,60.34,0.2095,26.22,-5.43,12.44,0.7597,333.45
SMP_06092,mendeley_data,full,LEAF SCALD,2,5,6016,4016,8236.72,49.84,0.2687,18.29,-1.97,28.06,0.6715,346.51
SMP_06093,mendeley_data,full,LEAF SCALD,2,5,6016,4016,8592.83,64.59,0.2192,12.17,3.95,22.25,0.7205,325.21
SMP_06094,mendeley_data,full,LEAF SCALD,2,5,6016,4016,8463.59,40.0,0.2054,5.33,-10.15,27.0,0.7422,311.74
SMP_06095,mendeley_data,full,LEAF SCALD,2,5,6016,4016,8950.46,58.49,0.1694,24.59,5.68,27.36,0.5892,287.76
SMP_06096,mendeley_data,full,LEAF SCALD,2,5,6016,4016,8897.03,82.08,0.0807,25.2,2.89,24.47,0.743,300.84
SMP_06097,mendeley_data,full,LEAF SCALD,2,5,6016,4016,7249.23,52.27,0.2612,22.74,9.58,25.96,0.5336,297.84
SMP_06098,mendeley_data,full,LEAF SCALD,2,5,6016,4016,7356.65,58.34,0.1973,18.28,10.2,19.72,0.7038,281.9
SMP_06099,mendeley_data,full,LEAF SCALD,2,5,6016,4016,7344.27,56.32,0.2694,17.45,-3.98,25.27,0.7366,272.88
SMP_06100,mendeley_data,full,LEAF SCALD,2,5,6016,4016,7349.74,30.94,0.1525,26.22,0.84,22.55,0.6906,272.34
SMP_06101,mendeley_data,full,LEAF SCALD,2,5,6016,4016,7073.83,55.03,0.3214,19.19,-2.42,28.24,0.5894,299.06
SMP_06102,mendeley_data,full,LEAF SCALD,2,5,6016,4016,7045.53,51.68,0.1876,29.0,0.79,26.22,0.6798,289.16
SMP_06103,mendeley_data,full,LEAF SCALD,2,5,6016,4016,6610.91,44.88,0.1654,19.21,2.98,19.63,0.7939,222.33
SMP_06104,mendeley_data,full,LEAF SCALD,2,5,6016,4016,6329.33,37.39,0.1893,18.92,13.96,21.26,0.7185,252.29
SMP_06105,mendeley_data,full,LEAF SCALD,2,5,6016,4016,7576.38,56.33,0.2085,22.97,0.23,21.25,0.6384,305.49
SMP_06106,mendeley_data,full,LEAF SCALD,2,5,6016,4016,6197.33,36.33,0.1965,31.13,12.09,25.53,0.6786,233.71
SMP_06107,mendeley_data,full,LEAF SCALD,2,5,6016,4016,3434.23,73.6,0.1742,29.41,7.08,26.74,0.7475,179.96
SMP_06108,mendeley_data,full,LEAF SCALD,2,5,6016,4016,4889.53,49.37,0.1098,19.61,16.09,25.41,0.7899,278.74
SMP_06109,mendeley_data,full,LEAF SCALD,2,5,6016,4016,5886.37,33.32,0.1598,17.01,2.17,26.79,0.5566,326.83
SMP_06110,mendeley_data,full,LEAF SCALD,2,5,6016,4016,7297.99,41.83,0.2537,10.33,-1.51,22.69,0.7601,311.1
SMP_06111,mendeley_data,full,LEAF SCALD,2,5,6016,4016,6825.25,44.66,0.156,25.54,6.15,21.16,0.7504,268.16
SMP_06112,mendeley_data,full,LEAF SCALD,2,5,6016,4016,4314.32,76.95,0.1142,5.73,-7.86,17.76,0.6148,230.33
SMP_06113,mendeley_data,full,LEAF SCALD,2,5,6016,4016,7339.09,37.38,0.1472,33.64,6.26,23.79,0.7152,334.93
SMP_06114,mendeley_data,full,LEAF SCALD,2,5,6016,4016,7501.38,46.61,0.1956,26.75,9.53,22.23,0.6623,242.1
SMP_06115,mendeley_data,full,LEAF SCALD,2,5,6016,4016,7953.61,41.55,0.162,14.03,13.79,39.8,0.6181,322.71
SMP_06116,mendeley_data,full,LEAF SCALD,2,5,6016,4016,7110.2,53.99,0.186,29.85,8.25,38.16,0.6706,315.05
SMP_06117,mendeley_data,full,LEAF SCALD,2,5,6016,4016,6562.4,41.74,0.1601,24.39,3.86,28.87,0.5818,284.34
SMP_06118,mendeley_data,full,LEAF SCALD,2,5,6016,4016,6947.64,34.33,0.2505,23.74,20.53,20.59,0.6856,246.94
SMP_06119,mendeley_data,full,LEAF SCALD,2,5,6016,4016,11951.83,45.66,0.2245,17.86,4.93,25.49,0.6479,391.6
SMP_06120,mendeley_data,full,LEAF SCALD,2,5,6016,4016,10967.41,44.41,0.3109,24.42,-3.47,27.6,0.6612,410.92
SMP_06121,mendeley_data,full,LEAF SCALD,2,5,6016,4016,4971.95,40.89,0.1809,8.67,4.72,12.84,0.6583,252.22
SMP_06122,mendeley_data,full,LEAF SCALD,2,5,6016,4016,3778.05,41.53,0.1858,20.5,-5.75,25.82,0.6675,208.46
SMP_06123,mendeley_data,full,LEAF SCALD,2,5,6016,4016,5281.81,62.22,0.2592,14.56,-4.87,18.02,0.6284,295.39
SMP_06124,mendeley_data,full,LEAF SCALD,2,5,6016,4016,6123.68,44.16,0.2196,17.7,6.93,23.99,0.5026,256.68
SMP_06125,mendeley_data,full,LEAF SCALD,2,5,6016,4016,7550.15,34.39,0.1529,14.49,-5.61,20.86,0.817,267.86
SMP_06126,mendeley_data,full,LEAF SCALD,2,5,6016,4016,7780.47,42.45,0.2278,14.9,0.07,25.41,0.8009,315.0
SMP_06127,mendeley_data,full,LEAF SCALD,2,5,6016,4016,7417.07,48.65,0.2198,30.31,-4.35,23.31,0.7311,274.01
SMP_06128,mendeley_data,full,LEAF SCALD,2,5,6016,4016,7702.16,31.96,0.1103,8.54,6.12,27.24,0.6526,235.05
SMP_06129,mendeley_data,full,LEAF SCALD,2,5,6016,4016,7556.87,67.51,0.1674,23.27,-0.69,30.49,0.735,280.42
SMP_06130,mendeley_data,full,LEAF SCALD,2,5,6016,4016,5441.59,58.41,0.2095,10.95,9.26,29.36,0.5577,244.77
SMP_06131,mendeley_data,full,LEAF SCALD,2,5,6016,4016,6339.4,65.16,0.2723,30.57,8.61,37.13,0.7447,306.8
SMP_06132,mendeley_data,full,LEAF SCALD,2,5,6016,4016,6264.75,52.71,0.2349,23.42,-5.43,23.18,0.6432,240.45
SMP_06133,mendeley_data,full,LEAF SCALD,2,5,6016,4016,6820.96,22.88,0.1718,8.76,12.37,34.39,0.587,310.92
SMP_06134,mendeley_data,full,LEAF SCALD,2,5,6016,4016,6996.63,66.42,0.1646,22.68,3.63,19.93,0.7613,285.71
SMP_06135,mendeley_data,full,LEAF SCALD,2,5,6016,4016,6721.27,37.64,0.2399,14.43,-4.8,15.46,0.7155,229.76
SMP_06136,mendeley_data,full,LEAF SCALD,2,5,6016,4016,6487.69,38.61,0.0787,21.82,7.98,29.18,0.6461,236.37
SMP_06137,mendeley_data,full,LEAF SCALD,2,5,6016,4016,7179.89,49.88,0.1596,9.37,19.09,35.02,0.6766,310.25
SMP_06138,mendeley_data,full,LEAF SCALD,2,5,6016,4016,7144.89,64.54,0.2705,29.85,3.43,21.14,0.615,267.8
SMP_06139,mendeley_data,full,LEAF SCALD,2,5,6016,4016,6700.56,60.64,0.2148,4.02,-8.19,29.16,0.7165,256.39
SMP_06140,mendeley_data,full,LEAF SCALD,2,5,6016,4016,6380.87,58.88,0.1621,13.54,12.38,21.26,0.7133,252.93
SMP_06141,mendeley_data,full,LEAF SCALD,2,5,6016,4016,7157.13,44.26,0.1399,11.34,17.6,32.55,0.706,310.18
SMP_06142,mendeley_data,full,LEAF SCALD,2,5,6016,4016,7398.54,44.07,0.242,23.03,-3.64,32.29,0.5297,276.2
SMP_06143,mendeley_data,full,LEAF SCALD,2,5,6016,4016,6577.0,52.15,0.2039,16.06,-1.37,28.17,0.6967,271.54
SMP_06144,mendeley_data,full,LEAF SCALD,2,5,6016,4016,6743.69,46.44,0.1891,18.52,5.28,19.19,0.6015,279.54
SMP_06145,mendeley_data,full,LEAF SCALD,2,5,6016,4016,6156.02,58.67,0.2187,14.87,-10.47,28.39,0.7426,213.91
SMP_06146,mendeley_data,full,LEAF SCALD,2,5,6016,4016,6788.69,57.96,0.2082,9.05,21.65,15.92,0.6754,300.67
SMP_06147,mendeley_data,full,LEAF SCALD,2,5,6016,4016,6304.14,55.1,0.2044,18.17,4.59,26.0,0.8332,256.05
SMP_06148,mendeley_data,full,LEAF SCALD,2,5,6016,4016,6018.29,17.69,0.1338,9.58,5.33,21.17,0.6409,310.63
SMP_06149,mendeley_data,full,LEAF SCALD,2,5,6016,4016,6838.85,49.54,0.1487,5.34,7.86,26.61,0.5817,284.9
SMP_06150,mendeley_data,full,LEAF SCALD,2,5,6016,4016,7783.52,46.69,0.2374,25.01,2.93,26.22,0.6206,305.11
SMP_06151,mendeley_data,full,LEAF SCALD,2,5,6016,4016,11849.5,50.02,0.228,10.09,0.88,26.87,0.6807,379.31
SMP_06152,mendeley_data,full,LEAF SCALD,2,5,6016,4016,6644.37,38.95,0.2191,31.66,-2.53,16.75,0.6039,222.65
SMP_06153,mendeley_data,full,LEAF SCALD,2,5,6016,4016,5881.93,32.1,0.1707,31.34,-4.43,18.94,0.513,251.82
SMP_06154,mendeley_data,full,LEAF SCALD,2,5,6016,4016,6561.74,53.56,0.2383,27.09,8.25,36.68,0.7248,265.97
SMP_06155,mendeley_data,full,LEAF SCALD,2,5,6016,4016,8701.64,43.72,0.1815,10.91,15.82,31.02,0.8254,296.55
SMP_06156,mendeley_data,full,LEAF SCALD,2,5,6016,4016,8766.43,54.9,0.2651,36.97,12.6,27.77,0.7771,315.12
SMP_06157,mendeley_data,full,LEAF SCALD,2,5,6016,4016,8302.72,39.95,0.1627,1.18,2.69,16.76,0.655,284.95
SMP_06158,mendeley_data,full,LEAF SCALD,2,5,6016,4016,8025.73,64.99,0.1737,12.94,3.46,27.86,0.6399,294.14
SMP_06159,mendeley_data,full,LEAF SCALD,2,5,6016,4016,8178.8,60.01,0.1924,26.67,17.95,28.14,0.6763,307.07
SMP_06160,mendeley_data,full,LEAF SCALD,2,5,6016,4016,7614.79,51.56,0.2424,26.04,-1.39,23.38,0.7599,310.25
SMP_06161,mendeley_data,full,LEAF SCALD,2,5,6016,4016,6869.77,45.44,0.1982,14.2,-8.35,18.92,0.6396,283.37
SMP_06162,mendeley_data,full,LEAF SCALD,2,5,6016,4016,6758.22,58.23,0.2019,13.71,7.01,22.03,0.6656,280.57
SMP_06163,mendeley_data,full,LEAF SCALD,2,5,6016,4016,7219.12,52.71,0.1804,18.28,11.82,32.04,0.837,321.69
SMP_06164,mendeley_data,full,LEAF SCALD,2,5,6016,4016,7629.65,50.86,0.2134,19.3,-14.9,30.57,0.6897,310.94
SMP_06165,mendeley_data,full,LEAF SCALD,2,5,6016,4016,7283.42,60.51,0.1965,16.24,8.19,31.87,0.7795,266.88
SMP_06166,mendeley_data,full,LEAF SCALD,2,5,6016,4016,6410.38,65.12,0.1608,33.26,-4.03,29.42,0.7028,257.35
SMP_06167,mendeley_data,full,LEAF SCALD,2,5,6016,4016,7906.97,32.97,0.2064,14.53,-6.35,20.49,0.6767,241.38
SMP_06168,mendeley_data,full,LEAF SCALD,2,5,6016,4016,6061.16,35.4,0.2075,31.73,2.69,15.98,0.6784,299.5
SMP_06169,mendeley_data,full,LEAF SCALD,2,5,6016,4016,6496.84,38.64,0.3175,23.25,-4.24,25.61,0.5779,259.4
SMP_06170,mendeley_data,full,LEAF SCALD,2,5,6016,4016,6614.59,29.97,0.1694,28.15,-9.16,31.79,0.7102,246.02
SMP_06171,mendeley_data,full,LEAF SCALD,2,5,6016,4016,7546.69,47.25,0.158,8.04,5.87,32.04,0.7155,275.44
SMP_06172,mendeley_data,full,LEAF SCALD,2,5,6016,4016,7415.23,55.2,0.214,28.22,4.65,19.82,0.6045,309.1
SMP_06173,mendeley_data,full,LEAF SCALD,2,5,6016,4016,7358.26,47.74,0.1504,27.94,-8.74,27.99,0.7609,291.76
SMP_06174,mendeley_data,full,LEAF SCALD,2,5,6016,4016,6415.18,41.59,0.1463,14.67,-6.26,21.63,0.6877,228.23
SMP_06175,mendeley_data,full,LEAF SCALD,2,5,6016,4016,7142.45,61.52,0.1282,26.78,8.72,24.36,0.6615,239.08
SMP_06176,mendeley_data,full,LEAF SCALD,2,5,6016,4016,7871.2,49.69,0.1613,8.16,9.23,18.35,0.7862,338.77
SMP_06177,mendeley_data,full,LEAF SCALD,2,5,6016,4016,7328.43,52.12,0.1625,16.2,-16.17,30.23,0.5774,263.17
SMP_06178,mendeley_data,full,LEAF SCALD,2,5,6016,4016,6891.27,61.85,0.1358,29.34,-5.11,29.03,0.7114,266.0
SMP_06179,mendeley_data,full,LEAF SCALD,2,5,6016,4016,5897.76,46.52,0.1875,18.54,4.34,18.9,0.7256,273.67
SMP_06180,mendeley_data,full,LEAF SCALD,2,5,6016,4016,6503.61,72.72,0.0817,17.89,8.39,24.11,0.6994,233.49
SMP_06181,mendeley_data,full,LEAF SCALD,2,5,6016,4016,6311.26,42.63,0.2246,31.24,8.29,16.69,0.6418,244.17
SMP_06182,mendeley_data,full,LEAF SCALD,2,5,6016,4016,6028.62,71.98,0.1722,4.37,9.82,15.83,0.8334,233.16
SMP_06183,mendeley_data,full,LEAF SCALD,2,5,6016,4016,6231.83,36.3,0.1795,18.58,-0.76,18.11,0.7306,297.05
SMP_06184,mendeley_data,full,LEAF SCALD,2,5,6016,4016,6165.98,54.21,0.2293,19.47,6.42,26.09,0.6152,266.94
SMP_06185,mendeley_data,full,LEAF SCALD,2,5,6016,4016,6992.05,40.29,0.2186,13.63,1.85,22.91,0.6356,278.72
SMP_06186,mendeley_data,full,LEAF SCALD,2,5,6016,4016,8068.52,61.43,0.1685,30.99,0.52,26.26,0.5526,277.16
SMP_06187,mendeley_data,full,LEAF SCALD,2,5,6016,4016,8141.44,42.26,0.2226,12.72,-7.09,22.76,0.6688,377.4
SMP_06188,mendeley_data,full,LEAF SCALD,2,5,6016,4016,7192.44,51.49,0.2774,12.82,7.38,30.69,0.8247,261.57
SMP_06189,mendeley_data,full,LEAF SCALD,2,5,6016,4016,6874.02,40.19,0.1494,0.22,-8.19,23.85,0.5808,237.34
SMP_06190,mendeley_data,full,LEAF SCALD,2,5,6016,4016,6591.74,59.25,0.2377,28.89,-4.36,32.57,0.7017,255.86
SMP_06191,mendeley_data,full,LEAF SCALD,2,5,6016,4016,7562.63,40.13,0.1443,17.37,10.49,23.1,0.6555,274.55
SMP_06192,mendeley_data,full,LEAF SCALD,2,5,6016,4016,6989.2,68.2,0.2588,17.38,3.67,29.51,0.7024,273.6
SMP_06193,mendeley_data,full,LEAF SCALD,2,5,6016,4016,6776.46,36.05,0.1644,18.29,13.41,25.56,0.706,301.48
SMP_06194,mendeley_data,full,LEAF SCALD,2,5,6016,4016,6373.67,31.85,0.1625,29.55,2.31,18.58,0.6925,320.87
SMP_06195,mendeley_data,full,LEAF SCALD,2,5,6016,4016,7295.41,59.42,0.2575,32.9,0.56,35.27,0.5799,330.49
SMP_06196,mendeley_data,full,MOSAIC,2,3,2926,6005,7754.99,40.9,0.2361,6.14,14.18,36.55,0.6214,233.82
SMP_06197,mendeley_data,full,MOSAIC,2,3,2722,5058,6025.5,47.91,0.166,16.3,1.8,25.54,0.6515,262.3
SMP_06198,mendeley_data,full,MOSAIC,2,3,3249,4327,6040.92,44.13,0.2064,10.92,7.25,24.63,0.6881,267.73
SMP_06199,mendeley_data,full,MOSAIC,2,3,3285,4315,5733.07,32.25,0.1645,18.21,3.7,31.62,0.7749,252.31
SMP_06200,mendeley_data,full,MOSAIC,2,3,2914,3812,4476.55,47.08,0.1204,19.27,5.96,25.8,0.8316,238.68
SMP_06201,mendeley_data,full,MOSAIC,2,3,1008,1481,996.16,63.18,0.2095,6.25,3.23,30.15,0.6717,196.59
SMP_06202,mendeley_data,full,MOSAIC,2,3,1470,2392,2131.47,60.04,0.1822,22.95,12.02,27.48,0.6495,178.99
SMP_06203,mendeley_data,full,MOSAIC,2,3,1614,2295,2364.94,50.78,0.1527,16.41,5.54,26.98,0.6905,161.3
SMP_06204,mendeley_data,full,MOSAIC,2,3,6016,4016,8082.97,61.35,0.2652,26.24,2.34,22.09,0.6995,302.89
SMP_06205,mendeley_data,full,MOSAIC,2,3,6016,4016,8104.64,35.29,0.1544,20.24,7.03,22.34,0.8098,219.04
SMP_06206,mendeley_data,full,MOSAIC,2,3,6016,4016,8137.71,44.09,0.2072,6.27,-7.38,32.31,0.5789,334.78
SMP_06207,mendeley_data,full,MOSAIC,2,3,6016,4016,8043.26,52.75,0.254,24.92,13.1,34.68,0.7296,286.25
SMP_06208,mendeley_data,full,MOSAIC,2,3,6016,4016,8140.21,46.44,0.1872,9.28,-7.05,26.97,0.7607,329.71
SMP_06209,mendeley_data,full,MOSAIC,2,3,6016,4016,8654.26,45.04,0.1633,10.15,-0.31,33.65,0.6159,313.77
SMP_06210,mendeley_data,full,MOSAIC,2,3,6016,4016,8684.39,33.59,0.2149,17.47,1.38,21.33,0.7711,310.72
SMP_06211,mendeley_data,full,MOSAIC,2,3,6016,4016,8259.86,23.02,0.2228,17.72,6.99,29.2,0.6096,324.75
SMP_06212,mendeley_data,full,MOSAIC,2,3,6016,4016,7655.89,57.81,0.2438,5.97,17.96,24.47,0.5761,316.51
SMP_06213,mendeley_data,full,MOSAIC,2,3,6016,4016,8146.11,50.92,0.2936,18.82,13.25,26.14,0.6638,282.95
SMP_06214,mendeley_data,full,MOSAIC,2,3,6016,4016,8526.88,58.82,0.1771,19.29,-6.78,24.56,0.7336,301.04
SMP_06215,mendeley_data,full,MOSAIC,2,3,6016,4016,8312.65,42.75,0.2098,18.98,-2.09,24.71,0.5466,306.97
SMP_06216,mendeley_data,full,MOSAIC,2,3,6016,4016,7956.62,39.45,0.1365,6.5,-6.2,10.31,0.5584,318.58
SMP_06217,mendeley_data,full,MOSAIC,2,3,6016,4016,7861.72,48.08,0.2333,21.15,-5.4,18.27,0.7552,283.9
SMP_06218,mendeley_data,full,MOSAIC,2,3,6016,4016,8583.11,58.25,0.2092,24.96,0.28,15.43,0.6692,286.99
SMP_06219,mendeley_data,full,MOSAIC,2,3,6016,4016,8116.38,45.22,0.1911,9.23,15.48,23.12,0.7063,372.73
SMP_06220,mendeley_data,full,MOSAIC,2,3,6016,4016,7382.33,57.62,0.1691,11.4,3.03,19.62,0.721,268.35
SMP_06221,mendeley_data,full,MOSAIC,2,3,6016,4016,7255.2,35.92,0.1826,26.3,4.07,15.59,0.5772,280.37
SMP_06222,mendeley_data,full,MOSAIC,2,3,6016,4016,8719.11,46.06,0.2118,32.64,6.83,19.86,0.6392,339.23
SMP_06223,mendeley_data,full,MOSAIC,2,3,6016,4016,8735.11,47.16,0.1517,18.67,-2.52,24.7,0.6772,315.77
SMP_06224,mendeley_data,full,MOSAIC,2,3,6016,4016,8238.3,62.72,0.1846,16.4,4.43,43.86,0.6174,265.44
SMP_06225,mendeley_data,full,MOSAIC,2,3,6016,4016,9462.39,50.49,0.2008,21.59,6.97,25.12,0.6523,371.56
SMP_06226,mendeley_data,full,MOSAIC,2,3,6016,4016,9601.06,68.95,0.123,30.85,24.67,23.75,0.7451,353.77
SMP_06227,mendeley_data,full,MOSAIC,2,3,6016,4016,9978.01,31.83,0.1474,13.2,12.39,17.63,0.536,386.28
SMP_06228,mendeley_data,full,MOSAIC,2,3,6016,4016,9830.06,49.56,0.167,16.13,18.17,19.44,0.6913,296.35
SMP_06229,mendeley_data,full,MOSAIC,2,3,6016,4016,10102.52,50.15,0.2784,15.92,5.23,31.2,0.6068,325.68
SMP_06230,mendeley_data,full,MOSAIC,2,3,6016,4016,10412.9,55.44,0.1585,8.67,9.23,34.53,0.6602,384.72
SMP_06231,mendeley_data,full,MOSAIC,2,3,6016,4016,9845.36,38.24,0.1972,26.82,7.09,20.45,0.6622,285.02
SMP_06232,mendeley_data,full,MOSAIC,2,3,6016,4016,9101.11,68.21,0.148,22.09,-9.31,26.98,0.6876,292.8
SMP_06233,mendeley_data,full,MOSAIC,2,3,6016,4016,9518.31,48.16,0.1612,3.86,-14.7,41.34,0.6748,391.5
SMP_06234,mendeley_data,full,MOSAIC,2,3,6016,4016,9317.34,34.96,0.1279,19.91,-4.0,37.35,0.7011,331.04
SMP_06235,mendeley_data,full,MOSAIC,2,3,6016,4016,9227.65,47.81,0.2335,33.3,14.95,27.48,0.7232,324.44
SMP_06236,mendeley_data,full,MOSAIC,2,3,6016,4016,9347.59,44.24,0.1337,22.2,1.84,20.26,0.5701,303.33
SMP_06237,mendeley_data,full,MOSAIC,2,3,6016,4016,8656.06,81.4,0.2454,32.83,11.23,19.95,0.6556,353.43
SMP_06238,mendeley_data,full,MOSAIC,2,3,6016,4016,8679.96,60.6,0.2234,15.52,15.44,13.16,0.6248,338.85
SMP_06239,mendeley_data,full,MOSAIC,2,3,6016,4016,8773.42,48.6,0.1962,27.73,-5.27,25.88,0.5586,319.23
SMP_06240,mendeley_data,full,MOSAIC,2,3,6016,4016,7276.31,46.66,0.247,30.52,16.81,36.51,0.611,332.71
SMP_06241,mendeley_data,full,MOSAIC,2,3,6016,4016,8540.73,59.41,0.3552,19.42,-4.3,21.81,0.7515,267.3
SMP_06242,mendeley_data,full,MOSAIC,2,3,6016,4016,8565.49,59.99,0.2239,16.71,3.35,24.3,0.6622,320.82
SMP_06243,mendeley_data,full,MOSAIC,2,3,6016,4016,8935.49,13.06,0.144,28.8,-3.64,25.54,0.716,297.64
SMP_06244,mendeley_data,full,MOSAIC,2,3,6016,4016,7668.2,55.72,0.2745,24.32,6.9,26.08,0.7102,362.82
SMP_06245,mendeley_data,full,MOSAIC,2,3,6016,4016,7910.24,48.34,0.2093,27.63,3.71,20.55,0.6167,303.83
SMP_06246,mendeley_data,full,MOSAIC,2,3,6016,4016,10737.99,32.27,0.3056,23.3,11.38,25.08,0.7177,308.38
SMP_06247,mendeley_data,full,MOSAIC,2,3,6016,4016,11145.73,58.56,0.1747,19.36,13.0,27.87,0.6028,354.35
SMP_06248,mendeley_data,full,MOSAIC,2,3,6016,4016,11000.37,74.95,0.2641,19.29,17.64,28.8,0.7307,327.17
SMP_06249,mendeley_data,full,MOSAIC,2,3,3008,2008,4106.87,54.68,0.2,17.16,11.01,28.05,0.6384,240.68
SMP_06250,mendeley_data,full,MOSAIC,2,3,3008,2008,4327.4,61.21,0.3328,23.2,11.52,21.2,0.5866,243.93
SMP_06251,mendeley_data,full,MOSAIC,2,3,3008,2008,3712.96,69.65,0.1859,18.58,1.41,25.62,0.6898,188.4
SMP_06252,mendeley_data,full,MOSAIC,2,3,3008,2008,3712.96,38.04,0.3501,22.03,3.58,27.88,0.6306,205.63
SMP_06253,mendeley_data,full,MOSAIC,2,3,3008,2008,3640.9,25.71,0.222,13.66,7.51,32.26,0.7241,186.33
SMP_06254,mendeley_data,full,MOSAIC,2,3,3008,2008,3640.9,55.88,0.2423,13.19,-4.93,29.15,0.7298,219.87
SMP_06255,mendeley_data,full,MOSAIC,2,3,3008,2008,3981.02,45.03,0.285,24.67,13.99,19.71,0.4709,196.39
SMP_06256,mendeley_data,full,MOSAIC,2,3,3008,2008,3832.64,31.51,0.1606,23.11,3.93,26.41,0.9211,211.82
SMP_06257,mendeley_data,full,MOSAIC,2,3,3008,2008,3385.53,47.06,0.2485,16.56,6.55,28.43,0.5902,217.89
SMP_06258,mendeley_data,full,MOSAIC,2,3,3008,2008,3662.7,56.73,0.1854,31.02,-7.15,28.88,0.7302,216.44
SMP_06259,mendeley_data,full,MOSAIC,2,3,1200,1600,146.56,46.21,0.2076,13.43,2.09,29.66,0.6483,132.42
SMP_06260,mendeley_data,full,MOSAIC,2,3,1200,1600,134.37,38.56,0.2042,23.5,11.9,29.27,0.7031,153.48
SMP_06261,mendeley_data,full,MOSAIC,2,3,1200,1600,90.18,45.32,0.2286,23.66,8.36,16.62,0.6363,80.22
SMP_06262,mendeley_data,full,MOSAIC,2,3,1200,1600,134.37,47.77,0.2265,20.43,11.64,19.93,0.7832,136.24
SMP_06263,mendeley_data,full,MOSAIC,2,3,1200,1600,107.66,24.85,0.1712,30.13,2.3,33.08,0.5796,120.65
SMP_06264,mendeley_data,full,MOSAIC,2,3,1200,1600,130.93,46.29,0.2062,33.02,6.03,20.17,0.7524,129.68
SMP_06265,mendeley_data,full,MOSAIC,2,3,1200,1600,115.52,31.87,0.0833,10.79,4.17,27.74,0.5461,165.4
SMP_06266,mendeley_data,full,MOSAIC,2,3,1200,1600,168.71,55.91,0.2495,1.8,10.32,22.27,0.6868,180.82
SMP_06267,mendeley_data,full,MOSAIC,2,3,1200,1600,168.71,29.27,0.2847,16.09,7.09,31.94,0.5829,167.9
SMP_06268,mendeley_data,full,MOSAIC,2,3,1200,1600,168.71,60.15,0.2095,12.14,1.94,32.5,0.7299,172.6
SMP_06269,mendeley_data,full,MOSAIC,2,3,1200,1600,139.19,43.09,0.1197,16.5,-15.48,20.47,0.7039,118.8
SMP_06270,mendeley_data,full,MOSAIC,2,3,1200,1600,80.0,41.48,0.2371,34.56,6.36,30.22,0.7168,79.84
SMP_06271,mendeley_data,full,MOSAIC,2,3,1200,1600,124.16,51.53,0.1618,41.57,-8.42,31.22,0.6611,152.22
SMP_06272,mendeley_data,full,MOSAIC,2,3,1200,1600,118.84,37.61,0.2091,12.41,10.51,29.52,0.6615,120.3
SMP_06273,mendeley_data,full,MOSAIC,2,3,1200,1600,127.04,51.34,0.2343,21.79,11.66,24.6,0.6705,117.11
SMP_06274,mendeley_data,full,MOSAIC,2,3,1200,1600,123.73,39.21,0.2273,21.61,-13.28,15.67,0.5978,117.02
SMP_06275,mendeley_data,full,MOSAIC,2,3,1200,1600,118.38,41.32,0.254,22.77,7.4,32.99,0.8603,100.79
SMP_06276,mendeley_data,full,MOSAIC,2,3,1200,1600,143.56,52.86,0.2073,9.04,7.2,22.27,0.6242,160.64
SMP_06277,mendeley_data,full,MOSAIC,2,3,1200,1600,105.18,34.34,0.2087,29.89,8.01,24.64,0.652,166.42
SMP_06278,mendeley_data,full,MOSAIC,2,3,1200,1600,103.84,32.83,0.2368,27.22,-4.86,28.8,0.7025,95.69
SMP_06279,mendeley_data,full,MOSAIC,2,3,1200,1600,108.24,50.98,0.1964,16.16,8.81,19.93,0.6486,173.68
SMP_06280,mendeley_data,full,MOSAIC,2,3,1200,1600,138.11,47.68,0.1656,29.85,-5.07,19.3,0.7,132.37
SMP_06281,mendeley_data,full,MOSAIC,2,3,1200,1600,148.62,50.02,0.2226,8.46,10.52,20.87,0.5504,164.99
SMP_06282,mendeley_data,full,MOSAIC,2,3,1200,1600,155.97,51.93,0.1436,6.45,8.47,20.44,0.6775,109.8
SMP_06283,mendeley_data,full,MOSAIC,2,3,1200,1600,105.28,48.69,0.196,22.12,2.36,19.42,0.6142,193.04
SMP_06284,mendeley_data,full,MOSAIC,2,3,1200,1600,154.28,55.3,0.1311,23.45,8.4,25.95,0.7081,116.23
SMP_06285,mendeley_data,full,MOSAIC,2,3,1200,1600,180.95,49.17,0.1723,18.69,-2.58,27.27,0.787,131.83
SMP_06286,mendeley_data,full,MOSAIC,2,3,1200,1600,156.96,23.91,0.1743,28.86,0.53,21.82,0.8124,133.72
SMP_06287,mendeley_data,full,MOSAIC,2,3,1200,1600,138.1,27.03,0.1508,14.74,14.31,26.35,0.6483,134.15
SMP_06288,mendeley_data,full,MOSAIC,2,3,1200,1600,157.79,71.14,0.255,29.64,14.0,9.54,0.5045,158.37
SMP_06289,mendeley_data,full,MOSAIC,2,3,1200,1600,163.46,48.0,0.2509,26.3,-3.78,27.76,0.7029,84.12
SMP_06290,mendeley_data,full,MOSAIC,2,3,1200,1600,152.94,59.4,0.2657,34.9,0.05,26.4,0.6539,125.47
SMP_06291,mendeley_data,full,MOSAIC,2,3,1200,1600,152.28,43.85,0.1906,5.82,0.56,32.55,0.6144,166.33
SMP_06292,mendeley_data,full,MOSAIC,2,3,1200,1600,155.73,47.3,0.1783,16.11,5.5,28.25,0.6981,127.47
SMP_06293,mendeley_data,full,MOSAIC,2,3,1200,1600,184.16,42.56,0.2402,12.75,3.93,29.25,0.6947,93.62
SMP_06294,mendeley_data,full,MOSAIC,2,3,1200,1600,188.09,77.59,0.2064,26.22,15.33,21.79,0.7301,117.07
SMP_06295,mendeley_data,full,MOSAIC,2,3,1200,1600,181.67,51.04,0.2062,32.58,17.27,15.46,0.6445,180.36
SMP_06296,mendeley_data,full,MOSAIC,2,3,1200,1600,194.38,41.58,0.0728,17.02,19.43,25.91,0.6379,145.38
SMP_06297,mendeley_data,full,MOSAIC,2,3,1200,1600,189.91,28.18,0.2378,24.8,22.28,16.77,0.6359,142.33
SMP_06298,mendeley_data,full,MOSAIC,2,3,1200,1600,190.65,71.68,0.2312,31.55,-7.64,26.34,0.6326,107.64
SMP_06299,mendeley_data,full,MOSAIC,2,3,1200,1600,179.51,46.04,0.1997,22.61,3.49,28.9,0.7273,170.78
SMP_06300,mendeley_data,full,MOSAIC,2,3,1200,1600,194.88,56.93,0.2408,25.61,-0.55,25.36,0.6242,157.31
SMP_06301,mendeley_data,full,MOSAIC,2,3,1200,1600,151.54,58.27,0.2301,4.13,-2.18,20.12,0.5797,132.56
SMP_06302,mendeley_data,full,MOSAIC,2,3,1200,1600,144.05,42.45,0.1652,32.53,16.27,36.39,0.7144,168.63
SMP_06303,mendeley_data,full,MOSAIC,2,3,1200,1600,177.18,56.07,0.189,17.61,8.37,24.26,0.7113,110.03
SMP_06304,mendeley_data,full,MOSAIC,2,3,1200,1600,164.09,40.75,0.1496,41.36,-7.71,32.01,0.8139,166.22
SMP_06305,mendeley_data,full,MOSAIC,2,3,1200,1600,142.08,36.11,0.2731,13.19,25.75,35.27,0.8537,127.78
SMP_06306,mendeley_data,full,MOSAIC,2,3,1200,1600,109.86,61.97,0.2489,23.8,-9.52,33.74,0.7863,137.8
SMP_06307,mendeley_data,full,MOSAIC,2,3,1200,1600,201.88,46.1,0.1593,26.6,2.17,30.06,0.727,107.12
SMP_06308,mendeley_data,full,MOSAIC,2,3,1200,1600,179.51,54.22,0.2309,-0.01,5.7,36.47,0.6786,134.3
SMP_06309,mendeley_data,full,MOSAIC,2,3,1200,1600,135.15,52.93,0.2139,34.22,-4.05,28.16,0.6267,105.61
SMP_06310,mendeley_data,full,MOSAIC,2,3,1200,1600,156.99,55.66,0.1657,25.94,9.4,32.04,0.8357,123.16
SMP_06311,mendeley_data,full,MOSAIC,2,3,1200,1600,133.87,29.32,0.2062,8.04,0.06,27.27,0.7073,111.15
SMP_06312,mendeley_data,full,MOSAIC,2,3,1200,1600,108.48,40.98,0.2429,22.96,11.58,20.89,0.7816,175.97
SMP_06313,mendeley_data,full,MOSAIC,2,3,1200,1600,138.65,44.11,0.247,22.91,8.19,27.1,0.6764,141.81
SMP_06314,mendeley_data,full,MOSAIC,2,3,1200,1600,124.36,38.02,0.3166,18.93,-15.03,17.42,0.7158,148.51
SMP_06315,mendeley_data,full,MOSAIC,2,3,1200,1600,187.18,53.15,0.2047,15.23,-7.4,26.62,0.6934,142.33
SMP_06316,mendeley_data,full,MOSAIC,2,3,1200,1600,175.14,62.24,0.1881,19.46,11.79,23.76,0.6331,147.11
SMP_06317,mendeley_data,full,MOSAIC,2,3,1200,1600,113.96,64.14,0.2281,26.89,8.23,31.31,0.7183,129.31
SMP_06318,mendeley_data,full,MOSAIC,2,3,1200,1600,190.06,43.93,0.1909,26.57,-3.21,34.13,0.838,189.34
SMP_06319,mendeley_data,full,MOSAIC,2,3,1200,1600,141.66,51.5,0.1708,20.07,-0.35,19.55,0.6432,103.57
SMP_06320,mendeley_data,full,MOSAIC,2,3,1200,1600,149.08,53.35,0.1537,21.83,4.3,28.39,0.6652,148.6
SMP_06321,mendeley_data,full,MOSAIC,2,3,1200,1600,136.71,55.46,0.0286,18.98,-11.2,28.48,0.5516,154.78
SMP_06322,mendeley_data,full,MOSAIC,2,3,1200,1600,143.38,37.46,0.2367,12.22,23.17,33.96,0.7231,124.95
SMP_06323,mendeley_data,full,MOSAIC,2,3,1200,1600,138.64,69.85,0.1181,19.54,-2.84,31.4,0.7218,164.63
SMP_06324,mendeley_data,full,MOSAIC,2,3,1200,1600,160.51,59.12,0.156,14.12,5.25,32.73,0.7196,132.84
SMP_06325,mendeley_data,full,MOSAIC,2,3,1200,1600,175.89,59.43,0.2146,12.04,18.37,28.35,0.661,89.43
SMP_06326,mendeley_data,full,MOSAIC,2,3,1200,1600,186.55,62.44,0.1839,0.65,3.53,18.73,0.6523,142.59
SMP_06327,mendeley_data,full,MOSAIC,2,3,1200,1600,138.31,54.41,0.3075,16.73,7.58,21.69,0.6933,129.5
SMP_06328,mendeley_data,full,MOSAIC,2,3,1200,1600,170.29,35.67,0.1245,26.28,-2.66,28.59,0.7165,122.43
SMP_06329,mendeley_data,full,MOSAIC,2,3,1200,1600,169.13,46.33,0.3119,29.78,0.61,18.43,0.6791,185.09
SMP_06330,mendeley_data,full,MOSAIC,2,3,1200,1600,285.61,28.19,0.269,23.57,-2.4,22.96,0.6469,107.75
SMP_06331,mendeley_data,full,MOSAIC,2,3,1200,1600,238.48,52.98,0.2455,9.64,15.24,23.84,0.5689,166.07
SMP_06332,mendeley_data,full,MOSAIC,2,3,1200,1600,159.14,45.97,0.272,18.76,-0.34,25.39,0.748,201.29
SMP_06333,mendeley_data,full,MOSAIC,2,3,1200,1600,112.35,47.51,0.2202,10.76,-0.95,28.33,0.6894,218.43
SMP_06334,mendeley_data,full,MOSAIC,2,3,1200,1600,110.56,62.45,0.1148,35.28,-1.89,27.91,0.5807,204.63
SMP_06335,mendeley_data,full,MOSAIC,2,3,1200,1600,181.99,42.52,0.2257,16.9,8.06,29.67,0.7237,131.59
SMP_06336,mendeley_data,full,MOSAIC,2,3,1200,1600,162.27,44.97,0.126,16.05,9.65,20.45,0.7264,147.57
SMP_06337,mendeley_data,full,MOSAIC,2,3,1200,1600,156.83,48.26,0.1736,27.38,-10.98,23.65,0.646,121.79
SMP_06338,mendeley_data,full,MOSAIC,2,3,1200,1600,154.97,25.92,0.1961,19.69,5.54,28.77,0.6071,179.23
SMP_06339,mendeley_data,full,MOSAIC,2,3,1200,1600,160.14,44.81,0.1544,28.57,7.41,19.15,0.7532,194.74
SMP_06340,mendeley_data,full,MOSAIC,2,3,1200,1600,159.99,18.17,0.2473,11.01,16.24,30.51,0.6457,118.34
SMP_06341,mendeley_data,full,MOSAIC,2,3,1200,1600,170.08,40.97,0.1893,20.71,-4.79,26.66,0.5151,182.16
SMP_06342,mendeley_data,full,MOSAIC,2,3,1200,1600,145.97,58.26,0.2205,24.06,-3.97,18.15,0.6751,171.39
SMP_06343,mendeley_data,full,MOSAIC,2,3,1200,1600,124.64,53.37,0.1995,-0.94,10.13,31.06,0.6899,178.73
SMP_06344,mendeley_data,full,MOSAIC,2,3,1200,1600,142.21,40.86,0.2063,14.54,4.51,27.41,0.6878,141.49
SMP_06345,mendeley_data,full,MOSAIC,2,3,1200,1600,135.56,48.49,0.1557,15.09,16.03,36.86,0.6299,105.37
SMP_06346,mendeley_data,full,MOSAIC,2,3,1200,1600,132.51,35.1,0.1413,20.44,13.81,32.86,0.6841,140.93
SMP_06347,mendeley_data,full,MOSAIC,2,3,1200,1600,129.47,47.97,0.1923,17.52,7.23,16.27,0.7292,183.12
SMP_06348,mendeley_data,full,MOSAIC,2,3,1200,1600,117.53,83.16,0.1517,22.37,4.47,24.38,0.5306,157.86
SMP_06349,mendeley_data,full,MOSAIC,2,3,1200,1600,123.3,70.15,0.2697,18.12,3.74,26.92,0.7181,142.7
SMP_06350,mendeley_data,full,MOSAIC,2,3,1200,1600,153.27,48.63,0.1312,29.18,4.76,27.65,0.7394,167.26
SMP_06351,mendeley_data,full,MOSAIC,2,3,1200,1600,134.18,49.92,0.3169,36.89,5.49,20.43,0.6562,113.17
SMP_06352,mendeley_data,full,MOSAIC,2,3,1200,1600,127.71,36.25,0.2151,8.0,16.37,26.51,0.5862,152.25
SMP_06353,mendeley_data,full,MOSAIC,2,3,1200,1600,137.63,38.38,0.2035,20.2,-11.3,24.33,0.743,145.62
SMP_06354,mendeley_data,full,MOSAIC,2,3,1200,1600,130.15,52.35,0.173,28.69,1.64,20.91,0.7702,114.55
SMP_06355,mendeley_data,full,MOSAIC,2,3,1200,1600,103.87,41.7,0.2328,14.38,6.64,23.02,0.6016,146.98
SMP_06356,mendeley_data,full,MOSAIC,2,3,1200,1600,119.67,58.85,0.1898,22.24,0.18,23.15,0.6681,119.23
SMP_06357,mendeley_data,full,MOSAIC,2,3,1200,1600,130.63,66.84,0.215,16.96,2.71,37.05,0.6111,96.02
SMP_06358,mendeley_data,full,MOSAIC,2,3,1200,1600,119.34,51.99,0.2421,11.97,1.47,33.03,0.6364,174.18
SMP_06359,mendeley_data,full,MOSAIC,2,3,1200,1600,90.18,49.22,0.2335,11.87,15.43,27.74,0.6767,116.84
SMP_06360,mendeley_data,full,MOSAIC,2,3,1200,1600,88.66,27.83,0.262,0.23,1.61,15.89,0.745,138.49
SMP_06361,mendeley_data,full,MOSAIC,2,3,1200,1600,72.15,56.97,0.2269,21.33,-0.77,34.45,0.723,180.39
SMP_06362,mendeley_data,full,MOSAIC,2,3,1200,1600,88.5,34.28,0.1524,21.85,11.24,13.85,0.6898,89.42
SMP_06363,mendeley_data,full,MOSAIC,2,3,1200,1600,69.19,42.98,0.096,12.39,0.72,18.28,0.8346,189.05
SMP_06364,mendeley_data,full,MOSAIC,2,3,1200,1600,103.12,59.51,0.2106,17.76,3.65,16.88,0.589,111.12
SMP_06365,mendeley_data,full,MOSAIC,2,3,1200,1600,123.3,60.36,0.2113,8.46,-3.85,20.37,0.6402,126.46
SMP_06366,mendeley_data,full,MOSAIC,2,3,1200,1600,137.63,42.4,0.2963,24.26,1.75,36.09,0.6874,167.58
SMP_06367,mendeley_data,full,MOSAIC,2,3,1200,1600,117.53,43.09,0.1942,16.8,4.72,30.68,0.6582,133.47
SMP_06368,mendeley_data,full,MOSAIC,2,3,1200,1600,127.71,39.61,0.2187,26.16,-5.12,27.55,0.6655,131.37
SMP_06369,mendeley_data,full,MOSAIC,2,3,1200,1600,103.87,33.63,0.2389,17.42,4.2,26.05,0.7405,182.78
SMP_06370,mendeley_data,full,MOSAIC,2,3,1200,1600,134.18,40.38,0.2257,12.1,9.11,20.38,0.6181,157.93
SMP_06371,mendeley_data,full,MOSAIC,2,3,1200,1600,130.15,28.64,0.2422,15.71,-10.93,30.92,0.8043,156.08
SMP_06372,mendeley_data,full,MOSAIC,2,3,1200,1600,119.34,56.2,0.1591,32.06,-0.22,34.75,0.6161,140.38
SMP_06373,mendeley_data,full,MOSAIC,2,3,1200,1600,119.67,52.73,0.1512,36.77,25.43,31.4,0.6282,145.25
SMP_06374,mendeley_data,full,MOSAIC,2,3,1200,1600,88.66,54.73,0.186,7.94,3.36,29.73,0.7597,95.67
SMP_06375,mendeley_data,full,MOSAIC,2,3,1200,1600,90.18,36.55,0.0913,27.25,14.11,32.06,0.765,140.33
SMP_06376,mendeley_data,full,MOSAIC,2,3,1200,1600,130.63,33.66,0.198,11.13,4.78,26.41,0.6573,182.6
SMP_06377,mendeley_data,full,MOSAIC,2,3,1200,1600,72.15,48.64,0.167,13.92,2.36,14.07,0.7671,100.18
SMP_06378,mendeley_data,full,MOSAIC,2,3,1200,1600,69.19,48.77,0.2161,21.67,12.47,32.84,0.6165,163.24
SMP_06379,mendeley_data,full,MOSAIC,2,3,1200,1600,88.5,46.23,0.1867,23.91,14.58,19.73,0.5464,144.24
SMP_06380,mendeley_data,full,MOSAIC,2,3,1200,1600,128.3,44.53,0.1492,14.17,-2.14,26.17,0.7494,113.96
SMP_06381,mendeley_data,full,MOSAIC,2,3,1200,1600,227.18,68.53,0.2655,24.88,-3.78,36.89,0.5741,82.0
SMP_06382,mendeley_data,full,MOSAIC,2,3,1200,1600,110.59,53.11,0.2041,29.47,-5.95,25.86,0.679,170.53
SMP_06383,mendeley_data,full,MOSAIC,2,3,1200,1600,131.26,71.65,0.2431,25.83,-2.03,35.82,0.8133,172.2
SMP_06384,mendeley_data,full,MOSAIC,2,3,1200,1600,107.05,63.23,0.2092,12.27,14.09,26.92,0.6138,92.53
SMP_06385,mendeley_data,full,MOSAIC,2,3,1200,1600,93.93,68.44,0.2232,16.44,5.25,20.98,0.5894,131.81
SMP_06386,mendeley_data,full,MOSAIC,2,3,1200,1600,139.78,35.11,0.132,27.0,14.47,25.53,0.6133,163.51
SMP_06387,mendeley_data,full,MOSAIC,2,3,1200,1600,100.74,55.12,0.2639,32.41,-3.27,22.79,0.594,187.49
SMP_06388,mendeley_data,full,MOSAIC,2,3,1200,1600,90.63,42.82,0.2439,9.83,-3.02,32.54,0.6026,182.8
SMP_06389,mendeley_data,full,MOSAIC,2,3,1200,1600,90.41,28.04,0.1991,22.42,1.86,24.92,0.5723,135.62
SMP_06390,mendeley_data,full,MOSAIC,2,3,1200,1600,114.83,65.95,0.2144,25.87,7.37,30.31,0.748,153.17
SMP_06391,mendeley_data,full,MOSAIC,2,3,1200,1600,117.38,44.48,0.2501,8.83,3.88,28.34,0.5623,145.14
SMP_06392,mendeley_data,full,MOSAIC,2,3,1200,1600,104.18,35.34,0.1814,28.15,10.58,14.96,0.7256,147.6
SMP_06393,mendeley_data,full,MOSAIC,2,3,1200,1600,109.66,43.03,0.1208,36.92,8.31,21.55,0.5645,179.92
SMP_06394,mendeley_data,full,MOSAIC,2,3,1200,1600,98.64,38.45,0.1823,25.31,8.9,26.28,0.6907,151.88
SMP_06395,mendeley_data,full,MOSAIC,2,3,1200,1600,114.43,39.68,0.2076,24.53,10.48,23.87,0.7422,208.18
SMP_06396,mendeley_data,full,MOSAIC,2,3,1200,1600,93.14,45.34,0.1984,13.99,13.77,26.96,0.6775,201.02
SMP_06397,mendeley_data,full,MOSAIC,2,3,1200,1600,101.11,68.77,0.2659,16.08,-14.68,29.37,0.5951,125.09
SMP_06398,mendeley_data,full,MOSAIC,2,3,1200,1600,95.65,40.0,0.152,14.82,4.9,32.49,0.6768,119.28
SMP_06399,mendeley_data,full,MOSAIC,2,3,1200,1600,148.0,67.91,0.1583,12.92,11.74,27.99,0.6424,114.47
SMP_06400,mendeley_data,full,MOSAIC,2,3,1200,1600,148.51,58.19,0.1471,18.06,25.19,26.72,0.6668,155.17
SMP_06401,mendeley_data,full,MOSAIC,2,3,1200,1600,122.89,52.76,0.2214,22.47,4.2,29.6,0.5898,102.12
SMP_06402,mendeley_data,full,MOSAIC,2,3,1200,1600,381.3,56.98,0.1237,13.14,-12.58,22.31,0.7051,130.75
SMP_06403,mendeley_data,full,MOSAIC,2,3,1200,1600,101.49,48.16,0.2372,17.22,16.4,27.41,0.6605,122.86
SMP_06404,mendeley_data,full,MOSAIC,2,3,1200,1600,144.12,63.43,0.1534,22.55,-4.74,28.52,0.7333,217.64
SMP_06405,mendeley_data,full,MOSAIC,2,3,1200,1600,148.18,54.8,0.1613,3.07,8.68,26.61,0.7525,126.44
SMP_06406,mendeley_data,full,MOSAIC,2,3,1200,1600,119.6,28.02,0.2885,27.59,9.3,25.9,0.7044,85.4
SMP_06407,mendeley_data,full,MOSAIC,2,3,1200,1600,101.63,51.56,0.2616,21.7,6.01,30.11,0.6575,140.39
SMP_06408,mendeley_data,full,MOSAIC,2,3,1200,1600,103.21,57.41,0.206,21.81,-12.07,20.09,0.6262,116.18
SMP_06409,mendeley_data,full,MOSAIC,2,3,1200,1600,117.28,44.53,0.1344,29.25,2.09,20.98,0.6189,159.32
SMP_06410,mendeley_data,full,MOSAIC,2,3,1200,1600,229.79,49.52,0.3007,27.51,-7.56,24.75,0.7033,140.26
SMP_06411,mendeley_data,full,MOSAIC,2,3,1200,1600,100.68,40.65,0.1902,24.86,8.63,32.45,0.7163,147.76
SMP_06412,mendeley_data,full,MOSAIC,2,3,1200,1600,100.32,31.47,0.2124,22.24,-2.08,17.48,0.6706,93.24
SMP_06413,mendeley_data,full,MOSAIC,2,3,1200,1600,322.59,29.4,0.2456,19.92,-11.99,32.08,0.6791,138.6
SMP_06414,mendeley_data,full,MOSAIC,2,3,1200,1600,157.92,29.56,0.1019,15.35,10.69,34.5,0.583,178.67
SMP_06415,mendeley_data,full,MOSAIC,2,3,1200,1600,88.2,56.03,0.168,12.31,-5.14,27.29,0.69,127.76
SMP_06416,mendeley_data,full,MOSAIC,2,3,1200,1600,89.53,18.12,0.1966,23.1,6.08,19.71,0.6477,143.79
SMP_06417,mendeley_data,full,MOSAIC,2,3,1200,1600,123.18,40.0,0.2065,23.15,-0.9,16.05,0.7612,153.03
SMP_06418,mendeley_data,full,MOSAIC,2,3,1200,1600,122.87,38.81,0.1348,21.13,11.94,38.66,0.7026,123.45
SMP_06419,mendeley_data,full,MOSAIC,2,3,1200,1600,99.3,44.61,0.2163,9.25,11.61,18.74,0.6587,106.6
SMP_06420,mendeley_data,full,MOSAIC,2,3,1200,1600,182.65,25.72,0.2017,-1.24,6.9,22.96,0.7075,220.11
SMP_06421,mendeley_data,full,MOSAIC,2,3,1200,1600,129.48,52.85,0.2834,20.44,4.14,15.03,0.8115,161.95
SMP_06422,mendeley_data,full,MOSAIC,2,3,1200,1600,129.13,32.72,0.25,5.33,1.47,13.6,0.7411,138.87
SMP_06423,mendeley_data,full,MOSAIC,2,3,1200,1600,156.32,61.59,0.1865,22.54,-4.64,30.08,0.6401,183.31
SMP_06424,mendeley_data,full,MOSAIC,2,3,1200,1600,120.23,40.54,0.1902,35.59,0.29,22.5,0.7157,149.53
SMP_06425,mendeley_data,full,MOSAIC,2,3,1200,1600,119.88,46.85,0.2507,22.65,8.83,31.11,0.8831,164.89
SMP_06426,mendeley_data,full,MOSAIC,2,3,1200,1600,98.21,48.05,0.2142,16.51,20.64,23.94,0.7414,160.2
SMP_06427,mendeley_data,full,MOSAIC,2,3,1200,1600,191.89,50.93,0.1314,11.63,9.57,33.31,0.6711,173.71
SMP_06428,mendeley_data,full,MOSAIC,2,3,1200,1600,113.76,48.44,0.3047,15.39,10.72,24.04,0.767,109.41
SMP_06429,mendeley_data,full,MOSAIC,2,3,6016,4016,6781.74,42.87,0.1505,19.7,4.14,31.75,0.5543,271.57
SMP_06430,mendeley_data,full,MOSAIC,2,3,6016,4016,6761.05,52.12,0.3239,28.58,9.21,20.04,0.6064,303.12
SMP_06431,mendeley_data,full,MOSAIC,2,3,6016,4016,7429.69,53.59,0.2214,21.12,-12.18,21.28,0.5482,288.56
SMP_06432,mendeley_data,full,MOSAIC,2,3,6016,4016,7563.61,38.82,0.1682,17.67,-0.78,20.26,0.5692,263.86
SMP_06433,mendeley_data,full,MOSAIC,2,3,6016,4016,7180.86,53.12,0.0816,25.38,10.63,22.24,0.681,276.58
SMP_06434,mendeley_data,full,MOSAIC,2,3,6016,4016,6674.98,62.3,0.2388,31.81,10.77,16.11,0.5835,274.52
SMP_06435,mendeley_data,full,MOSAIC,2,3,6016,4016,7081.35,56.47,0.1225,22.51,0.65,19.91,0.6096,235.53
SMP_06436,mendeley_data,full,MOSAIC,2,3,6016,4016,5182.6,59.19,0.2179,21.53,-5.47,20.13,0.5599,291.23
SMP_06437,mendeley_data,full,MOSAIC,2,3,6016,4016,4626.28,50.06,0.2967,6.72,4.43,37.62,0.7125,196.2
SMP_06438,mendeley_data,full,MOSAIC,2,3,6016,4016,5273.1,36.77,0.1431,9.11,1.52,25.17,0.5942,280.92
SMP_06439,mendeley_data,full,MOSAIC,2,3,6016,4016,5707.69,38.28,0.2369,8.08,12.52,23.59,0.7411,301.86
SMP_06440,mendeley_data,full,MOSAIC,2,3,6016,4016,6130.25,51.84,0.1594,18.47,10.63,30.46,0.6704,238.03
SMP_06441,mendeley_data,full,MOSAIC,2,3,6016,4016,7375.4,59.31,0.2567,13.33,17.39,23.25,0.7777,311.24
SMP_06442,mendeley_data,full,MOSAIC,2,3,6016,4016,6886.11,81.43,0.2033,16.03,13.88,27.8,0.655,298.72
SMP_06443,mendeley_data,full,MOSAIC,2,3,6016,4016,6068.37,59.78,0.199,13.23,2.81,29.95,0.7407,259.28
SMP_06444,mendeley_data,full,MOSAIC,2,3,6016,4016,6701.36,33.95,0.2604,13.93,7.79,29.63,0.6944,317.23
SMP_06445,mendeley_data,full,MOSAIC,2,3,6016,4016,6214.37,38.79,0.2313,5.17,21.28,25.8,0.7226,283.75
SMP_06446,mendeley_data,full,MOSAIC,2,3,6016,4016,7846.34,75.34,0.1598,21.76,1.8,26.63,0.7464,309.61
SMP_06447,mendeley_data,full,MOSAIC,2,3,6016,4016,7476.83,45.43,0.2894,25.6,6.4,28.13,0.6929,339.93
SMP_06448,mendeley_data,full,MOSAIC,2,3,6016,4016,7214.01,48.57,0.1232,20.56,4.96,29.17,0.7066,307.38
SMP_06449,mendeley_data,full,MOSAIC,2,3,6016,4016,5880.48,36.47,0.2138,22.92,5.13,28.04,0.7193,258.64
SMP_06450,mendeley_data,full,MOSAIC,2,3,6016,4016,6986.59,66.78,0.1589,23.72,-1.99,26.94,0.5671,246.45
SMP_06451,mendeley_data,full,MOSAIC,2,3,6016,4016,6958.08,54.0,0.1256,23.4,15.47,20.35,0.7059,279.11
SMP_06452,mendeley_data,full,MOSAIC,2,3,6016,4016,6065.97,38.7,0.1433,26.77,-2.34,29.36,0.7386,216.54
SMP_06453,mendeley_data,full,MOSAIC,2,3,6016,4016,7260.61,36.07,0.1975,29.53,19.86,18.73,0.6743,323.34
SMP_06454,mendeley_data,full,MOSAIC,2,3,6016,4016,7003.96,51.69,0.2175,32.63,18.11,26.16,0.5853,276.14
SMP_06455,mendeley_data,full,MOSAIC,2,3,6016,4016,7641.43,48.53,0.2529,4.59,7.01,26.87,0.715,281.23
SMP_06456,mendeley_data,full,MOSAIC,2,3,6016,4016,6904.58,57.99,0.2738,23.74,5.05,17.21,0.5818,306.9
SMP_06457,mendeley_data,full,MOSAIC,2,3,6016,4016,7571.62,54.56,0.2139,10.32,-1.22,21.6,0.5623,287.87
SMP_06458,mendeley_data,full,MOSAIC,2,3,6016,4016,7143.93,44.83,0.1778,31.25,5.57,33.69,0.7614,331.58
SMP_06459,mendeley_data,full,MOSAIC,2,3,6016,4016,6892.35,41.47,0.252,20.53,13.64,21.08,0.7166,258.66
SMP_06460,mendeley_data,full,MOSAIC,2,3,6016,4016,7457.99,46.08,0.1693,22.21,-0.47,29.48,0.624,277.48
SMP_06461,mendeley_data,full,MOSAIC,2,3,6016,4016,5539.13,41.39,0.1202,20.94,16.74,18.84,0.7096,271.58
SMP_06462,mendeley_data,full,MOSAIC,2,3,6016,4016,6090.35,46.44,0.247,21.68,13.2,17.65,0.6661,334.91
SMP_06463,mendeley_data,full,MOSAIC,2,3,6016,4016,7154.85,48.2,0.2662,33.18,4.15,30.49,0.7364,289.85
SMP_06464,mendeley_data,full,MOSAIC,2,3,6016,4016,7089.28,37.22,0.1589,29.92,11.37,32.69,0.8937,248.88
SMP_06465,mendeley_data,full,MOSAIC,2,3,6016,4016,6941.88,55.57,0.298,32.84,-2.3,26.08,0.618,211.86
SMP_06466,mendeley_data,full,MOSAIC,2,3,6016,4016,7186.38,43.55,0.2292,18.44,4.18,28.34,0.6554,311.24
SMP_06467,mendeley_data,full,MOSAIC,2,3,6016,4016,6875.57,37.9,0.2217,3.0,22.74,34.03,0.5974,256.87
SMP_06468,mendeley_data,full,MOSAIC,2,3,6016,4016,7145.67,43.78,0.1742,25.98,14.55,24.77,0.7532,290.93
SMP_06469,mendeley_data,full,MOSAIC,2,3,6016,4016,6939.36,50.91,0.2509,11.07,8.99,26.44,0.6639,237.23
SMP_06470,mendeley_data,full,MOSAIC,2,3,6016,4016,7309.44,49.0,0.1238,17.1,5.55,24.63,0.6644,343.78
SMP_06471,mendeley_data,full,MOSAIC,2,3,6016,4016,7114.42,53.07,0.183,19.5,4.41,21.52,0.6501,235.06
SMP_06472,mendeley_data,full,MOSAIC,2,3,6016,4016,6779.01,58.78,0.1633,20.02,4.77,16.92,0.6391,212.32
SMP_06473,mendeley_data,full,MOSAIC,2,3,6016,4016,6851.77,63.66,0.1346,25.15,-1.19,20.77,0.6433,300.49
SMP_06474,mendeley_data,full,MOSAIC,2,3,6016,4016,7708.67,51.43,0.2431,12.61,10.22,32.93,0.6528,242.4
SMP_06475,mendeley_data,full,MOSAIC,2,3,6016,4016,8280.11,35.17,0.2171,25.01,13.36,35.76,0.735,329.69
SMP_06476,mendeley_data,full,MOSAIC,2,3,6016,4016,7816.96,44.77,0.2402,18.48,2.98,19.53,0.745,300.02
SMP_06477,mendeley_data,full,MOSAIC,2,3,6016,4016,6906.72,35.95,0.1861,40.82,8.74,30.44,0.691,214.09
SMP_06478,mendeley_data,full,MOSAIC,2,3,6016,4016,7113.7,68.36,0.2493,7.28,-0.82,24.56,0.7809,321.17
SMP_06479,mendeley_data,full,MOSAIC,2,3,6016,4016,7184.04,71.85,0.2039,21.02,4.47,35.14,0.724,274.45
SMP_06480,mendeley_data,full,MOSAIC,2,3,6016,4016,5543.17,55.8,0.1764,24.92,-1.77,25.8,0.636,235.11
SMP_06481,mendeley_data,full,MOSAIC,2,3,6016,4016,6479.67,58.3,0.1681,16.71,3.18,22.01,0.7413,276.89
SMP_06482,mendeley_data,full,MOSAIC,2,3,6016,4016,6501.97,51.01,0.1009,15.41,5.96,27.21,0.7455,269.3
SMP_06483,mendeley_data,full,MOSAIC,2,3,6016,4016,6883.81,52.39,0.2582,30.6,9.84,17.1,0.692,263.42
SMP_06484,mendeley_data,full,MOSAIC,2,3,6016,4016,6329.49,28.83,0.2525,26.73,0.1,26.87,0.6603,232.96
SMP_06485,mendeley_data,full,MOSAIC,2,3,6016,4016,6823.88,47.11,0.3464,13.61,8.81,24.18,0.5857,265.27
SMP_06486,mendeley_data,full,MOSAIC,2,3,6016,4016,6965.36,37.43,0.1833,8.14,-2.65,24.19,0.647,246.76
SMP_06487,mendeley_data,full,MOSAIC,2,3,6016,4016,6573.82,51.38,0.1667,24.71,7.54,22.21,0.5502,255.65
SMP_06488,mendeley_data,full,MOSAIC,2,3,6016,4016,6703.47,47.28,0.1149,22.58,22.69,21.25,0.6553,293.6
SMP_06489,mendeley_data,full,MOSAIC,2,3,6016,4016,7199.09,71.36,0.248,24.57,2.03,27.76,0.6833,248.36
SMP_06490,mendeley_data,full,MOSAIC,2,3,6016,4016,7789.56,59.0,0.2365,18.95,-5.67,26.47,0.756,285.91
SMP_06491,mendeley_data,full,MOSAIC,2,3,6016,4016,7767.78,51.41,0.2776,26.87,12.17,24.72,0.643,294.03
SMP_06492,mendeley_data,full,MOSAIC,2,3,6016,4016,7494.43,44.8,0.1542,32.8,7.29,28.22,0.6976,282.12
SMP_06493,mendeley_data,full,MOSAIC,2,3,6016,4016,7652.96,68.11,0.2358,32.24,8.67,25.44,0.7599,274.61
SMP_06494,mendeley_data,full,MOSAIC,2,3,6016,4016,7567.98,47.64,0.1739,13.45,15.18,24.55,0.6003,299.8
SMP_06495,mendeley_data,full,MOSAIC,2,3,6016,4016,7312.81,51.98,0.2672,40.0,-0.69,21.86,0.7196,310.96
SMP_06496,mendeley_data,full,MOSAIC,2,3,6016,4016,7455.48,48.51,0.2268,25.27,-0.45,32.46,0.5639,358.18
SMP_06497,mendeley_data,full,MOSAIC,2,3,6016,4016,7413.45,43.15,0.1222,8.59,9.36,39.61,0.6132,310.47
SMP_06498,mendeley_data,full,MOSAIC,2,3,6016,4016,7926.2,48.44,0.1934,23.5,13.32,11.6,0.6197,254.04
SMP_06499,mendeley_data,full,MOSAIC,2,3,6016,4016,7578.38,24.46,0.1026,21.84,6.9,24.52,0.6316,311.07
SMP_06500,mendeley_data,full,MOSAIC,2,3,6016,4016,7792.25,29.43,0.1418,19.07,4.43,24.95,0.6298,267.08
SMP_06501,mendeley_data,full,MOSAIC,2,3,6016,4016,7640.58,52.2,0.1449,18.37,7.58,26.97,0.7038,297.16
SMP_06502,mendeley_data,full,MOSAIC,2,3,6016,4016,6631.22,66.82,0.168,25.62,10.87,42.67,0.6654,266.65
SMP_06503,mendeley_data,full,MOSAIC,2,3,6016,4016,7031.63,52.18,0.1869,25.65,-6.58,26.33,0.6076,268.17
SMP_06504,mendeley_data,full,MOSAIC,2,3,6016,4016,7267.72,39.36,0.2082,15.31,-2.92,23.93,0.5736,311.86
SMP_06505,mendeley_data,full,MOSAIC,2,3,6016,4016,7242.83,30.69,0.2057,15.71,4.29,29.67,0.7275,264.13
SMP_06506,mendeley_data,full,MOSAIC,2,3,6016,4016,7690.33,57.41,0.1988,15.4,10.52,30.99,0.747,344.96
SMP_06507,mendeley_data,full,MOSAIC,2,3,6016,4016,8355.69,41.19,0.2166,18.6,22.37,22.36,0.6793,288.78
SMP_06508,mendeley_data,full,MOSAIC,2,3,6016,4016,7747.04,55.72,0.1375,27.09,4.09,25.48,0.4841,326.22
SMP_06509,mendeley_data,full,MOSAIC,2,3,6016,4016,8612.06,52.68,0.2037,29.62,6.96,25.74,0.6443,324.54
SMP_06510,mendeley_data,full,MOSAIC,2,3,6016,4016,6969.45,53.74,0.2717,18.29,-0.32,35.67,0.6324,311.9
SMP_06511,mendeley_data,full,MOSAIC,2,3,6016,4016,6793.17,48.4,0.1917,28.79,10.26,26.83,0.6437,271.48
SMP_06512,mendeley_data,full,MOSAIC,2,3,6016,4016,7098.49,52.6,0.2247,23.53,-3.78,28.71,0.772,306.21
SMP_06513,mendeley_data,full,MOSAIC,2,3,6016,4016,7175.37,46.57,0.2201,21.06,4.91,22.41,0.727,301.58
SMP_06514,mendeley_data,full,MOSAIC,2,3,6016,4016,7072.84,40.38,0.2431,34.94,-2.6,28.76,0.7355,257.74
SMP_06515,mendeley_data,full,MOSAIC,2,3,6016,4016,6981.64,36.44,0.2144,22.63,-11.9,25.1,0.7542,252.73
SMP_06516,mendeley_data,full,MOSAIC,2,3,6016,4016,6696.53,19.38,0.2423,18.92,26.55,24.45,0.6523,289.9
SMP_06517,mendeley_data,full,MOSAIC,2,3,6016,4016,6831.11,45.83,0.2254,26.69,11.42,22.54,0.6564,288.83
SMP_06518,mendeley_data,full,MOSAIC,2,3,6016,4016,6411.99,66.23,0.2329,10.15,11.47,27.27,0.6858,249.73
SMP_06519,mendeley_data,full,MOSAIC,2,3,6016,4016,7487.55,56.76,0.2221,18.25,12.27,25.07,0.6401,307.03
SMP_06520,mendeley_data,full,MOSAIC,2,3,6016,4016,6592.37,50.73,0.1497,22.09,16.4,20.2,0.6387,250.54
SMP_06521,mendeley_data,full,MOSAIC,2,3,6016,4016,7091.33,39.19,0.1415,25.75,6.3,20.54,0.7389,299.86
SMP_06522,mendeley_data,full,MOSAIC,2,3,6016,4016,6708.12,59.97,0.1823,21.93,11.95,27.25,0.7207,254.23
SMP_06523,mendeley_data,full,MOSAIC,2,3,6016,4016,7760.68,46.57,0.2776,9.69,1.0,26.57,0.5344,272.44
SMP_06524,mendeley_data,full,MOSAIC,2,3,6016,4016,7608.27,66.9,0.1914,12.92,3.62,29.77,0.6667,289.6
SMP_06525,mendeley_data,full,MOSAIC,2,3,6016,4016,7343.04,36.23,0.2155,16.55,-7.28,26.77,0.7623,280.61
SMP_06526,mendeley_data,full,MOSAIC,2,3,6016,4016,7512.64,39.0,0.1016,21.93,6.62,19.43,0.7348,273.53
SMP_06527,mendeley_data,full,MOSAIC,2,3,6016,4016,7900.02,37.83,0.2097,9.62,0.76,29.43,0.6876,316.11
SMP_06528,mendeley_data,full,MOSAIC,2,3,6016,4016,7254.78,30.21,0.2043,31.27,3.94,20.84,0.7871,308.33
SMP_06529,mendeley_data,full,MOSAIC,2,3,6016,4016,7442.77,36.76,0.0663,22.5,11.63,32.2,0.6515,261.5
SMP_06530,mendeley_data,full,MOSAIC,2,3,6016,4016,7114.47,49.24,0.2145,22.29,7.42,31.77,0.6633,262.91
SMP_06531,mendeley_data,full,MOSAIC,2,3,6016,4016,7776.05,39.45,0.1175,18.61,13.24,22.43,0.5357,341.25
SMP_06532,mendeley_data,full,MOSAIC,2,3,6016,4016,7839.46,1.72,0.1637,8.45,0.27,21.02,0.6792,284.48
SMP_06533,mendeley_data,full,MOSAIC,2,3,6016,4016,6137.93,60.89,0.2497,20.73,8.05,18.79,0.8109,293.95
SMP_06534,mendeley_data,full,MOSAIC,2,3,6016,4016,6588.97,27.79,0.2079,25.99,-0.12,18.21,0.6791,250.16
SMP_06535,mendeley_data,full,MOSAIC,2,3,6016,4016,7351.56,55.07,0.1776,18.77,3.59,35.77,0.6947,263.98
SMP_06536,mendeley_data,full,MOSAIC,2,3,6016,4016,7569.28,48.37,0.1733,28.55,2.55,21.17,0.6674,270.07
SMP_06537,mendeley_data,full,MOSAIC,2,3,6016,4016,6469.39,73.41,0.1791,19.5,-3.11,23.63,0.7118,253.41
SMP_06538,mendeley_data,full,MOSAIC,2,3,6016,4016,6810.44,59.96,0.208,25.57,1.7,40.88,0.6337,298.16
SMP_06539,mendeley_data,full,MOSAIC,2,3,6016,4016,7993.37,41.94,0.14,19.11,9.62,32.92,0.8046,277.69
SMP_06540,mendeley_data,full,MOSAIC,2,3,6016,4016,8519.07,39.58,0.2562,23.03,-2.33,32.15,0.7561,305.49
SMP_06541,mendeley_data,full,MOSAIC,2,3,6016,4016,8548.84,66.03,0.1426,26.95,-0.31,30.01,0.7295,277.66
SMP_06542,mendeley_data,full,MOSAIC,2,3,6016,4016,8711.54,30.29,0.1136,11.36,14.95,32.25,0.7621,306.23
SMP_06543,mendeley_data,full,MOSAIC,2,3,6016,4016,6610.35,50.29,0.2496,25.18,16.34,11.88,0.6779,239.46
SMP_06544,mendeley_data,full,MOSAIC,2,3,6016,4016,7092.55,46.43,0.1782,28.43,11.66,25.22,0.6335,268.27
SMP_06545,mendeley_data,full,MOSAIC,2,3,6016,4016,6245.62,43.88,0.2035,37.52,18.66,21.88,0.7059,238.8
SMP_06546,mendeley_data,full,MOSAIC,2,3,6016,4016,6685.5,52.24,0.2327,20.57,15.92,16.58,0.7637,279.9
SMP_06547,mendeley_data,full,MOSAIC,2,3,6016,4016,6843.53,50.27,0.164,3.21,4.29,17.22,0.6602,267.98
SMP_06548,mendeley_data,full,MOSAIC,2,3,6016,4016,3079.8,53.49,0.2069,5.75,20.91,25.02,0.6592,208.58
SMP_06549,mendeley_data,full,MOSAIC,2,3,6016,4016,5973.3,49.67,0.2324,12.9,17.48,17.56,0.6883,307.27
SMP_06550,mendeley_data,full,MOSAIC,2,3,6016,4016,5341.1,53.01,0.2822,30.26,4.42,24.66,0.5415,236.51
SMP_06551,mendeley_data,full,MOSAIC,2,3,6016,4016,3718.51,49.12,0.1744,37.57,7.01,23.29,0.6074,208.03
SMP_06552,mendeley_data,full,MOSAIC,2,3,6016,4016,6656.79,40.09,0.1769,16.75,-0.29,35.7,0.6399,283.16
SMP_06553,mendeley_data,full,MOSAIC,2,3,6016,4016,5789.33,48.05,0.2282,20.43,4.23,29.89,0.7624,293.93
SMP_06554,mendeley_data,full,MOSAIC,2,3,6016,4016,6013.42,39.43,0.2104,-0.65,-7.44,31.2,0.7085,255.62
SMP_06555,mendeley_data,full,MOSAIC,2,3,6016,4016,7549.25,38.64,0.1931,25.21,0.31,19.49,0.6066,206.63
SMP_06556,mendeley_data,full,MOSAIC,2,3,6016,4016,7480.88,43.97,0.2796,21.08,11.35,33.69,0.7037,253.4
SMP_06557,mendeley_data,full,MOSAIC,2,3,6016,4016,7807.07,46.57,0.1159,18.0,-3.19,29.57,0.6872,228.74
SMP_06558,mendeley_data,full,MOSAIC,2,3,6016,4016,5258.8,48.42,0.1289,12.29,2.49,25.43,0.6442,261.86
SMP_06559,mendeley_data,full,MOSAIC,2,3,6016,4016,6295.88,59.0,0.1165,17.18,9.47,17.31,0.6369,236.01
SMP_06560,mendeley_data,full,MOSAIC,2,3,6016,4016,7262.17,42.02,0.2601,9.24,2.68,28.35,0.8457,258.99
SMP_06561,mendeley_data,full,MOSAIC,2,3,6016,4016,7652.05,50.36,0.2257,13.11,14.21,24.17,0.5554,258.36
SMP_06562,mendeley_data,full,MOSAIC,2,3,6016,4016,6500.66,49.42,0.1315,9.84,14.58,21.93,0.6411,280.22
SMP_06563,mendeley_data,full,MOSAIC,2,3,6016,4016,6934.78,40.7,0.1938,11.86,0.06,27.43,0.737,278.48
SMP_06564,mendeley_data,full,MOSAIC,2,3,6016,4016,6395.02,48.88,0.1986,10.76,1.5,23.72,0.6193,230.19
SMP_06565,mendeley_data,full,MOSAIC,2,3,6016,4016,6335.52,60.03,0.0895,24.62,5.36,25.34,0.6417,260.89
SMP_06566,mendeley_data,full,MOSAIC,2,3,6016,4016,8272.22,50.24,0.2094,10.8,-0.32,18.64,0.597,272.14
SMP_06567,mendeley_data,full,MOSAIC,2,3,6016,4016,8508.89,50.72,0.1411,19.58,18.07,16.65,0.6976,328.5
SMP_06568,mendeley_data,full,MOSAIC,2,3,6016,4016,7988.74,39.54,0.2353,11.26,1.7,34.73,0.7056,309.8
SMP_06569,mendeley_data,full,MOSAIC,2,3,6016,4016,6657.48,71.63,0.1427,11.58,12.29,18.76,0.6043,290.26
SMP_06570,mendeley_data,full,MOSAIC,2,3,6016,4016,4941.99,40.22,0.211,11.26,-6.98,19.04,0.7811,235.24
